,BtoB_RealState($),BtoB_SocialServ($),BtoB_ProfessActiv($),BtoB_ScientifActiv($),BtoB_Education($),BtoB_ArtistActiv($),BtoB_Other($),BtoB_FinanActiv($),BtoB_Information($),BtoB_PublicAdmin($)
0,0,0,0,0,0,0,0,0,0,0
1,0,0,0,0,0,0,0,0,0,0
2,0,0,0,0,0,0,0,0,0,0
3,0,0,0,0,0,0,0,0,0,0
4,0,0,0,0,0,0,0,0,0,0
5,0,0,0,0,0,0,0,0,0,0
6,0,0,0,0,0,0,0,0,0,0
7,0,0,0,0,0,0,0,0,0,0
8,0,0,0,0,0,0,0,0,0,0
9,0,0,0,0,0,0,0,0,0,0
10,0,0,0,0,0,0,0,0,0,0
11,0,0,0,0,0,0,0,0,0,0
12,0,0,0,0,0,0,0,0,0,0
13,0,0,0,0,0,0,0,0,0,0
14,0,0,0,0,0,0,0,0,0,0
15,0,0,0,0,0,0,0,0,0,0
16,0,0,0,0,0,0,0,0,0,0
17,0,0,0,0,0,0,0,0,0,0
18,0,0,0,0,0,0,0,0,0,0
19,0,0,0,0,0,0,0,0,0,0
20,0,0,0,0,0,0,0,0,0,0
21,0,0,0,0,0,0,0,0,0,0
22,0,0,0,0,0,0,0,0,0,0
23,0,0,0,0,0,0,0,0,0,0
24,0,0,0,0,0,0,0,0,0,0
25,0,0,0,0,0,0,0,0,0,0
26,0,0,0,0,0,0,0,0,0,0
27,0,0,0,0,0,0,0,0,0,0
28,0,0,0,0,0,0,0,0,0,0
29,0,0,0,0,0,0,0,0,0,0
30,0,0,0,0,0,0,0,0,0,0
31,0,0,0,0,0,0,0,0,0,0
32,0,0,0,0,0,0,0,0,0,0
33,0,0,0,0,0,0,0,0,0,0
34,0,0,0,0,0,0,0,0,0,0
35,0,0,0,0,0,0,0,0,0,0
36,0,0,0,0,0,0,0,0,0,0
37,0,0,0,0,0,0,0,0,0,0
38,0,0,0,0,0,0,0,0,0,0
39,0,0,0,0,0,0,0,0,0,0
40,0,0,0,0,0,0,0,0,0,0
41,0,0,0,0,0,0,0,0,0,0
42,0,0,0,0,0,0,0,0,0,0
43,0,0,0,0,0,0,0,0,0,0
44,0,0,0,0,0,0,0,0,0,0
45,0,0,0,0,0,0,0,0,0,0
46,0,465,0,0,0,0,0,0,0,0
47,0,465,0,0,0,0,0,0,0,0
48,0,465,0,0,0,0,0,0,0,0
49,0,465,0,0,0,0,0,0,0,0
50,0,1820,0,0,0,0,0,0,0,0
51,0,1820,0,0,0,0,0,0,0,0
52,0,1820,0,0,0,0,0,0,0,0
53,0,1820,0,0,0,0,0,0,0,0
54,0,3845,0,0,0,0,0,0,0,0
55,0,3845,0,0,0,0,0,0,0,0
56,0,3845,0,0,0,0,0,0,0,0
57,0,3845,0,0,0,0,0,0,0,0
58,0,7375,0,0,0,0,0,0,0,0
59,0,7375,0,0,0,0,0,0,0,0
60,0,7375,0,0,0,0,0,0,0,0
61,0,7375,0,0,0,0,0,0,0,0
62,0,10355,0,0,0,0,0,0,0,0
63,0,10440,0,0,0,0,0,0,0,0
64,0,10440,0,0,0,0,0,0,0,0
65,0,10440,0,0,0,0,0,0,0,0
66,0,12530,0,0,0,0,0,0,0,0
67,0,12615,0,0,0,0,0,0,0,0
68,0,12615,0,0,0,0,0,0,0,0
69,0,12615,0,0,0,0,0,0,0,0
70,0,13885,0,0,0,0,0,0,0,0
71,0,14120,0,0,0,0,0,0,0,0
72,0,14120,0,0,0,0,0,0,0,0
73,0,14120,0,0,0,0,0,0,0,0
74,0,14120,0,0,0,0,0,0,0,0
75,0,14120,0,0,0,0,0,0,0,0
76,0,14120,0,0,0,0,0,0,0,0
77,0,14120,0,0,0,0,0,0,0,0
78,0,14120,0,0,0,0,0,0,0,0
79,0,14120,0,0,0,0,0,0,0,0
80,0,14120,0,0,0,0,0,0,0,0
81,0,14120,0,0,0,0,0,0,0,0
82,0,14120,0,0,0,0,0,0,0,0
83,0,14120,0,0,0,0,0,0,0,0
84,0,14120,0,0,0,0,0,0,0,0
85,0,14120,0,0,0,0,0,0,0,0
86,0,14120,0,0,0,0,0,0,0,0
87,0,14120,0,0,0,0,0,0,0,0
88,0,14120,0,0,0,0,0,0,0,0
89,0,14120,0,0,0,0,0,0,0,0
90,0,14120,0,0,0,0,0,0,0,0
91,0,14120,0,0,0,0,0,0,0,0
92,0,14120,0,0,0,0,0,0,0,0
93,0,14120,0,0,0,0,0,0,0,0
94,0,14120,0,0,0,0,0,0,0,0
95,0,14120,0,0,0,0,0,0,0,0
96,0,14120,0,0,0,0,0,0,0,0
97,0,14120,0,0,0,0,0,0,0,0
98,0,14120,0,0,0,0,0,0,0,0
99,0,14120,0,0,0,0,0,0,0,0
100,0,14120,0,0,0,0,0,0,0,0
101,0,14120,0,0,0,0,0,0,0,0
102,0,14120,0,0,0,0,0,0,0,0
103,0,14120,0,0,0,0,0,0,0,0
104,0,14120,0,0,0,0,0,0,0,0
105,0,14120,0,0,0,0,0,0,0,0
106,0,14120,0,0,0,0,0,0,0,0
107,0,14120,0,0,0,0,0,0,0,0
108,0,14120,0,0,0,0,0,0,0,0
109,0,14120,0,0,0,0,0,0,0,0
110,0,14120,0,0,0,0,0,0,0,0
111,0,14120,0,0,0,0,0,0,0,0
112,0,14120,0,0,0,0,0,0,0,0
113,0,14120,0,0,0,0,0,0,0,0
114,0,14120,0,0,0,0,0,0,0,0
115,0,14120,0,0,0,0,0,0,0,0
116,0,14120,0,0,0,0,0,0,0,0
117,0,14120,0,0,0,0,0,0,0,0
118,0,14120,0,0,0,0,0,0,0,0
119,0,14120,0,0,0,0,0,0,0,0
120,0,14120,0,0,0,0,0,0,0,0
121,0,14120,0,0,0,0,0,0,0,0
122,0,14120,0,0,0,0,0,0,0,0
123,0,14120,0,0,0,0,0,0,0,0
124,0,14120,0,0,0,0,0,0,0,0
125,0,14120,0,0,0,0,0,0,0,0
126,0,14585,0,0,0,0,0,0,0,0
127,0,14585,0,0,0,0,0,0,0,0
128,0,14585,0,0,0,0,0,0,0,0
129,0,14585,0,0,0,0,0,0,0,0
130,0,15940,0,0,0,0,0,0,0,0
131,0,15940,0,0,0,0,0,0,0,0
132,0,15940,0,155,0,0,0,0,0,0
133,0,15940,0,360,0,0,0,0,0,0
134,0,17965,0,585,0,0,0,0,0,0
135,0,17965,0,585,0,0,0,0,0,0
136,0,17965,0,740,0,0,0,0,0,0
137,0,17965,0,740,0,0,0,0,0,0
138,0,21170,0,740,0,0,0,0,0,0
139,0,21495,0,965,0,0,0,0,0,0
140,0,21495,0,1170,0,0,0,0,0,0
141,0,21495,0,1170,0,0,0,0,0,0
142,0,24700,0,1375,0,0,0,0,0,0
143,0,25025,0,1375,0,0,0,0,0,0
144,0,25025,0,1375,0,0,0,0,0,0
145,0,25025,0,1375,0,0,0,0,0,0
146,0,28230,0,1375,0,0,0,0,0,0
147,0,28555,0,1375,0,0,0,0,0,0
148,0,28555,0,1375,0,0,0,0,0,0
149,0,28555,0,1375,0,0,0,0,0,0
150,0,31585,0,1375,0,0,0,0,0,0
151,0,32085,0,1375,0,0,0,0,0,0
152,0,32085,0,1375,0,0,0,0,0,0
153,0,32085,0,1375,0,0,0,0,0,0
154,0,35290,0,1375,0,0,0,0,0,0
155,0,35615,0,1375,0,0,0,0,0,0
156,0,35615,0,1375,0,0,0,0,0,0
157,0,35615,0,1375,0,0,0,0,0,0
158,0,38355,0,1375,0,0,0,0,0,0
159,0,38680,0,1375,0,0,0,0,0,0
160,0,38680,0,1375,0,0,0,0,0,0
161,0,38680,0,1375,0,0,0,0,0,0
162,0,40620,0,1375,0,0,0,0,0,0
163,0,40855,0,1375,0,0,0,0,0,0
164,0,40855,0,1375,0,0,0,0,0,0
165,0,40855,0,1375,0,0,0,0,0,0
166,0,42125,0,1375,0,0,0,0,0,0
167,0,42360,0,1375,0,0,0,0,0,0
168,0,42360,0,1375,0,0,0,0,0,0
169,0,42360,0,1375,0,0,0,0,0,0
170,0,42360,0,1375,0,0,0,0,0,0
171,0,42360,0,1375,0,0,0,0,0,0
172,0,42360,0,1375,0,0,0,0,0,0
173,0,42360,0,1375,0,0,0,0,0,0
174,0,42360,0,1375,0,0,0,0,0,0
175,0,42360,0,1375,0,0,0,0,0,0
176,0,42360,0,1375,0,0,0,0,0,0
177,0,42360,0,1375,0,0,0,0,0,0
178,0,42360,0,1375,0,0,0,0,0,0
179,0,42360,0,1375,0,0,0,0,0,0
180,0,42360,0,1375,0,0,0,0,0,0
181,0,42360,0,1375,0,0,0,0,0,0
182,0,42360,0,1375,0,0,0,0,0,0
183,0,42360,0,1375,0,0,0,0,0,0
184,0,42360,0,1375,0,0,0,0,0,0
185,0,42360,0,1375,0,0,0,0,0,0
186,0,42360,0,1375,0,0,0,0,0,0
187,0,42360,0,1375,0,0,0,0,0,0
188,0,42360,0,1375,0,0,0,0,0,0
189,0,42360,0,1375,0,0,0,0,0,0
190,0,42360,0,1375,0,0,0,0,0,0
191,0,42360,0,1375,0,0,0,0,0,0
192,0,42360,0,1375,0,0,0,0,0,0
193,0,42360,0,1375,0,0,0,0,0,0
194,0,42360,0,1375,0,0,0,0,0,0
195,0,42360,0,1375,0,0,0,0,0,0
196,0,42360,0,1375,0,0,0,0,0,0
197,0,42360,0,1375,0,0,0,0,0,0
198,0,42360,0,1375,0,0,0,0,0,0
199,0,42360,0,1375,0,0,0,0,0,0
200,0,42360,0,1375,0,0,0,0,0,0
201,0,42360,0,1375,0,0,0,0,0,0
202,0,42360,0,1375,0,0,0,0,0,0
203,0,42360,0,1375,0,0,0,0,0,0
204,0,42360,0,1375,0,0,0,0,0,0
205,0,42360,0,1375,0,0,0,0,0,0
206,0,42360,0,1375,0,0,0,0,0,0
207,0,42360,0,1375,0,0,0,0,0,0
208,0,42360,0,1375,0,0,0,0,0,0
209,0,42360,0,1375,0,0,0,0,0,0
210,0,42360,0,1375,0,0,0,0,0,0
211,0,42360,0,1375,0,0,0,0,0,0
212,0,42360,0,1375,0,0,0,0,0,0
213,0,42360,0,1375,0,0,0,0,0,0
214,0,42360,0,1375,0,0,0,0,0,0
215,0,42360,0,1375,0,0,0,0,0,0
216,0,42360,0,1375,0,0,0,0,0,0
217,0,42360,0,1375,0,0,0,0,0,0
218,0,42360,0,1375,0,0,0,0,0,0
219,0,42360,0,1375,0,0,0,0,0,0
220,0,42360,0,1375,0,0,0,0,0,0
221,0,42360,0,8190,0,0,0,0,0,0
222,0,42825,0,8190,0,0,0,0,0,0
223,0,42825,0,8855,0,0,0,0,0,0
224,0,42825,0,9060,0,0,0,0,0,0
225,0,42825,0,14520,0,0,0,0,0,0
226,0,44090,0,14960,0,0,0,0,0,0
227,0,44180,0,16030,0,0,0,0,0,0
228,0,44180,0,16580,0,0,0,0,0,0
229,0,44180,0,20335,0,0,0,0,0,0
230,0,46115,0,20725,0,0,0,0,0,0
231,0,46205,0,22840,0,0,0,0,0,0
232,0,46205,0,23880,0,0,0,0,0,0
233,0,46205,0,31165,0,0,0,0,0,0
234,0,49410,0,32255,0,0,0,0,0,0
235,0,49735,0,32880,0,0,0,0,0,0
236,0,49735,0,33020,0,0,0,0,0,0
237,0,49735,0,33970,0,0,0,0,0,0
238,0,52940,0,34910,0,0,0,0,0,0
239,0,53265,0,35050,0,0,0,0,0,0
240,0,53265,0,35580,0,0,0,0,0,0
241,0,53265,0,35785,0,0,0,0,0,0
242,0,56470,0,36095,0,0,0,0,0,0
243,0,56795,0,36095,0,0,0,0,0,0
244,0,56795,0,36405,0,0,0,0,0,0
245,0,56795,0,36405,0,0,0,0,0,0
246,0,60000,0,36405,0,0,0,0,0,0
247,0,60325,0,36715,0,0,0,0,0,0
248,0,60325,0,36715,0,0,0,0,0,0
249,0,60325,0,36715,0,0,0,0,0,0
250,0,63530,0,36715,0,0,0,0,0,0
251,0,63855,0,36715,0,0,0,0,0,0
252,0,63855,0,36715,0,0,0,0,0,0
253,0,63855,0,37590,0,0,0,0,0,0
254,0,66595,0,37590,0,0,0,0,0,0
255,0,66920,0,37590,0,0,0,0,0,0
256,0,66920,0,37590,0,0,0,0,0,0
257,0,66920,0,38115,0,0,0,0,0,0
258,0,68860,0,38115,0,0,0,0,0,0
259,0,69095,0,38115,0,0,0,0,0,0
260,0,69095,0,38115,0,0,0,0,0,0
261,0,69095,0,38115,0,0,0,0,0,0
262,0,70365,0,38525,0,0,0,0,0,0
263,0,70600,0,38525,0,0,0,0,0,0
264,0,70600,0,38525,0,0,0,0,0,0
265,0,70600,0,38525,0,0,0,0,0,0
266,0,70600,0,38525,0,0,0,0,0,0
267,0,70600,0,38525,0,0,0,0,0,0
268,0,70600,0,38525,0,0,0,0,0,0
269,0,70600,0,38525,0,0,0,0,0,0
270,0,70600,0,38525,0,0,0,0,0,0
271,0,70600,0,38525,0,0,0,0,0,0
272,0,70600,0,38525,0,0,0,0,0,0
273,0,70600,0,38525,0,0,0,0,0,0
274,0,70600,0,38525,0,0,0,0,0,0
275,0,70600,0,38525,0,0,0,0,0,0
276,0,70600,0,38525,0,0,0,0,0,0
277,0,70600,0,38525,0,0,0,0,0,0
278,0,70600,0,38525,0,0,0,0,0,0
279,0,70600,0,38525,0,0,0,0,0,0
280,0,70600,0,38525,0,0,0,0,0,0
281,0,70600,0,38525,0,0,0,0,0,0
282,0,70600,0,38525,0,0,0,0,0,0
283,0,70600,0,38525,0,0,0,0,0,0
284,0,70600,0,38525,0,0,0,0,0,0
285,0,70600,0,38525,0,0,0,0,0,0
286,0,70600,0,38525,0,0,0,0,0,0
287,0,70600,0,38525,0,0,0,0,0,0
288,0,70600,0,38525,0,0,0,0,0,0
289,0,70600,0,38525,0,0,0,0,0,0
290,0,70600,0,38525,0,0,0,0,0,0
291,0,70600,0,38525,0,0,0,0,0,0
292,0,70600,0,38525,0,0,0,0,0,0
293,0,70600,0,38525,0,0,0,0,0,0
294,0,70600,0,38525,0,0,0,0,0,0
295,0,70600,0,38525,0,0,0,0,0,0
296,0,70600,0,38525,0,0,0,0,0,0
297,0,70600,0,38525,0,0,0,0,0,0
298,0,70600,0,38525,0,0,0,0,0,0
299,0,70600,0,38525,0,0,0,0,0,0
300,0,70600,0,38525,0,0,0,0,0,0
301,0,70600,0,38525,0,0,0,0,0,0
302,0,70600,0,38525,0,0,0,0,0,0
303,0,70600,0,38525,0,0,0,0,0,0
304,0,70600,0,38525,0,0,0,0,0,0
305,0,70600,0,38525,0,0,0,0,0,0
306,0,70600,0,38525,0,0,0,0,0,0
307,0,70600,0,38525,0,0,0,0,0,0
308,0,70600,0,38525,0,0,0,0,0,0
309,0,70600,0,38525,0,0,0,0,0,0
310,0,70600,0,38525,0,0,0,0,0,0
311,0,70600,0,38525,0,0,0,0,0,0
312,0,70600,0,38525,0,0,0,0,0,0
313,0,70600,0,38525,0,0,0,0,0,0
314,0,70600,0,38525,0,0,0,0,0,0
315,0,70600,0,38525,0,0,0,0,0,0
316,0,70600,0,38525,0,0,0,0,0,0
317,0,70600,0,38525,0,0,0,0,0,0
318,0,70600,0,38525,0,0,0,0,0,0
319,0,71065,0,38525,0,0,0,0,0,0
320,0,71065,0,38525,0,0,0,0,0,0
321,0,71065,0,38525,0,0,0,0,0,0
322,0,72620,0,38525,0,0,0,0,0,0
323,0,72970,0,38525,0,0,0,0,0,0
324,0,73060,0,38525,0,0,0,0,0,0
325,0,73150,0,38525,0,0,0,0,0,0
326,0,73820,0,38525,0,0,0,0,0,0
327,0,74445,0,38525,0,0,0,0,0,0
328,0,74445,0,38525,0,0,0,0,0,0
329,0,74445,0,38525,0,0,0,0,0,0
330,0,75865,0,38525,0,0,0,0,0,0
331,0,77060,0,38525,0,0,0,0,0,0
332,0,77710,0,38525,0,0,0,0,0,0
333,0,78150,0,38525,0,0,0,0,0,0
334,0,78650,0,38525,0,0,0,0,0,0
335,0,80300,0,38525,0,0,0,0,0,0
336,0,81770,0,38525,0,0,0,0,0,0
337,0,81940,0,38525,0,0,0,0,0,0
338,0,82030,0,38525,0,0,0,0,0,0
339,0,83010,0,38525,0,0,0,0,0,0
340,0,84025,0,38525,0,0,0,0,0,0
341,0,84770,0,38525,0,0,0,0,0,0
342,0,85535,0,38525,0,0,0,0,0,0
343,0,86015,0,38525,0,0,0,0,0,0
344,0,87005,0,38525,0,0,0,0,0,0
345,0,88215,0,38525,0,0,0,0,0,0
346,0,89065,0,38525,0,0,0,0,0,0
347,0,89545,0,38525,0,0,0,0,0,0
348,0,90535,0,38525,0,0,0,0,0,0
349,0,91365,0,38525,0,0,0,0,0,0
350,0,92130,0,38525,0,0,0,0,0,0
351,0,92610,0,38525,0,0,0,0,0,0
352,0,93600,0,38525,0,0,0,0,0,0
353,0,93990,0,38525,0,0,0,0,0,0
354,0,94490,0,38525,0,0,0,0,0,0
355,0,94970,0,38525,0,0,0,0,0,0
356,0,95775,0,38525,0,0,0,0,0,0
357,0,95935,0,38525,0,0,0,0,0,0
358,0,96435,0,38525,0,0,0,0,0,0
359,0,96915,0,38525,0,0,0,0,0,0
360,0,97280,0,38525,0,0,0,0,0,0
361,0,97280,0,38525,0,0,0,0,0,0
362,0,97280,0,38525,0,0,0,0,0,0
363,0,97280,0,38525,0,0,0,0,0,0
364,0,97280,0,38525,0,0,0,0,0,0
365,0,97280,0,38525,0,0,0,0,0,0
366,0,97280,0,38525,0,0,0,0,0,0
367,0,97280,0,38525,0,0,0,0,0,0
368,0,97280,0,38525,0,0,0,0,0,0
369,0,97280,0,38525,0,0,0,0,0,0
370,0,97280,0,38525,0,0,0,0,0,0
371,0,97280,0,38525,0,0,0,0,0,0
372,0,97280,0,38525,0,0,0,0,0,0
373,0,97280,0,38525,0,0,0,0,0,0
374,0,97280,0,38525,0,0,0,0,0,0
375,0,97280,0,38525,0,0,0,0,0,0
376,0,97280,0,38525,0,0,0,0,0,0
377,0,97280,0,38525,0,0,0,0,0,0
378,0,97280,0,38525,0,0,0,0,0,0
379,0,97280,0,38525,0,0,0,0,0,0
380,0,97280,0,38525,0,0,0,0,0,0
381,0,97280,0,38525,0,0,0,0,0,0
382,0,97280,0,38525,0,0,0,0,0,0
383,0,97280,0,38525,0,0,0,0,0,0
384,0,97280,0,38525,0,0,0,0,0,0
385,0,97280,0,38525,0,0,0,0,0,0
386,0,97280,0,38525,0,0,0,0,0,0
387,0,97280,0,38525,0,0,0,0,0,0
388,0,97280,0,38525,0,0,0,0,0,0
389,0,97280,0,38525,0,0,0,0,0,0
390,0,97280,0,38525,0,0,0,0,0,0
391,0,97280,0,38525,0,0,0,0,0,0
392,0,97280,0,38525,0,0,0,0,0,0
393,0,97280,0,38525,0,0,0,0,0,0
394,0,97280,0,38525,0,0,0,0,0,0
395,0,97280,0,38525,0,0,0,0,0,0
396,0,97280,0,38525,0,0,0,0,0,0
397,0,97280,0,38525,0,0,0,0,0,0
398,0,97280,0,38525,0,0,0,0,0,0
399,0,97280,0,38525,0,0,0,0,0,0
400,0,97280,0,38525,0,0,0,0,0,0
401,0,97280,0,38525,0,0,0,0,0,0
402,0,97280,0,38525,0,0,0,0,0,0
403,0,97280,0,38525,0,0,0,0,0,0
404,0,97280,0,38525,0,0,0,0,0,0
405,0,97280,0,38525,0,0,0,0,0,0
406,0,97280,0,38525,0,0,0,0,0,0
407,0,97280,0,38525,0,0,0,0,0,0
408,0,97280,0,38525,0,0,0,0,0,0
409,0,97280,0,38525,0,0,0,0,0,0
410,0,97280,0,38525,0,0,0,0,0,0
411,0,97280,0,38525,0,0,0,0,0,0
412,0,97280,0,38525,0,0,0,0,0,0
413,0,97280,0,38525,0,0,0,0,0,0
414,0,97280,0,38525,0,0,0,0,0,0
415,0,97280,0,38525,0,0,0,0,0,0
416,0,97280,0,38525,0,0,0,0,0,0
417,0,97280,0,38525,0,0,0,0,0,0
418,0,97280,0,38525,0,0,0,0,0,0
419,0,97280,0,38525,0,0,0,0,0,0
420,0,97280,0,38525,0,0,0,0,0,0
421,0,97280,0,38525,0,0,0,0,0,0
422,0,97280,0,38525,0,0,0,0,0,0
423,0,97280,0,38525,0,0,0,0,0,0
424,0,97280,0,38525,0,0,0,0,0,0
425,0,97280,0,38525,0,0,0,0,0,0
426,0,97280,0,38525,0,0,0,0,0,0
427,0,97280,0,38525,0,0,0,0,0,0
428,0,97280,0,38525,0,0,0,0,0,0
429,0,97280,0,38525,0,0,0,0,0,0
430,0,97280,0,38525,0,0,0,0,0,0
431,0,97280,0,38525,0,0,0,0,0,0
432,0,97280,0,38525,0,0,0,0,0,0
433,0,97280,0,38525,0,0,0,0,0,0
434,0,97280,0,38525,0,0,0,0,0,0
435,0,97280,0,38525,0,0,0,0,0,0
436,0,97280,0,38525,0,0,0,0,0,0
437,0,97280,0,38525,0,0,0,0,0,0
438,0,97280,0,38525,0,0,0,0,0,0
439,0,97280,0,38525,0,0,0,0,0,0
440,0,97280,0,38525,0,0,0,0,0,0
441,0,97280,0,38525,0,0,0,0,0,0
442,0,97280,0,38525,0,0,0,0,0,0
443,0,97280,0,38525,0,0,0,0,0,0
444,0,97280,0,38525,0,0,0,0,0,0
445,0,97280,0,38525,0,0,0,0,0,0
446,0,97280,0,38525,0,0,0,0,0,0
447,0,97280,0,38525,0,0,0,0,0,0
448,0,97280,0,38525,0,0,0,0,0,0
449,0,97280,0,38525,0,0,0,0,0,0
450,0,97280,0,38525,0,0,0,0,0,0
451,0,97280,0,38525,0,0,0,0,0,0
452,0,97280,0,38525,0,0,0,0,0,0
453,0,97280,0,38525,0,0,0,0,0,0
454,0,97280,0,38525,0,0,0,0,0,0
455,0,97280,0,38525,0,0,0,0,0,0
456,0,97280,0,38525,0,0,0,0,0,0
457,0,97280,0,38525,0,0,0,0,0,0
458,0,97280,0,38525,0,0,0,0,0,0
459,0,97280,0,38525,0,0,0,0,0,0
460,0,97280,0,38525,0,0,0,0,0,0
461,0,97280,0,38525,0,0,0,0,0,0
462,0,97280,0,38525,0,0,0,0,0,0
463,0,97280,0,38525,0,0,0,0,0,0
464,0,97280,0,38525,0,0,0,0,0,0
465,0,97280,0,38525,0,0,0,0,0,0
466,0,97280,0,38525,0,0,0,0,0,0
467,0,97280,0,38525,0,0,0,0,0,0
468,0,97280,0,38525,0,0,0,0,0,0
469,0,97280,0,38525,0,0,0,0,0,0
470,0,97280,0,38525,0,0,0,0,0,0
471,0,97280,0,38525,0,0,0,0,0,0
472,0,97280,0,38525,0,0,0,0,0,0
473,0,97280,0,38525,0,0,0,0,0,0
474,0,97280,0,38525,0,0,0,0,0,0
475,0,97280,0,38525,0,0,0,0,0,0
476,0,97280,0,38525,0,0,0,0,0,0
477,0,97280,0,38525,0,0,0,0,0,0
478,0,97280,0,38525,0,0,0,0,0,0
479,0,97280,0,38525,0,0,0,0,0,0
480,0,97280,0,38525,0,0,0,0,0,0
481,0,97280,0,38525,0,0,0,0,0,0
482,0,97280,0,38525,0,0,0,0,0,0
483,0,97280,0,38525,0,0,0,0,0,0
484,0,97280,0,38525,0,0,0,0,0,0
485,0,97280,0,38525,0,0,0,0,0,0
486,0,97280,0,38525,0,0,0,0,0,0
487,0,97280,0,38525,0,0,0,0,0,0
488,0,97280,0,38525,0,0,0,0,0,0
489,0,97280,0,38525,0,0,0,0,0,0
490,0,97280,0,38525,0,0,0,0,0,0
491,0,97280,0,38525,0,0,0,0,0,0
492,0,97280,0,38525,0,0,0,0,0,0
493,0,97280,0,38525,0,0,0,0,0,0
494,0,97280,0,38525,0,0,0,0,0,0
495,0,97280,0,38525,0,0,0,0,0,0
496,0,97280,0,38525,0,0,0,0,0,0
497,0,97280,0,38525,0,0,0,0,0,0
498,0,97280,0,38525,0,0,0,0,0,0
499,0,97280,0,38525,0,0,0,0,0,0
500,0,97280,0,38525,0,0,0,0,0,0
501,0,97280,0,38525,0,0,0,0,0,0
502,0,97280,0,38525,0,0,0,0,0,0
503,0,97280,0,38525,0,0,0,0,0,0
504,0,97280,0,38525,0,0,0,0,0,0
505,0,97280,0,38525,0,0,0,0,0,0
506,0,97280,0,38525,0,0,0,0,0,0
507,0,97280,0,38525,0,0,0,0,0,0
508,0,97280,0,38525,0,0,0,0,0,0
509,0,97280,0,38525,0,0,0,0,0,0
510,0,97280,0,38525,0,0,0,0,0,0
511,0,97280,0,38525,0,0,0,0,0,0
512,0,97280,0,38525,0,0,0,0,0,0
513,0,97280,0,38525,0,0,0,0,0,0
514,0,97280,0,38525,0,0,0,0,0,0
515,0,97280,0,38525,0,0,0,0,0,0
516,0,97280,0,38525,0,0,0,0,0,0
517,0,97280,0,38525,0,0,0,0,0,0
518,0,97280,0,38525,0,0,0,0,0,0
519,0,97280,0,38525,0,0,0,0,0,0
520,0,97280,0,38525,0,0,0,0,0,0
521,0,97280,0,38525,0,0,0,0,0,0
522,0,97280,0,38525,0,0,0,0,0,0
523,0,97280,0,38525,0,0,0,0,0,0
524,0,97280,0,38525,0,0,0,0,0,0
525,0,97280,0,38525,0,0,0,0,0,0
526,0,97280,0,38525,0,0,0,0,0,0
527,0,97280,0,38525,0,0,0,0,0,0
528,0,97280,0,38525,0,0,0,0,0,0
529,0,97280,0,38525,0,0,0,0,0,0
530,0,97280,0,38525,0,0,0,0,0,0
531,0,97280,0,38525,0,0,0,0,0,0
532,0,97280,0,38525,0,0,0,0,0,0
533,0,97280,0,38525,0,0,0,0,0,0
534,0,97280,0,38525,0,0,0,0,0,0
535,0,97280,0,38525,0,0,0,0,0,0
536,0,97280,0,38525,0,0,0,0,0,0
537,0,97280,0,38525,0,0,0,0,0,0
538,0,97280,0,38525,0,0,0,0,0,0
539,0,97280,0,38525,0,0,0,0,0,0
540,0,97280,0,38525,0,0,0,0,0,0
541,0,97280,0,38525,0,0,0,0,0,0
542,0,97280,0,38525,0,0,0,0,0,0
543,0,97280,0,38525,0,0,0,0,0,0
544,0,97280,0,38525,0,0,0,0,0,0
545,0,97280,0,38525,0,0,0,0,0,0
546,0,97280,0,38525,0,0,0,0,0,0
547,0,97280,0,38525,0,0,0,0,0,0
548,0,97280,0,38525,0,0,0,0,0,0
549,0,97280,0,38525,0,0,0,0,0,0
550,0,97280,0,38525,0,0,0,0,0,0
551,0,97280,0,38525,0,0,0,0,0,0
552,0,97280,0,38525,0,0,0,0,0,0
553,0,97280,0,38525,0,0,0,0,0,0
554,0,97280,0,38525,0,0,0,0,0,0
555,0,97280,0,38525,0,0,0,0,0,0
556,0,97280,0,38525,0,0,0,0,0,0
557,0,97280,0,38525,0,0,0,0,0,0
558,0,97280,0,38525,0,0,0,0,0,0
559,0,97280,0,38525,0,0,0,0,0,0
560,0,97280,0,38525,0,0,0,0,0,0
561,0,97280,0,38525,0,0,0,0,0,0
562,0,97280,0,38525,0,0,0,0,0,0
563,0,97280,0,38525,0,0,0,0,0,0
564,0,97280,0,38525,0,0,0,0,0,0
565,0,97280,0,38525,0,0,0,0,0,0
566,0,97280,0,38525,0,0,0,0,0,0
567,0,97280,0,38525,0,0,0,0,0,0
568,0,97280,0,38525,0,0,0,0,0,0
569,0,97280,0,38525,0,0,0,0,0,0
570,0,97280,0,38525,0,0,0,0,0,0
571,0,97280,0,38525,0,0,0,0,0,0
572,0,97280,0,38525,0,0,0,0,0,0
573,0,97280,0,38525,0,0,0,0,0,0
574,0,97280,0,38525,0,0,0,0,0,0
575,0,97280,0,38525,0,0,0,0,0,0
576,0,97280,0,38525,0,0,0,0,0,0
577,0,97280,0,38525,0,0,0,0,0,0
578,0,97280,0,38525,0,0,0,0,0,0
579,0,97280,0,38525,0,0,0,0,0,0
580,0,97280,0,38525,0,0,0,0,0,0
581,0,97280,0,38525,0,0,0,0,0,0
582,0,97280,0,38525,0,0,0,0,0,0
583,0,97280,0,38525,0,0,0,0,0,0
584,0,97280,0,38525,0,0,0,0,0,0
585,0,97280,0,38525,0,0,0,0,0,0
586,0,97280,0,38525,0,0,0,0,0,0
587,0,97280,0,38525,0,0,0,0,0,0
588,0,97280,0,38525,0,0,0,0,0,0
589,0,97280,0,38525,0,0,0,0,0,0
590,0,97280,0,38525,0,0,0,0,0,0
591,0,97280,0,38525,0,0,0,0,0,0
592,0,97280,0,38525,0,0,0,0,0,0
593,0,97280,0,38525,0,0,0,0,0,0
594,0,97280,0,38525,0,0,0,0,0,0
595,0,97280,0,38525,0,0,0,0,0,0
596,0,97280,0,38525,0,0,0,0,0,0
597,0,97280,0,38525,0,0,0,0,0,0
598,0,97280,0,38525,0,0,0,0,0,0
599,0,97280,0,38525,0,0,0,0,0,0
600,0,97280,0,38525,0,0,0,0,0,0
601,0,97280,0,38525,0,0,0,0,0,0
602,0,97280,0,38525,0,0,0,0,0,0
603,0,97280,0,38525,0,0,0,0,0,0
604,0,97280,0,38525,0,0,0,0,0,0
605,0,97280,0,38525,0,0,0,0,0,0
606,0,97280,0,38525,0,0,0,0,0,0
607,0,97280,0,38525,0,0,0,0,0,0
608,0,97280,0,38525,0,0,0,0,0,0
609,0,97280,0,38525,0,0,0,0,0,0
610,0,97280,0,38525,0,0,0,0,0,0
611,0,97280,0,38525,0,0,0,0,0,0
612,0,97280,0,38525,0,0,0,0,0,0
613,0,97280,0,38525,0,0,0,0,0,0
614,0,97280,0,38525,0,0,0,0,0,0
615,0,97280,0,38525,0,0,0,0,0,0
616,0,97280,0,38525,0,0,0,0,0,0
617,0,97280,0,38525,0,0,0,0,0,0
618,0,97280,0,38525,0,0,0,0,0,0
619,0,97280,0,38525,0,0,0,0,0,0
620,0,97280,0,38525,0,0,0,0,0,0
621,0,97280,0,38525,0,0,0,0,0,0
622,0,97280,0,38525,0,0,0,0,0,0
623,0,97280,0,38525,0,0,0,0,0,0
624,0,97280,0,38525,0,0,0,0,0,0
625,0,97280,0,38525,0,0,0,0,0,0
626,0,97280,0,38525,0,0,0,0,0,0
627,0,97280,0,38525,0,0,0,0,0,0
628,0,97280,0,38525,0,0,0,0,0,0
629,0,97280,0,38525,0,0,0,0,0,0
630,0,97280,0,38525,0,0,0,0,0,0
631,0,97280,0,38525,0,0,0,0,0,0
632,0,97280,0,38525,0,0,0,0,0,0
633,0,97280,0,38525,0,0,0,0,0,0
634,0,97280,0,38525,0,0,0,0,0,0
635,0,97280,0,38525,0,0,0,0,0,0
636,0,97280,0,38525,0,0,0,0,0,0
637,0,97280,0,38525,0,0,0,0,0,0
638,0,97280,0,38525,0,0,0,0,0,0
639,0,97280,0,38525,0,0,0,0,0,0
640,0,97280,0,38525,0,0,0,0,0,0
641,0,97280,0,38525,0,0,0,0,0,0
642,0,97280,0,38525,0,0,0,0,0,0
643,0,97280,0,38525,0,0,0,0,0,0
644,0,97280,0,38525,0,0,0,0,0,0
645,0,97280,0,38525,0,0,0,0,0,0
646,0,97280,0,38525,0,0,0,0,0,0
647,0,97280,0,38525,0,0,0,0,0,0
648,0,97280,0,38525,0,0,0,0,0,0
649,0,97280,0,38525,0,0,0,0,0,0
650,0,97280,0,38525,0,0,0,0,0,0
651,0,97280,0,38525,0,0,0,0,0,0
652,0,97280,0,38525,0,0,0,0,0,0
653,0,97280,0,38525,0,0,0,0,0,0
654,0,97280,0,38525,0,0,0,0,0,0
655,0,97280,0,38525,0,0,0,0,0,0
656,0,97280,0,38525,0,0,0,0,0,0
657,0,97280,0,38525,0,0,0,0,0,0
658,0,97280,0,38525,0,0,0,0,0,0
659,0,97280,0,38525,0,0,0,0,0,0
660,0,97280,0,38525,0,0,0,0,0,0
661,0,97280,0,38525,0,0,0,0,0,0
662,0,97280,0,38525,0,0,0,0,0,0
663,0,97280,0,38525,0,0,0,0,0,0
664,0,97280,0,38525,0,0,0,0,0,0
665,0,97280,0,38525,0,0,0,0,0,0
666,0,97280,0,38525,0,0,0,0,0,0
667,0,97280,0,38525,0,0,0,0,0,0
668,0,97280,0,38525,0,0,0,0,0,0
669,0,97280,0,38525,0,0,0,0,0,0
670,0,97280,0,38525,0,0,0,0,0,0
671,0,97280,0,38525,0,0,0,0,0,0
