,Agent_Commerce($),Agent_Commerce(#),Agent_Catering($),Agent_Catering(#),Agent_Health($),Agent_Health(#),Agent_Recreation($),Agent_Recreation(#),Agent_Transport($),Agent_Transport(#),Agent_Hotel($),Agent_Hotel(#),Agent_RealState($),Agent_RealState(#)
0,0,0,0,0,0,0,0,0,0,0,0,0,0,0
1,0,0,0,0,0,0,0,0,0,0,0,0,0,0
2,0,0,0,0,0,0,0,0,0,0,0,0,0,0
3,0,0,0,0,0,0,0,0,0,0,0,0,0,0
4,0,0,0,0,0,0,0,0,0,0,0,0,0,0
5,0,0,0,0,0,0,0,0,0,0,0,0,0,0
6,0,0,0,0,0,0,0,0,0,0,0,0,0,0
7,0,0,0,0,0,0,0,0,0,0,0,0,0,0
8,0,0,0,0,0,0,0,0,0,0,0,0,0,0
9,0,0,0,0,0,0,0,0,0,0,0,0,0,0
10,0,0,0,0,0,0,0,0,0,0,0,0,0,0
11,0,0,0,0,0,0,0,0,0,0,0,0,0,0
12,0,0,0,0,0,0,0,0,0,0,0,0,0,0
13,0,0,0,0,0,0,0,0,0,0,0,0,0,0
14,0,0,0,0,0,0,0,0,0,0,0,0,0,0
15,0,0,0,0,0,0,0,0,0,0,0,0,0,0
16,0,0,0,0,0,0,0,0,0,0,0,0,0,0
17,0,0,0,0,0,0,0,0,0,0,0,0,0,0
18,0,0,0,0,0,0,0,0,0,0,0,0,0,0
19,0,0,0,0,0,0,0,0,0,0,0,0,0,0
20,0,0,0,0,0,0,0,0,0,0,0,0,0,0
21,0,0,0,0,0,0,0,0,0,0,0,0,0,0
22,0,0,0,0,0,0,0,0,0,0,0,0,0,0
23,0,0,0,0,0,0,0,0,0,0,0,0,0,0
24,0,0,0,0,0,0,0,0,0,0,0,0,0,0
25,0,0,0,0,0,0,0,0,0,0,0,0,0,0
26,0,0,0,0,0,0,0,0,0,0,0,0,0,0
27,0,0,0,0,0,0,0,0,0,0,0,0,0,0
28,0,0,0,0,0,0,0,0,0,0,0,0,0,0
29,0,0,0,0,0,0,0,0,0,0,0,0,0,0
30,0,0,0,0,0,0,0,0,0,0,0,0,0,0
31,1400,14,0,0,0,0,0,0,2667,27,1681,17,0,0
32,4000,40,0,0,0,0,0,0,6817,69,3459,35,0,0
33,7500,75,0,0,0,0,0,0,10368,105,5138,52,0,0
34,10000,100,0,0,0,0,0,0,14909,151,7409,75,0,0
35,16800,168,0,0,0,0,0,0,19933,202,10957,111,0,0
36,23896,239,0,0,0,0,0,0,26337,267,14196,144,0,0
37,30082,301,0,0,0,0,0,0,32047,325,17924,182,0,0
38,37245,373,0,0,0,0,0,0,37534,381,21744,221,0,0
39,46755,469,100,1,0,0,0,0,45679,464,25956,264,0,0
40,56247,565,200,2,0,0,0,0,54493,554,31144,317,0,0
41,65710,661,200,2,0,0,0,0,62782,639,35336,360,0,0
42,75143,757,800,8,0,0,0,0,71450,728,40010,408,0,0
43,89286,901,2200,22,0,0,0,0,81984,836,45657,466,0,0
44,103664,1048,4600,46,0,0,0,0,95058,970,51887,530,0,0
45,116637,1181,8500,85,0,0,0,0,106927,1092,58002,593,0,0
46,130929,1328,14900,149,0,0,0,0,118673,1213,64207,657,0,0
47,144404,1467,24200,242,0,0,0,0,130298,1333,69913,716,0,0
48,158619,1614,36500,365,0,0,0,0,141691,1451,75603,775,0,0
49,171722,1750,52300,523,0,0,0,0,153937,1578,81766,839,0,0
50,185465,1893,73900,739,0,0,0,0,166163,1705,87334,897,0,0
51,198693,2031,97600,976,0,0,0,0,177560,1824,93470,961,0,0
52,212285,2173,123700,1237,0,0,0,0,189442,1948,99888,1028,0,0
53,225940,2316,152200,1522,0,0,0,0,200694,2066,105137,1083,0,0
54,239462,2458,180700,1807,0,0,0,0,212527,2190,111139,1146,0,0
55,250940,2579,212900,2129,0,0,0,0,224423,2315,117134,1209,0,0
56,263838,2715,238000,2380,0,0,0,0,235916,2436,123313,1274,0,0
57,276129,2845,264700,2647,0,0,0,0,247581,2559,129302,1337,0,0
58,288148,2972,289800,2898,0,0,0,0,258739,2677,134777,1395,0,0
59,299829,3096,312100,3121,0,0,0,0,269775,2794,140355,1454,0,0
60,310915,3214,331600,3316,0,0,0,0,282050,2924,146494,1519,0,0
61,320679,3318,369400,3694,0,0,0,0,291202,3021,150993,1567,0,0
62,329361,3411,383000,3830,0,0,0,0,298300,3097,154910,1609,0,0
63,337210,3495,392500,3925,0,0,0,0,306155,3181,159011,1653,0,0
64,345112,3580,401800,4018,0,0,0,0,313605,3261,162814,1694,0,0
65,352338,3657,431100,4311,0,0,0,0,320938,3339,165723,1725,0,0
66,360420,3743,436700,4367,0,0,0,0,326897,3403,167852,1748,0,0
67,367057,3814,441000,4410,0,0,0,0,332181,3460,170074,1772,0,0
68,375411,3903,443300,4433,0,0,0,0,338040,3523,172298,1796,0,0
69,380201,3954,469300,4693,0,0,0,0,342057,3566,174079,1815,0,0
70,389883,4057,471300,4713,0,0,0,0,346295,3611,175380,1829,0,0
71,394353,4105,472400,4724,0,0,0,0,349172,3642,176679,1843,0,0
72,399366,4159,472700,4727,0,0,0,0,352625,3679,178266,1860,0,0
73,402577,4193,499100,4991,0,0,0,0,353689,3690,178266,1860,0,0
74,407066,4240,499400,4994,0,0,0,0,353689,3690,178266,1860,0,0
75,408407,4254,499700,4997,0,0,0,0,353689,3690,178266,1860,0,0
76,409467,4265,500000,5000,0,0,0,0,353689,3690,178266,1860,0,0
77,410814,4279,500000,5000,0,0,0,0,353689,3690,178266,1860,0,0
78,411589,4287,500000,5000,0,0,0,0,353689,3690,178266,1860,0,0
79,411687,4288,500000,5000,0,0,0,0,353689,3690,178266,1860,0,0
80,411881,4290,500000,5000,0,0,0,0,353689,3690,178266,1860,0,0
81,411881,4290,500000,5000,0,0,0,0,353689,3690,178266,1860,0,0
82,411881,4290,500000,5000,0,0,0,0,353689,3690,178266,1860,0,0
83,411881,4290,500000,5000,0,0,100,1,353689,3690,178266,1860,0,0
84,411881,4290,500000,5000,0,0,400,4,353689,3690,178266,1860,0,0
85,411881,4290,500100,5001,0,0,700,7,353689,3690,178266,1860,0,0
86,411881,4290,500100,5001,0,0,1000,10,353689,3690,178266,1860,0,0
87,411881,4290,500100,5001,0,0,1800,18,353689,3690,178266,1860,0,0
88,411881,4290,500200,5002,0,0,2200,22,353689,3690,178266,1860,0,0
89,411881,4290,500500,5005,0,0,3300,33,353689,3690,178266,1860,0,0
90,411881,4290,501000,5010,0,0,4700,47,353689,3690,178266,1860,0,0
91,411881,4290,501400,5014,0,0,6000,60,353689,3690,178266,1860,0,0
92,411881,4290,502400,5024,0,0,6800,68,353689,3690,178266,1860,0,0
93,411881,4290,504000,5040,0,0,8000,80,353689,3690,178266,1860,0,0
94,411881,4290,505500,5055,0,0,9300,93,353689,3690,178266,1860,0,0
95,411881,4290,508900,5089,0,0,12200,122,353689,3690,178266,1860,0,0
96,411881,4290,512000,5120,0,0,14900,149,353689,3690,178266,1860,0,0
97,411881,4290,517400,5174,0,0,17300,173,353689,3690,178266,1860,0,0
98,411881,4290,520100,5201,0,0,17300,173,353689,3690,178266,1860,0,0
99,411881,4290,523500,5235,0,0,17300,173,353689,3690,178266,1860,0,0
100,411881,4290,527800,5278,0,0,17300,173,353689,3690,178266,1860,0,0
101,411881,4290,533100,5331,0,0,17300,173,353689,3690,178266,1860,0,0
102,411881,4290,539700,5397,0,0,17300,173,353689,3690,178266,1860,0,0
103,411881,4290,546200,5462,0,0,17300,173,353689,3690,178266,1860,0,0
104,411881,4290,554400,5544,0,0,17300,173,353689,3690,178266,1860,0,0
105,411881,4290,564100,5641,0,0,17300,173,353689,3690,178266,1860,0,0
106,411881,4290,573600,5736,0,0,17300,173,353689,3690,178266,1860,0,0
107,411881,4290,582800,5828,0,0,17300,173,353689,3690,178266,1860,0,0
108,411881,4290,589000,5890,0,0,17300,173,353689,3690,178266,1860,0,0
109,411881,4290,596800,5968,0,0,17300,173,353689,3690,178266,1860,0,0
110,411881,4290,604200,6042,0,0,17300,173,353689,3690,178266,1860,0,0
111,411881,4290,610500,6105,0,0,17300,173,353689,3690,178266,1860,0,0
112,411881,4290,614100,6141,0,0,17300,173,353689,3690,178266,1860,0,0
113,411881,4290,616600,6166,0,0,17300,173,353689,3690,178266,1860,0,0
114,411881,4290,618300,6183,0,0,17300,173,353689,3690,178266,1860,0,0
115,411881,4290,619900,6199,0,0,17300,173,353689,3690,178266,1860,0,0
116,411881,4290,620800,6208,0,0,17300,173,353689,3690,178266,1860,0,0
117,411881,4290,621900,6219,0,0,17300,173,353689,3690,178266,1860,0,0
118,411881,4290,622100,6221,0,0,17300,173,353689,3690,178266,1860,0,0
119,411881,4290,622100,6221,0,0,17300,173,353689,3690,178266,1860,0,0
120,411881,4290,622100,6221,0,0,17300,173,353689,3690,178266,1860,0,0
121,411881,4290,622100,6221,0,0,17300,173,353689,3690,178266,1860,0,0
122,411881,4290,622100,6221,0,0,17300,173,353689,3690,178266,1860,0,0
123,411881,4290,622100,6221,0,0,17300,173,353689,3690,178266,1860,0,0
124,411881,4290,622100,6221,0,0,17300,173,353689,3690,178266,1860,0,0
125,413860,4311,622100,6221,0,0,17300,173,356854,3724,178356,1861,0,0
126,416034,4334,622100,6221,0,0,17300,173,360304,3761,178356,1861,0,0
127,418774,4363,622100,6221,0,0,17300,173,364040,3801,178356,1861,0,0
128,420946,4386,622100,6221,0,0,17300,173,367108,3834,178356,1861,0,0
129,426083,4441,623388,6234,0,0,17300,173,372787,3895,178568,1864,0,0
130,430756,4491,624576,6246,0,0,17300,173,378330,3955,178873,1868,0,0
131,437114,4559,626360,6264,0,0,17300,173,383406,4010,179003,1870,0,0
132,441681,4608,628241,6283,0,0,17300,173,389427,4075,179287,1874,0,0
133,448367,4680,633882,6340,0,0,17300,173,396527,4153,179548,1878,0,0
134,456083,4763,640114,6403,0,0,17300,173,404667,4242,179895,1883,0,0
135,464384,4852,645255,6455,0,0,17300,173,412599,4329,180293,1889,0,0
136,471090,4924,651775,6521,0,0,17300,173,419961,4410,180543,1893,0,0
137,481863,5041,662548,6630,0,0,17300,173,430217,4523,181017,1900,0,0
138,492658,5158,674903,6755,0,0,17300,173,441997,4652,181486,1907,0,0
139,503313,5274,688140,6889,0,0,17300,173,453489,4778,181950,1914,0,0
140,514541,5396,700084,7010,0,0,17300,173,464206,4896,182321,1920,0,0
141,525464,5515,712011,7131,0,0,17300,173,474845,5014,182686,1926,0,0
142,535742,5627,724721,7260,0,0,17300,173,487213,5150,183046,1932,0,0
143,548070,5761,735936,7374,0,0,17300,173,497668,5266,183400,1938,0,0
144,559648,5887,747540,7492,0,0,17300,173,509119,5393,183749,1944,0,0
145,570358,6004,757955,7598,0,0,17300,173,520209,5516,184093,1950,0,0
146,579770,6107,770229,7723,0,0,17300,173,530195,5628,184432,1956,0,0
147,590290,6222,780833,7831,0,0,17300,173,541545,5754,184766,1962,0,0
148,599110,6319,791520,7940,0,0,17300,173,552598,5878,185094,1968,0,0
149,608500,6423,801515,8042,0,0,17300,173,563643,6001,185418,1974,0,0
150,617828,6525,812398,8153,0,0,17300,173,574270,6121,185682,1979,0,0
151,626896,6625,823159,8263,0,0,17300,173,585036,6242,186051,1986,0,0
152,634107,6705,833628,8370,0,0,17300,173,596338,6369,186360,1992,0,0
153,642314,6796,844592,8482,0,0,17300,173,606586,6485,186665,1998,0,0
154,649904,6880,854284,8581,0,0,17300,173,618211,6615,186965,2004,0,0
155,656169,6950,866824,8709,0,0,17300,173,629081,6738,187261,2010,0,0
156,661637,7011,875920,8802,0,0,17300,173,638866,6849,187552,2016,0,0
157,667616,7078,896914,9016,0,0,17300,173,647495,6948,187915,2023,0,0
158,672984,7138,909053,9140,0,0,17300,173,655291,7037,188386,2031,0,0
159,678203,7196,921187,9264,0,0,17300,173,662833,7123,188757,2038,0,0
160,682745,7247,932251,9377,0,0,17300,173,670128,7207,189123,2045,0,0
161,686530,7289,952047,9579,0,0,17300,173,676157,7277,189563,2052,0,0
162,690355,7331,960584,9666,0,0,17300,173,681599,7340,189852,2057,0,0
163,693887,7370,970394,9766,0,0,17300,173,687004,7403,190041,2061,0,0
164,696482,7399,980996,9874,0,0,17300,173,692682,7469,190227,2065,0,0
165,699902,7437,999257,10060,0,0,17300,173,695912,7506,190602,2070,0,0
166,702903,7470,1006523,10134,0,0,17300,173,699327,7545,190705,2072,0,0
167,704429,7487,1013520,10205,0,0,17300,173,703020,7587,190806,2074,0,0
168,706610,7511,1019035,10261,0,0,17300,173,706036,7622,191002,2077,0,0
169,708790,7535,1034895,10423,0,0,17300,173,706410,7626,191175,2079,0,0
170,711657,7566,1040611,10481,0,0,17300,173,706410,7626,191175,2079,0,0
171,713592,7587,1045522,10531,0,0,17300,173,706410,7626,191175,2079,0,0
172,715907,7612,1049852,10575,0,0,17300,173,706410,7626,191175,2079,0,0
173,718052,7635,1054285,10620,0,0,17300,173,706410,7626,191175,2079,0,0
174,720127,7658,1058024,10658,0,0,17300,173,706410,7626,191175,2079,0,0
175,722070,7679,1060675,10685,0,0,17300,173,706410,7626,191175,2079,0,0
176,723826,7698,1062741,10706,0,0,17300,173,706410,7626,191175,2079,0,0
177,724566,7706,1065105,10730,0,0,17300,173,706410,7626,191271,2080,0,0
178,725947,7721,1067659,10756,0,0,17300,173,706410,7626,191271,2080,0,0
179,727681,7740,1070020,10780,0,0,17300,173,706410,7626,191271,2080,0,0
180,729241,7757,1072787,10808,0,0,17300,173,706410,7626,191271,2080,0,0
181,730546,7771,1075648,10837,0,0,17300,173,706410,7626,191271,2080,0,0
182,731287,7779,1077621,10857,0,0,17300,173,706410,7626,191271,2080,0,0
183,731742,7784,1080178,10883,0,0,17300,173,706410,7626,191271,2080,0,0
184,732385,7791,1084218,10924,0,0,17300,173,706410,7626,191271,2080,0,0
185,732826,7796,1087075,10953,0,0,17300,173,706410,7626,191271,2080,0,0
186,733466,7803,1091205,10995,0,0,17300,173,706410,7626,191271,2080,0,0
187,733844,7807,1096329,11047,0,0,17300,173,706410,7626,191271,2080,0,0
188,734118,7810,1100766,11092,0,0,17300,173,706410,7626,191271,2080,0,0
189,734854,7818,1104802,11133,0,0,17300,173,706410,7626,191271,2080,0,0
190,735231,7822,1109925,11185,0,0,17300,173,706410,7626,191271,2080,0,0
191,735771,7828,1114747,11234,0,0,17300,173,706410,7626,191271,2080,0,0
192,735956,7830,1120163,11289,0,0,17300,173,706410,7626,191271,2080,0,0
193,736416,7835,1124100,11329,0,0,17300,173,706410,7626,191271,2080,0,0
194,736695,7838,1128321,11372,0,0,17300,173,706410,7626,191271,2080,0,0
195,737336,7845,1132839,11418,0,0,17300,173,706410,7626,191271,2080,0,0
196,737693,7849,1136383,11454,0,0,17300,173,706410,7626,191271,2080,0,0
197,738245,7855,1139834,11489,0,0,17300,173,706410,7626,191271,2080,0,0
198,738338,7856,1143186,11523,0,0,17300,173,706410,7626,191271,2080,0,0
199,738525,7858,1146925,11561,0,0,17300,173,706410,7626,191271,2080,0,0
200,738525,7858,1151163,11604,0,0,17300,173,706410,7626,191271,2080,0,0
201,738525,7858,1155294,11646,0,0,17300,173,706410,7626,191271,2080,0,0
202,738715,7860,1157361,11667,0,0,17300,173,706410,7626,191271,2080,0,0
203,738988,7863,1158938,11683,0,0,17300,173,706410,7626,191271,2080,0,0
204,739174,7865,1160122,11695,0,0,17300,173,706410,7626,191271,2080,0,0
205,739261,7866,1161503,11709,0,0,17300,173,706410,7626,191271,2080,0,0
206,739452,7868,1162195,11716,0,0,17300,173,706410,7626,191271,2080,0,0
207,739547,7869,1162886,11723,0,0,17300,173,706410,7626,191271,2080,0,0
208,739547,7869,1163869,11733,0,0,17300,173,706410,7626,191271,2080,0,0
209,739641,7870,1164264,11737,0,0,17300,173,706410,7626,191271,2080,0,0
210,739641,7870,1164660,11741,0,0,17300,173,706410,7626,191271,2080,0,0
211,739730,7871,1165153,11746,0,0,17300,173,706410,7626,191271,2080,0,0
212,739730,7871,1165746,11752,0,0,17300,173,706410,7626,191271,2080,0,0
213,739730,7871,1165845,11753,0,0,17300,173,706410,7626,191271,2080,0,0
214,739730,7871,1165943,11754,0,0,17300,173,706410,7626,191271,2080,0,0
215,739730,7871,1165943,11754,0,0,17300,173,706410,7626,191271,2080,0,0
216,739730,7871,1165943,11754,0,0,17300,173,706410,7626,191271,2080,0,0
217,739730,7871,1165943,11754,0,0,17300,173,706410,7626,191271,2080,0,0
218,739730,7871,1165943,11754,0,0,17300,173,706410,7626,191271,2080,0,0
219,739730,7871,1165943,11754,0,0,17300,173,706410,7626,191271,2080,0,0
220,739730,7871,1165943,11754,0,0,17300,173,706410,7626,191271,2080,0,0
221,739730,7871,1165943,11754,0,0,17300,173,709226,7658,191271,2080,0,0
222,739730,7871,1165943,11754,0,0,17300,173,712870,7699,191271,2080,0,0
223,739730,7871,1165943,11754,0,0,17300,173,716235,7737,191271,2080,0,0
224,739730,7871,1166128,11756,0,0,17300,173,719693,7776,191271,2080,0,0
225,739822,7872,1170134,11798,0,0,17300,173,724352,7829,191341,2082,0,0
226,739822,7872,1176524,11865,0,0,17300,173,729221,7885,191409,2084,0,0
227,739822,7872,1182230,11925,0,0,17300,173,734754,7948,191475,2086,0,0
228,739822,7872,1188897,11995,0,0,17300,173,739822,8006,191539,2088,0,0
229,739822,7872,1201975,12132,0,0,17300,173,747453,8095,191680,2092,0,0
230,739822,7872,1216866,12288,0,0,17300,173,754324,8175,191817,2096,0,0
231,739822,7872,1232048,12448,0,0,17300,173,762015,8265,191951,2100,0,0
232,739822,7872,1250201,12639,0,0,17300,173,769179,8349,192081,2104,0,0
233,739822,7872,1272497,12873,0,0,17376,174,779640,8471,192306,2110,0,0
234,739910,7873,1297009,13130,0,0,17529,176,789763,8591,192526,2116,0,0
235,740096,7875,1318464,13356,0,0,17680,178,799583,8707,192682,2121,0,0
236,740189,7876,1339840,13582,0,0,17906,181,810162,8831,192953,2128,0,0
237,740463,7879,1359873,13794,0,0,18129,184,820271,8951,193160,2134,0,0
238,740640,7881,1376814,13974,0,0,18495,189,831024,9078,193361,2140,0,0
239,740988,7885,1392642,14142,0,0,18856,194,841600,9203,193499,2145,0,0
240,741438,7890,1405756,14282,0,0,19212,199,851991,9326,193751,2152,0,0
241,741788,7894,1419448,14428,0,0,19563,204,862197,9447,193942,2158,0,0
242,741872,7895,1431674,14559,0,0,19977,210,871877,9564,194071,2163,0,0
243,742409,7901,1442032,14670,0,0,20385,216,882112,9686,194198,2168,0,0
244,742841,7906,1451573,14772,0,0,20851,223,892819,9814,194322,2173,0,0
245,743475,7913,1460874,14872,0,0,21378,231,903452,9941,194445,2178,0,0
246,744198,7921,1467277,14941,0,0,21833,238,913287,10060,194567,2183,0,0
247,744733,7927,1474308,15017,0,0,22408,247,923202,10180,194687,2188,0,0
248,745468,7935,1478988,15068,0,0,22911,255,933727,10306,194806,2193,0,0
249,746034,7942,1484210,15124,0,0,23406,263,943239,10421,194923,2198,0,0
250,746299,7945,1489366,15179,0,0,23957,272,953449,10546,195039,2203,0,0
251,746986,7953,1492958,15218,0,0,24559,282,963658,10670,195153,2208,0,0
252,747593,7960,1495376,15244,0,0,25152,292,973597,10790,195233,2212,0,0
253,748387,7969,1519430,15498,0,0,25560,299,981903,10892,195494,2220,0,0
254,748811,7974,1522998,15536,0,0,25961,306,988843,10977,195606,2225,0,0
255,749403,7981,1524711,15554,0,0,26355,313,995316,11058,195717,2230,0,0
256,749865,7986,1526419,15572,0,0,26742,320,1002510,11147,195828,2235,0,0
257,750487,7993,1549139,15812,0,0,26961,324,1007547,11210,195898,2238,0,0
258,750844,7997,1551060,15832,0,0,27177,328,1012659,11274,195968,2241,0,0
259,751117,8000,1552225,15844,0,0,27389,332,1017821,11338,196037,2244,0,0
260,751396,8003,1552807,15850,0,0,27597,336,1022542,11398,196106,2247,0,0
261,751665,8006,1574299,16077,0,0,27647,337,1026428,11445,196358,2252,0,0
262,751759,8007,1575364,16088,0,0,27696,338,1029269,11480,196378,2253,0,0
263,751834,8008,1576141,16096,0,0,27744,339,1032622,11521,196398,2254,0,0
264,751921,8009,1576917,16104,0,0,27791,340,1035364,11555,196418,2255,0,0
265,752012,8010,1595220,16298,0,0,27791,340,1035978,11562,196650,2259,0,0
266,752098,8011,1596575,16312,0,0,27791,340,1035978,11562,196650,2259,0,0
267,752098,8011,1597229,16319,0,0,27791,340,1035978,11562,196650,2259,0,0
268,752189,8012,1597714,16324,0,0,27791,340,1035978,11562,196650,2259,0,0
269,752379,8014,1597907,16326,0,0,27791,340,1035978,11562,196650,2259,0,0
270,752557,8016,1598383,16331,0,0,27791,340,1035978,11562,196650,2259,0,0
271,752804,8019,1599134,16339,0,0,27791,340,1035978,11562,196650,2259,0,0
272,752985,8021,1599326,16341,0,0,27791,340,1035978,11562,196650,2259,0,0
273,753079,8022,1600188,16350,0,0,27791,340,1035978,11562,196650,2259,0,0
274,753156,8023,1601792,16367,0,0,27791,340,1035978,11562,196650,2259,0,0
275,753237,8024,1603659,16387,0,0,27791,340,1035978,11562,196650,2259,0,0
276,753503,8027,1606213,16414,0,0,27791,340,1035978,11562,196650,2259,0,0
277,753503,8027,1608963,16443,0,0,27791,340,1035978,11562,196650,2259,0,0
278,753850,8031,1612186,16477,0,0,27791,340,1035978,11562,196650,2259,0,0
279,753935,8032,1616931,16527,0,0,27791,340,1035978,11562,196650,2259,0,0
280,754219,8035,1621504,16575,0,0,27791,340,1035978,11562,196650,2259,0,0
281,754573,8039,1627544,16639,0,0,27791,340,1035978,11562,196650,2259,0,0
282,754666,8040,1634787,16716,0,0,27791,340,1035978,11562,196650,2259,0,0
283,755292,8047,1642331,16796,0,0,27791,340,1035978,11562,196650,2259,0,0
284,755635,8051,1651788,16896,0,0,27791,340,1035978,11562,196650,2259,0,0
285,755815,8053,1661425,16998,0,0,27791,340,1035978,11562,196650,2259,0,0
286,756055,8056,1671653,17106,0,0,27791,340,1035978,11562,196650,2259,0,0
287,756293,8059,1680981,17204,0,0,27791,340,1035978,11562,196650,2259,0,0
288,756626,8063,1691711,17318,0,0,27791,340,1035978,11562,196650,2259,0,0
289,756887,8066,1702492,17431,0,0,27791,340,1035978,11562,196650,2259,0,0
290,756887,8066,1708402,17494,0,0,27791,340,1035978,11562,196650,2259,0,0
291,756887,8066,1714441,17558,0,0,27791,340,1035978,11562,196650,2259,0,0
292,756887,8066,1722048,17639,0,0,27791,340,1035978,11562,196650,2259,0,0
293,756982,8067,1729099,17714,0,0,27791,340,1035978,11562,196650,2259,0,0
294,756982,8067,1735340,17780,0,0,27791,340,1035978,11562,196650,2259,0,0
295,756982,8067,1741202,17842,0,0,27791,340,1035978,11562,196650,2259,0,0
296,756982,8067,1747156,17905,0,0,27791,340,1035978,11562,196650,2259,0,0
297,756982,8067,1751816,17954,0,0,27791,340,1035978,11562,196650,2259,0,0
298,756982,8067,1756505,18003,0,0,27791,340,1035978,11562,196650,2259,0,0
299,756982,8067,1760511,18045,0,0,27791,340,1035978,11562,196650,2259,0,0
300,756982,8067,1764888,18091,0,0,27791,340,1035978,11562,196650,2259,0,0
301,756982,8067,1769449,18139,0,0,27791,340,1035978,11562,196650,2259,0,0
302,756982,8067,1773225,18179,0,0,27791,340,1035978,11562,196650,2259,0,0
303,756982,8067,1778149,18231,0,0,27791,340,1035978,11562,196650,2259,0,0
304,756982,8067,1780822,18259,0,0,27791,340,1035978,11562,196650,2259,0,0
305,756982,8067,1783021,18282,0,0,27791,340,1035978,11562,196650,2259,0,0
306,756982,8067,1785501,18308,0,0,27791,340,1035978,11562,196650,2259,0,0
307,756982,8067,1788156,18336,0,0,27791,340,1035978,11562,196650,2259,0,0
308,756982,8067,1790258,18358,0,0,27791,340,1035978,11562,196650,2259,0,0
309,756982,8067,1792663,18383,0,0,27791,340,1035978,11562,196650,2259,0,0
310,756982,8067,1794967,18407,0,0,27791,340,1035978,11562,196650,2259,0,0
311,756982,8067,1797156,18430,0,0,27791,340,1035978,11562,196650,2259,0,0
312,756982,8067,1798667,18446,0,0,27791,340,1035978,11562,196650,2259,0,0
313,756982,8067,1801146,18472,0,0,27791,340,1035978,11562,196650,2259,0,0
314,756982,8067,1802374,18485,0,0,27791,340,1035978,11562,196650,2259,0,0
315,756982,8067,1803615,18498,0,0,27791,340,1035978,11562,196650,2259,0,0
316,756982,8067,1804751,18510,0,0,27791,340,1035978,11562,196650,2259,0,0
317,756982,8067,1808126,18548,0,0,27966,343,1038062,11587,196650,2259,0,0
318,756982,8067,1813371,18606,0,0,28138,346,1041243,11625,196650,2259,0,0
319,756982,8067,1818425,18663,0,0,28308,349,1044469,11664,196650,2259,0,0
320,756982,8067,1822248,18706,0,0,28475,352,1047930,11705,196650,2259,0,0
321,756982,8067,1828438,18776,0,0,28747,357,1051999,11755,196690,2261,0,0
322,756982,8067,1834366,18843,0,0,29120,364,1057286,11818,196730,2263,0,0
323,756982,8067,1840083,18908,0,0,29434,370,1062082,11877,196770,2265,0,0
324,756982,8067,1846567,18981,0,0,29742,376,1066977,11936,196810,2267,0,0
325,756982,8067,1851220,19034,0,0,30198,385,1073523,12018,196898,2271,0,0
326,757079,8068,1858343,19114,0,0,30646,394,1079940,12097,196986,2275,0,0
327,757079,8068,1864867,19187,0,0,31085,403,1086745,12183,197074,2279,0,0
328,757079,8068,1869584,19241,0,0,31516,412,1093405,12266,197161,2283,0,0
329,757173,8069,1875948,19313,0,0,31984,422,1101613,12370,197268,2288,0,0
330,757173,8069,1881965,19380,0,0,32442,432,1110905,12487,197374,2293,0,0
331,757173,8069,1887319,19440,0,0,32890,442,1120728,12610,197480,2298,0,0
332,757173,8069,1891362,19487,0,0,33328,452,1130656,12733,197586,2303,0,0
333,757173,8069,1896879,19549,0,0,33757,462,1139453,12845,197646,2306,0,0
334,757173,8069,1900184,19586,0,0,34176,472,1148393,12958,197796,2313,0,0
335,757457,8072,1904861,19639,0,0,34545,481,1157578,13075,197901,2318,0,0
336,757549,8073,1908229,19677,0,0,34984,492,1165598,13177,198006,2323,0,0
337,757549,8073,1912660,19726,0,0,35333,501,1174258,13286,198111,2328,0,0
338,757549,8073,1916094,19764,0,0,35754,512,1183471,13403,198215,2333,0,0
339,757645,8074,1918888,19795,0,0,36126,522,1191945,13513,198295,2337,0,0
340,757645,8074,1922228,19832,0,0,36488,532,1200558,13623,198423,2343,0,0
341,757645,8074,1926331,19878,0,0,36841,542,1210019,13744,198527,2348,0,0
342,757835,8076,1929659,19915,0,0,37185,552,1219755,13869,198607,2352,0,0
343,758024,8078,1933092,19953,0,0,37519,562,1229003,13987,198735,2358,0,0
344,758214,8080,1936449,19991,0,0,37843,572,1236625,14087,198839,2363,0,0
345,758309,8081,1939706,20026,0,0,38157,582,1244620,14191,198942,2368,0,0
346,758405,8082,1942492,20057,0,0,38461,592,1251296,14280,199022,2372,0,0
347,758405,8082,1945333,20089,0,0,38755,602,1258828,14379,199102,2376,0,0
348,758594,8084,1947609,20114,0,0,39039,612,1265973,14474,199182,2380,0,0
349,758877,8087,1965596,20314,0,0,39229,619,1275458,14597,199334,2387,0,0
350,759068,8089,1967742,20338,0,0,39412,626,1284603,14715,199457,2393,0,0
351,759258,8091,1969935,20363,0,0,39588,633,1292858,14824,199537,2397,0,0
352,759351,8092,1972138,20388,0,0,39757,640,1299737,14915,199640,2402,0,0
353,759446,8093,1989033,20578,0,0,39851,644,1308465,15027,199726,2406,0,0
354,759446,8093,1990710,20597,0,0,39941,648,1316917,15135,199789,2409,0,0
355,759826,8097,1991797,20609,0,0,40028,652,1322818,15214,199851,2412,0,0
356,759826,8097,1993113,20624,0,0,40112,656,1328672,15292,199913,2415,0,0
357,759921,8098,2007812,20787,0,0,40132,657,1332914,15347,199933,2416,0,0
358,760107,8100,2009052,20801,0,0,40152,658,1336674,15396,199953,2417,0,0
359,760202,8101,2010335,20815,0,0,40172,659,1338378,15420,199973,2418,0,0
360,760389,8103,2011118,20824,0,0,40192,660,1340999,15455,199993,2419,0,0
361,760389,8103,2024323,20970,0,0,40192,660,1344043,15492,199993,2419,0,0
362,760575,8105,2025498,20984,0,0,40192,660,1344450,15497,199993,2419,0,0
363,760670,8106,2026563,20996,0,0,40192,660,1344530,15498,199993,2419,0,0
364,760670,8106,2027758,21009,0,0,40192,660,1344530,15498,199993,2419,0,0
365,760670,8106,2029638,21031,0,0,40192,660,1344530,15498,199993,2419,0,0
366,760670,8106,2030387,21040,0,0,40192,660,1344530,15498,199993,2419,0,0
367,760861,8108,2032174,21061,0,0,40192,660,1344530,15498,199993,2419,0,0
368,760861,8108,2033686,21078,0,0,40192,660,1344530,15498,199993,2419,0,0
369,760861,8108,2035890,21103,0,0,40192,660,1344530,15498,199993,2419,0,0
370,761046,8110,2037547,21122,0,0,40192,660,1344530,15498,199993,2419,0,0
371,761046,8110,2040225,21154,0,0,40192,660,1344530,15498,199993,2419,0,0
372,761139,8111,2043111,21187,0,0,40192,660,1344530,15498,199993,2419,0,0
373,761424,8114,2045130,21211,0,0,40192,660,1344530,15498,199993,2419,0,0
374,761803,8118,2047930,21244,0,0,40192,660,1344530,15498,199993,2419,0,0
375,761803,8118,2049441,21262,0,0,40192,660,1344530,15498,199993,2419,0,0
376,761896,8119,2051712,21289,0,0,40192,660,1344530,15498,199993,2419,0,0
377,761896,8119,2053674,21312,0,0,40192,660,1344530,15498,199993,2419,0,0
378,762087,8121,2056457,21345,0,0,40192,660,1344530,15498,199993,2419,0,0
379,762182,8122,2058277,21366,0,0,40192,660,1344530,15498,199993,2419,0,0
380,762277,8123,2060906,21397,0,0,40192,660,1344530,15498,199993,2419,0,0
381,762372,8124,2062530,21416,0,0,40192,660,1344530,15498,199993,2419,0,0
382,762372,8124,2063634,21429,0,0,40192,660,1344530,15498,199993,2419,0,0
383,762562,8126,2065314,21448,0,0,40192,660,1344530,15498,199993,2419,0,0
384,762655,8127,2067366,21471,0,0,40192,660,1344530,15498,199993,2419,0,0
385,762655,8127,2068899,21489,0,0,40192,660,1344530,15498,199993,2419,0,0
386,762750,8128,2069492,21496,0,0,40192,660,1344530,15498,199993,2419,0,0
387,762750,8128,2070166,21504,0,0,40192,660,1344530,15498,199993,2419,0,0
388,762750,8128,2071245,21517,0,0,40192,660,1344530,15498,199993,2419,0,0
389,762750,8128,2071761,21523,0,0,40192,660,1344530,15498,199993,2419,0,0
390,762845,8129,2072422,21531,0,0,40192,660,1344530,15498,199993,2419,0,0
391,762845,8129,2072811,21536,0,0,40192,660,1344530,15498,199993,2419,0,0
392,762941,8130,2073001,21538,0,0,40192,660,1344530,15498,199993,2419,0,0
393,763036,8131,2073281,21541,0,0,40192,660,1344530,15498,199993,2419,0,0
394,763036,8131,2073369,21542,0,0,40192,660,1344530,15498,199993,2419,0,0
395,763036,8131,2073909,21548,0,0,40192,660,1344530,15498,199993,2419,0,0
396,763036,8131,2074812,21558,0,0,40192,660,1344530,15498,199993,2419,0,0
397,763132,8132,2075712,21568,0,0,40192,660,1344530,15498,199993,2419,0,0
398,763132,8132,2076266,21574,0,0,40192,660,1344530,15498,199993,2419,0,0
399,763228,8133,2077065,21583,0,0,40192,660,1344530,15498,199993,2419,0,0
400,763228,8133,2077989,21593,0,0,40192,660,1344530,15498,199993,2419,0,0
401,763228,8133,2078914,21603,0,0,40192,660,1344530,15498,199993,2419,0,0
402,763322,8134,2079462,21609,0,0,40192,660,1344530,15498,199993,2419,0,0
403,763322,8134,2081142,21627,0,0,40192,660,1344530,15498,199993,2419,0,0
404,763322,8134,2083065,21648,0,0,40192,660,1344530,15498,199993,2419,0,0
405,763322,8134,2084193,21660,0,0,40192,660,1344530,15498,199993,2419,0,0
406,763322,8134,2085926,21679,0,0,40192,660,1344530,15498,199993,2419,0,0
407,763322,8134,2086655,21687,0,0,40192,660,1344530,15498,199993,2419,0,0
408,763322,8134,2087647,21698,0,0,40192,660,1344530,15498,199993,2419,0,0
409,763322,8134,2088952,21712,0,0,40192,660,1344530,15498,199993,2419,0,0
410,763322,8134,2090079,21724,0,0,40192,660,1344530,15498,199993,2419,0,0
411,763322,8134,2091756,21742,0,0,40192,660,1344530,15498,199993,2419,0,0
412,763322,8134,2092909,21755,0,0,40192,660,1344530,15498,199993,2419,0,0
413,763322,8134,2094247,21771,0,0,40276,663,1346067,15518,199993,2419,0,0
414,763322,8134,2095773,21789,0,0,40357,666,1348773,15553,199993,2419,0,0
415,763418,8135,2097435,21809,0,0,40438,669,1351387,15586,199993,2419,0,0
416,763513,8136,2099779,21836,0,0,40516,672,1354504,15626,199993,2419,0,0
417,763513,8136,2101358,21856,0,0,40661,678,1357493,15665,200033,2421,0,0
418,763598,8137,2103511,21883,0,0,40802,684,1361854,15723,200073,2423,0,0
419,763693,8138,2105285,21906,0,0,40938,690,1366211,15779,200113,2425,0,0
420,763768,8139,2107140,21930,0,0,41070,696,1370521,15835,200153,2427,0,0
421,764037,8142,2109293,21958,0,0,41263,705,1373457,15878,200213,2430,0,0
422,764037,8142,2111465,21986,0,0,41451,714,1377344,15931,200315,2435,0,0
423,764366,8146,2113461,22012,0,0,41638,723,1382357,16002,200396,2439,0,0
424,765052,8154,2115135,22034,0,0,41821,732,1387441,16072,200456,2442,0,0
425,765143,8155,2116629,22055,0,0,42003,741,1390391,16118,200536,2446,0,0
426,765574,8160,2117661,22069,0,0,42224,752,1393554,16165,200616,2450,0,0
427,766193,8167,2118665,22083,0,0,42384,760,1397747,16227,200696,2454,0,0
428,766754,8174,2119909,22099,0,0,42624,772,1401798,16287,200776,2458,0,0
429,767095,8178,2120740,22111,0,0,42824,782,1402913,16309,200856,2462,0,0
430,767269,8180,2121709,22124,0,0,43024,792,1404042,16335,200936,2466,0,0
431,768031,8189,2122298,22133,0,0,43224,802,1405276,16360,201016,2470,0,0
432,768191,8191,2123648,22151,0,0,43404,811,1406143,16379,201096,2474,0,0
433,768584,8196,2124699,22165,0,0,43624,822,1407091,16400,201176,2478,0,0
434,768741,8198,2125435,22176,0,0,43824,832,1408208,16425,201256,2482,0,0
435,769102,8202,2127060,22198,0,0,44024,842,1408992,16445,201356,2487,0,0
436,769186,8203,2127819,22209,0,0,44224,852,1409604,16461,201436,2491,0,0
437,769646,8209,2129050,22226,0,0,44404,861,1410184,16478,201516,2495,0,0
438,770021,8214,2130129,22241,0,0,44584,870,1410997,16499,201576,2498,0,0
439,770164,8216,2130758,22250,0,0,44764,879,1411634,16516,201656,2502,0,0
440,770655,8222,2131867,22265,0,0,44964,889,1412170,16533,201756,2507,0,0
441,771169,8228,2132554,22275,0,0,45204,901,1412876,16552,201836,2511,0,0
442,771645,8234,2133851,22294,0,0,45384,910,1413491,16570,201916,2515,0,0
443,772044,8239,2134977,22310,0,0,45584,920,1414022,16587,201996,2519,0,0
444,772552,8245,2135857,22323,0,0,45744,928,1414529,16605,202076,2523,0,0
445,773207,8253,2143235,22419,0,0,45924,937,1418659,16668,202156,2527,0,0
446,773477,8256,2145107,22445,0,0,46064,944,1424990,16760,202236,2531,0,0
447,773901,8261,2146829,22470,0,0,46244,953,1429922,16834,202316,2535,0,0
448,774152,8264,2147968,22484,0,0,46364,959,1434371,16904,202396,2539,0,0
449,774299,8266,2156781,22601,0,0,46464,964,1442208,17016,202556,2547,0,0
450,774577,8269,2158643,22625,0,0,46544,968,1452225,17153,202596,2549,0,0
451,774931,8273,2159325,22634,0,0,46624,972,1463438,17308,202616,2550,0,0
452,775189,8276,2160111,22644,0,0,46704,976,1473853,17453,202676,2553,0,0
453,775531,8280,2169911,22766,0,0,46724,977,1485752,17616,203016,2570,0,0
454,775790,8283,2171469,22785,0,0,46744,978,1495129,17743,203036,2571,0,0
455,776052,8286,2172823,22803,0,0,46764,979,1503146,17852,203056,2572,0,0
456,776052,8286,2173498,22812,0,0,46784,980,1511573,17968,203076,2573,0,0
457,776493,8291,2180931,22903,0,0,46784,980,1523038,18120,203096,2574,0,0
458,776912,8296,2182603,22924,0,0,46784,980,1534039,18266,203096,2574,0,0
459,776981,8297,2183475,22936,0,0,46784,980,1542949,18384,203096,2574,0,0
460,777146,8299,2184267,22947,0,0,46784,980,1550228,18481,203096,2574,0,0
461,777146,8299,2184779,22954,0,0,46784,980,1556237,18561,203096,2574,0,0
462,777309,8301,2185608,22964,0,0,46784,980,1561641,18633,203096,2574,0,0
463,777309,8301,2185902,22968,0,0,46784,980,1565532,18685,203096,2574,0,0
464,777532,8304,2186309,22974,0,0,46784,980,1569131,18733,203096,2574,0,0
465,777627,8305,2186770,22981,0,0,46784,980,1573872,18797,203096,2574,0,0
466,777627,8305,2186964,22984,0,0,46784,980,1577954,18852,203096,2574,0,0
467,777722,8306,2187709,22993,0,0,46784,980,1581241,18896,203096,2574,0,0
468,777816,8307,2188502,23004,0,0,46784,980,1583290,18923,203096,2574,0,0
469,777889,8308,2188873,23009,0,0,46784,980,1585497,18953,203096,2574,0,0
470,778110,8311,2189267,23015,0,0,46784,980,1587645,18982,203096,2574,0,0
471,778354,8314,2189617,23020,0,0,46784,980,1589689,19009,203096,2574,0,0
472,778354,8314,2189912,23024,0,0,46784,980,1590828,19024,203096,2574,0,0
473,778494,8316,2190470,23032,0,0,46784,980,1592583,19047,203096,2574,0,0
474,778659,8318,2190947,23039,0,0,46784,980,1593785,19063,203096,2574,0,0
475,778753,8319,2191165,23042,0,0,46784,980,1594352,19071,203096,2574,0,0
476,778753,8319,2191659,23049,0,0,46784,980,1594848,19078,203096,2574,0,0
477,778827,8320,2192066,23055,0,0,46784,980,1595608,19088,203096,2574,0,0
478,778919,8321,2192482,23061,0,0,46784,980,1596776,19103,203096,2574,0,0
479,779237,8325,2192922,23068,0,0,46784,980,1597780,19116,203096,2574,0,0
480,779306,8326,2193056,23070,0,0,46784,980,1598392,19124,203096,2574,0,0
481,779463,8328,2193422,23075,0,0,46784,980,1599359,19137,203096,2574,0,0
482,779463,8328,2193500,23076,0,0,46784,980,1599416,19138,203096,2574,0,0
483,779463,8328,2193714,23079,0,0,46784,980,1599416,19138,203096,2574,0,0
484,779463,8328,2194067,23084,0,0,46784,980,1599416,19138,203096,2574,0,0
485,779530,8329,2194218,23086,0,0,46784,980,1599416,19138,203096,2574,0,0
486,779613,8330,2194344,23088,0,0,46784,980,1599416,19138,203096,2574,0,0
487,779613,8330,2194407,23089,0,0,46784,980,1599416,19138,203096,2574,0,0
488,779613,8330,2194727,23093,0,0,46784,980,1599416,19138,203096,2574,0,0
489,779613,8330,2194727,23093,0,0,46784,980,1599416,19138,203096,2574,0,0
490,779613,8330,2194794,23094,0,0,46784,980,1599416,19138,203096,2574,0,0
491,779613,8330,2194880,23095,0,0,46784,980,1599416,19138,203096,2574,0,0
492,779710,8331,2195052,23097,0,0,46784,980,1599416,19138,203096,2574,0,0
493,779710,8331,2195142,23098,0,0,46784,980,1599416,19138,203096,2574,0,0
494,779886,8333,2195278,23100,0,0,46784,980,1599416,19138,203096,2574,0,0
495,779886,8333,2195278,23100,0,0,46784,980,1599416,19138,203096,2574,0,0
496,779886,8333,2195278,23100,0,0,46784,980,1599416,19138,203096,2574,0,0
497,779886,8333,2195550,23103,0,0,46784,980,1599416,19138,203096,2574,0,0
498,779886,8333,2195640,23104,0,0,46784,980,1599416,19138,203096,2574,0,0
499,779886,8333,2195718,23105,0,0,46784,980,1599416,19138,203096,2574,0,0
500,779886,8333,2196334,23113,0,0,46784,980,1599416,19138,203096,2574,0,0
501,779886,8333,2196397,23114,0,0,46784,980,1599416,19138,203096,2574,0,0
502,779886,8333,2196456,23115,0,0,46784,980,1599416,19138,203096,2574,0,0
503,780045,8335,2196800,23119,0,0,46784,980,1599416,19138,203096,2574,0,0
504,780045,8335,2197150,23123,0,0,46784,980,1599416,19138,203096,2574,0,0
505,780110,8336,2197150,23123,0,0,46784,980,1599416,19138,203096,2574,0,0
506,780110,8336,2197544,23128,0,0,46784,980,1599416,19138,203096,2574,0,0
507,780110,8336,2197806,23131,0,0,46784,980,1599416,19138,203096,2574,0,0
508,780110,8336,2198078,23134,0,0,46784,980,1599416,19138,203096,2574,0,0
509,780110,8336,2198546,23141,0,0,46824,982,1599474,19140,203096,2574,0,0
510,780110,8336,2199260,23152,0,0,46904,986,1599494,19141,203096,2574,0,0
511,780193,8337,2199541,23157,0,0,46944,988,1599551,19143,203096,2574,0,0
512,780193,8337,2200054,23165,0,0,47024,992,1599608,19145,203096,2574,0,0
513,780326,8339,2200816,23176,0,0,47124,997,1599726,19149,203136,2576,0,0
514,780421,8340,2201684,23189,0,0,47264,1004,1599872,19154,203176,2578,0,0
515,780737,8344,2202237,23198,0,0,47344,1008,1600044,19160,203216,2580,0,0
516,780912,8346,2202658,23205,0,0,47484,1015,1600206,19166,203256,2582,0,0
517,780912,8346,2202957,23210,0,0,47624,1022,1600379,19174,203316,2585,0,0
518,780993,8347,2203636,23222,0,0,47824,1032,1600511,19180,203376,2588,0,0
519,781058,8348,2204455,23235,0,0,47924,1037,1600683,19188,203436,2591,0,0
520,781331,8351,2205014,23244,0,0,48084,1045,1600851,19195,203496,2594,0,0
521,781395,8352,2205640,23255,0,0,48224,1052,1601127,19207,203576,2598,0,0
522,781488,8353,2206266,23265,0,0,48264,1054,1601402,19219,203656,2602,0,0
523,781721,8356,2206497,23269,0,0,48304,1056,1601610,19229,203736,2606,0,0
524,781896,8358,2207144,23279,0,0,48364,1059,1601894,19242,203816,2610,0,0
525,781960,8359,2207631,23287,0,0,48364,1059,1602134,19254,203896,2614,0,0
526,782118,8361,2208209,23297,0,0,48364,1059,1602334,19264,203976,2618,0,0
527,782206,8362,2208955,23310,0,0,48364,1059,1602623,19276,204056,2622,0,0
528,782277,8363,2209724,23324,0,0,48364,1059,1602940,19290,204136,2626,0,0
529,782363,8364,2210268,23334,0,0,48364,1059,1603160,19301,204216,2630,0,0
530,782363,8364,2211031,23347,0,0,48364,1059,1603340,19310,204296,2634,0,0
531,782427,8365,2211749,23359,0,0,48364,1059,1603573,19321,204376,2638,0,0
532,782518,8366,2212069,23365,0,0,48384,1060,1603851,19334,204456,2642,0,0
533,782518,8366,2212720,23376,0,0,48384,1060,1604031,19343,204536,2646,0,0
534,782518,8366,2213481,23390,0,0,48404,1061,1604232,19353,204596,2649,0,0
535,782518,8366,2214579,23410,0,0,48404,1061,1604472,19365,204696,2654,0,0
536,782518,8366,2215375,23425,0,0,48404,1061,1604767,19377,204756,2657,0,0
537,782518,8366,2215836,23433,0,0,48404,1061,1604947,19386,204836,2661,0,0
538,782518,8366,2216768,23450,0,0,48404,1061,1605147,19396,204916,2665,0,0
539,782518,8366,2217661,23466,0,0,48404,1061,1605401,19407,204976,2668,0,0
540,782518,8366,2218835,23488,0,0,48404,1061,1605641,19419,205036,2671,0,0
541,782610,8367,2220867,23525,0,0,48464,1064,1605950,19434,205176,2678,0,0
542,782862,8370,2221861,23543,0,0,48664,1074,1606150,19444,205256,2682,0,0
543,783264,8375,2222596,23557,0,0,48704,1076,1606370,19455,205316,2685,0,0
544,783499,8378,2223007,23565,0,0,48704,1076,1606590,19466,205376,2688,0,0
545,783499,8378,2224469,23591,0,0,48804,1081,1606810,19477,205456,2692,0,0
546,783739,8381,2225342,23605,0,0,48944,1088,1607030,19488,205496,2694,0,0
547,784089,8385,2225915,23616,0,0,48984,1090,1607314,19498,205536,2696,0,0
548,784239,8387,2226080,23619,0,0,49004,1091,1607454,19505,205576,2698,0,0
549,784323,8388,2227267,23640,0,0,49204,1101,1607664,19513,205596,2699,0,0
550,784968,8396,2227940,23651,0,0,49284,1105,1607880,19523,205616,2700,0,0
551,785369,8401,2228353,23659,0,0,49364,1109,1608066,19529,205636,2701,0,0
552,785593,8404,2228946,23669,0,0,49424,1112,1608194,19535,205656,2702,0,0
553,786502,8415,2230639,23698,0,0,49624,1122,1608423,19541,205656,2702,0,0
554,787581,8428,2231197,23708,0,0,49724,1127,1608423,19541,205656,2702,0,0
555,788028,8433,2231647,23715,0,0,49724,1127,1608423,19541,205656,2702,0,0
556,788202,8435,2232175,23724,0,0,49724,1127,1608463,19543,205656,2702,0,0
557,788268,8436,2232419,23728,0,0,49764,1129,1608522,19545,205656,2702,0,0
558,788338,8437,2232888,23737,0,0,49804,1131,1608522,19545,205656,2702,0,0
559,788422,8438,2233261,23743,0,0,49844,1133,1608522,19545,205656,2702,0,0
560,788578,8440,2233755,23751,0,0,49844,1133,1608562,19547,205656,2702,0,0
561,788675,8441,2234210,23759,0,0,49844,1133,1608582,19548,205656,2702,0,0
562,788767,8442,2234587,23765,0,0,49844,1133,1608582,19548,205656,2702,0,0
563,788767,8442,2234676,23767,0,0,49884,1135,1608681,19552,205656,2702,0,0
564,788859,8443,2235055,23775,0,0,49884,1135,1608741,19555,205656,2702,0,0
565,788859,8443,2235367,23781,0,0,49884,1135,1608741,19555,205656,2702,0,0
566,788859,8443,2235464,23783,0,0,49884,1135,1608800,19557,205656,2702,0,0
567,788859,8443,2235807,23788,0,0,49884,1135,1608860,19560,205656,2702,0,0
568,788949,8444,2236064,23792,0,0,49884,1135,1608939,19563,205656,2702,0,0
569,789038,8445,2236382,23798,0,0,49884,1135,1608939,19563,205656,2702,0,0
570,789038,8445,2236661,23803,0,0,49884,1135,1608939,19563,205656,2702,0,0
571,789038,8445,2236929,23807,0,0,49884,1135,1608959,19564,205656,2702,0,0
572,789038,8445,2237165,23811,0,0,49884,1135,1609019,19567,205656,2702,0,0
573,789038,8445,2237282,23813,0,0,49904,1136,1609019,19567,205656,2702,0,0
574,789176,8447,2237496,23817,0,0,49924,1137,1609019,19567,205656,2702,0,0
575,789258,8448,2237843,23823,0,0,49924,1137,1609019,19567,205656,2702,0,0
576,789258,8448,2238270,23832,0,0,49924,1137,1609047,19568,205656,2702,0,0
577,789258,8448,2238608,23838,0,0,49924,1137,1609047,19568,205656,2702,0,0
578,789258,8448,2238691,23840,0,0,49924,1137,1609067,19569,205656,2702,0,0
579,789342,8449,2238691,23840,0,0,49924,1137,1609067,19569,205656,2702,0,0
580,789342,8449,2238691,23840,0,0,49924,1137,1609067,19569,205656,2702,0,0
581,789431,8450,2238789,23842,0,0,49924,1137,1609067,19569,205656,2702,0,0
582,789579,8452,2238929,23845,0,0,49924,1137,1609087,19570,205656,2702,0,0
583,789668,8453,2239102,23848,0,0,49924,1137,1609087,19570,205656,2702,0,0
584,789668,8453,2239287,23852,0,0,49924,1137,1609107,19571,205656,2702,0,0
585,789668,8453,2239371,23854,0,0,49924,1137,1609107,19571,205656,2702,0,0
586,789929,8456,2239437,23855,0,0,49924,1137,1609107,19571,205656,2702,0,0
587,790019,8457,2239437,23855,0,0,49924,1137,1609107,19571,205656,2702,0,0
588,790112,8458,2239503,23856,0,0,49924,1137,1609107,19571,205656,2702,0,0
589,790112,8458,2239503,23856,0,0,49924,1137,1609107,19571,205656,2702,0,0
590,790196,8459,2239503,23856,0,0,49924,1137,1609107,19571,205656,2702,0,0
591,790286,8460,2239503,23856,0,0,49924,1137,1609107,19571,205656,2702,0,0
592,790286,8460,2239503,23856,0,0,49924,1137,1609107,19571,205656,2702,0,0
593,790286,8460,2239562,23857,0,0,49924,1137,1609107,19571,205656,2702,0,0
594,790539,8463,2239562,23857,0,0,49924,1137,1609107,19571,205656,2702,0,0
595,790891,8467,2239562,23857,0,0,49924,1137,1609107,19571,205656,2702,0,0
596,790891,8467,2239562,23857,0,0,49924,1137,1609107,19571,205656,2702,0,0
597,790891,8467,2239562,23857,0,0,49924,1137,1609107,19571,205656,2702,0,0
598,790891,8467,2239623,23858,0,0,49924,1137,1609107,19571,205656,2702,0,0
599,790891,8467,2239786,23860,0,0,49924,1137,1609107,19571,205656,2702,0,0
600,790891,8467,2239845,23861,0,0,49924,1137,1609107,19571,205656,2702,0,0
601,790891,8467,2239909,23862,0,0,49924,1137,1609107,19571,205656,2702,0,0
602,790966,8468,2239909,23862,0,0,49924,1137,1609107,19571,205656,2702,0,0
603,791128,8470,2240002,23863,0,0,49924,1137,1609107,19571,205656,2702,0,0
604,791208,8471,2240094,23864,0,0,49924,1137,1609107,19571,205656,2702,0,0
605,791208,8471,2240178,23866,0,0,49924,1137,1609127,19572,205656,2702,0,0
606,791283,8472,2240327,23869,0,0,49924,1137,1609147,19573,205656,2702,0,0
607,791283,8472,2240562,23874,0,0,49924,1137,1609167,19574,205656,2702,0,0
608,791283,8472,2240900,23881,0,0,49924,1137,1609187,19575,205656,2702,0,0
609,791283,8472,2241172,23887,0,0,49924,1137,1609207,19576,205696,2704,0,0
610,791358,8473,2241757,23898,0,0,49944,1138,1609227,19577,205736,2706,0,0
611,791358,8473,2242073,23905,0,0,49944,1138,1609247,19578,205776,2708,0,0
612,791441,8474,2242517,23915,0,0,49944,1138,1609267,19579,205816,2710,0,0
613,791441,8474,2242835,23922,0,0,49964,1139,1609347,19583,205876,2713,0,0
614,791523,8475,2243310,23932,0,0,49964,1139,1609486,19588,205936,2716,0,0
615,791523,8475,2243788,23942,0,0,49984,1140,1609625,19593,205996,2719,0,0
616,791523,8475,2244096,23949,0,0,50004,1141,1609705,19597,206056,2722,0,0
617,791523,8475,2244610,23961,0,0,50004,1141,1609930,19606,206116,2725,0,0
618,791523,8475,2244938,23968,0,0,50004,1141,1610110,19615,206176,2728,0,0
619,791523,8475,2245385,23979,0,0,50024,1142,1610270,19623,206236,2731,0,0
620,791523,8475,2245712,23987,0,0,50024,1142,1610410,19630,206296,2734,0,0
621,791523,8475,2245903,23992,0,0,50024,1142,1610550,19637,206356,2737,0,0
622,791523,8475,2246364,24003,0,0,50024,1142,1610710,19645,206416,2740,0,0
623,791523,8475,2246758,24014,0,0,50024,1142,1610850,19652,206476,2743,0,0
624,791523,8475,2247231,24025,0,0,50044,1143,1610990,19659,206536,2746,0,0
625,791523,8475,2247725,24039,0,0,50044,1143,1611130,19666,206596,2749,0,0
626,791523,8475,2248250,24052,0,0,50044,1143,1611270,19673,206656,2752,0,0
627,791523,8475,2248656,24064,0,0,50044,1143,1611410,19680,206716,2755,0,0
628,791523,8475,2249274,24080,0,0,50064,1144,1611550,19687,206776,2758,0,0
629,791523,8475,2249658,24090,0,0,50064,1144,1611690,19694,206836,2761,0,0
630,791523,8475,2250209,24104,0,0,50064,1144,1611830,19701,206896,2764,0,0
631,791523,8475,2250735,24117,0,0,50084,1145,1611972,19708,206956,2767,0,0
632,791523,8475,2251011,24125,0,0,50084,1145,1612132,19716,207016,2770,0,0
633,791523,8475,2251424,24136,0,0,50084,1145,1612272,19723,207076,2773,0,0
634,791523,8475,2252109,24154,0,0,50104,1146,1612392,19729,207136,2776,0,0
635,791523,8475,2252852,24173,0,0,50104,1146,1612552,19737,207196,2779,0,0
636,791523,8475,2253319,24185,0,0,50104,1146,1612692,19744,207236,2781,0,0
637,791523,8475,2254321,24208,0,0,50184,1150,1612879,19751,207316,2785,0,0
638,791594,8476,2254657,24218,0,0,50224,1152,1612979,19756,207376,2788,0,0
639,791594,8476,2254980,24227,0,0,50244,1153,1613099,19762,207436,2791,0,0
640,791594,8476,2255235,24234,0,0,50284,1155,1613239,19769,207496,2794,0,0
641,791594,8476,2256146,24254,0,0,50304,1156,1613359,19775,207516,2795,0,0
642,791668,8477,2256405,24261,0,0,50324,1157,1613479,19781,207536,2796,0,0
643,791739,8478,2256642,24266,0,0,50324,1157,1613599,19787,207556,2797,0,0
644,791739,8478,2256875,24272,0,0,50324,1157,1613699,19792,207576,2798,0,0
645,791829,8479,2257992,24298,0,0,50324,1157,1613865,19798,207656,2802,0,0
646,791829,8479,2258215,24304,0,0,50344,1158,1613945,19802,207656,2802,0,0
647,791907,8480,2258608,24315,0,0,50364,1159,1614025,19806,207656,2802,0,0
648,791907,8480,2258792,24320,0,0,50364,1159,1614105,19810,207656,2802,0,0
649,791907,8480,2259864,24345,0,0,50404,1161,1614105,19810,207836,2811,0,0
650,791997,8481,2260159,24350,0,0,50444,1163,1614105,19810,207836,2811,0,0
651,792087,8482,2260413,24355,0,0,50464,1164,1614105,19810,207836,2811,0,0
652,792158,8483,2260413,24355,0,0,50484,1165,1614105,19810,207836,2811,0,0
653,792158,8483,2260448,24356,0,0,50484,1165,1614105,19810,207836,2811,0,0
654,792158,8483,2260509,24357,0,0,50484,1165,1614105,19810,207836,2811,0,0
655,792322,8485,2260650,24360,0,0,50504,1166,1614105,19810,207836,2811,0,0
656,792322,8485,2260686,24361,0,0,50524,1167,1614105,19810,207836,2811,0,0
657,792415,8486,2260718,24362,0,0,50544,1168,1614105,19810,207836,2811,0,0
658,792415,8486,2260929,24365,0,0,50584,1170,1614125,19811,207836,2811,0,0
659,792501,8487,2261153,24370,0,0,50624,1172,1614125,19811,207836,2811,0,0
660,792501,8487,2261323,24374,0,0,50624,1172,1614145,19812,207836,2811,0,0
661,792501,8487,2261436,24377,0,0,50644,1173,1614165,19813,207836,2811,0,0
662,792501,8487,2261556,24380,0,0,50644,1173,1614165,19813,207836,2811,0,0
663,792501,8487,2261664,24383,0,0,50664,1174,1614165,19813,207836,2811,0,0
664,792501,8487,2261793,24386,0,0,50664,1174,1614185,19814,207836,2811,0,0
665,792590,8488,2261836,24387,0,0,50724,1177,1614185,19814,207836,2811,0,0
666,792590,8488,2261959,24391,0,0,50724,1177,1614185,19814,207836,2811,0,0
667,792590,8488,2262069,24394,0,0,50724,1177,1614185,19814,207836,2811,0,0
668,792590,8488,2262143,24396,0,0,50724,1177,1614185,19814,207836,2811,0,0
669,792657,8489,2262143,24396,0,0,50744,1178,1614185,19814,207836,2811,0,0
670,792657,8489,2262214,24398,0,0,50744,1178,1614185,19814,207836,2811,0,0
671,792657,8489,2262350,24401,0,0,50764,1179,1614185,19814,207836,2811,0,0
672,792657,8489,2262467,24404,0,0,50764,1179,1614205,19815,207836,2811,0,0
673,792751,8490,2262599,24407,0,0,50764,1179,1614225,19816,207836,2811,0,0
674,792751,8490,2262599,24407,0,0,50764,1179,1614225,19816,207836,2811,0,0
675,792751,8490,2262599,24407,0,0,50764,1179,1614225,19816,207836,2811,0,0
676,792751,8490,2262679,24409,0,0,50764,1179,1614225,19816,207836,2811,0,0
677,792751,8490,2262679,24409,0,0,50764,1179,1614225,19816,207836,2811,0,0
678,792751,8490,2262679,24409,0,0,50764,1179,1614225,19816,207836,2811,0,0
679,792751,8490,2262679,24409,0,0,50764,1179,1614225,19816,207836,2811,0,0
680,792751,8490,2262679,24409,0,0,50784,1180,1614225,19816,207836,2811,0,0
681,792751,8490,2262679,24409,0,0,50784,1180,1614225,19816,207836,2811,0,0
682,792751,8490,2262679,24409,0,0,50784,1180,1614290,19817,207836,2811,0,0
683,792751,8490,2262679,24409,0,0,50784,1180,1614290,19817,207836,2811,0,0
684,792751,8490,2262726,24410,0,0,50784,1180,1614290,19817,207836,2811,0,0
685,792751,8490,2262726,24410,0,0,50784,1180,1614310,19818,207836,2811,0,0
686,792751,8490,2262726,24410,0,0,50784,1180,1614330,19819,207836,2811,0,0
687,792751,8490,2262814,24412,0,0,50784,1180,1614330,19819,207836,2811,0,0
688,792751,8490,2262814,24412,0,0,50784,1180,1614330,19819,207836,2811,0,0
689,792751,8490,2262814,24412,0,0,50784,1180,1614330,19819,207836,2811,0,0
690,792829,8491,2262882,24413,0,0,50784,1180,1614330,19819,207836,2811,0,0
691,792829,8491,2262882,24413,0,0,50784,1180,1614330,19819,207836,2811,0,0
692,792829,8491,2262882,24413,0,0,50784,1180,1614330,19819,207836,2811,0,0
693,792918,8492,2262972,24414,0,0,50784,1180,1614330,19819,207836,2811,0,0
694,792918,8492,2263019,24415,0,0,50784,1180,1614330,19819,207836,2811,0,0
695,792918,8492,2263019,24415,0,0,50784,1180,1614330,19819,207836,2811,0,0
696,793011,8493,2263019,24415,0,0,50784,1180,1614330,19819,207836,2811,0,0
697,793011,8493,2263107,24417,0,0,50784,1180,1614330,19819,207836,2811,0,0
698,793104,8494,2263107,24417,0,0,50784,1180,1614330,19819,207836,2811,0,0
699,793104,8494,2263107,24417,0,0,50784,1180,1614330,19819,207836,2811,0,0
700,793104,8494,2263107,24417,0,0,50784,1180,1614330,19819,207836,2811,0,0
701,793104,8494,2263428,24426,0,0,50784,1180,1614350,19820,207836,2811,0,0
702,793104,8494,2263588,24431,0,0,50784,1180,1614390,19822,207836,2811,0,0
703,793104,8494,2263744,24437,0,0,50804,1181,1614410,19823,207836,2811,0,0
704,793104,8494,2263927,24442,0,0,50844,1183,1614450,19825,207836,2811,0,0
705,793104,8494,2264319,24453,0,0,50844,1183,1614490,19827,207876,2813,0,0
706,793104,8494,2264577,24462,0,0,50844,1183,1614510,19828,207916,2815,0,0
707,793104,8494,2264798,24470,0,0,50864,1184,1614530,19829,207956,2817,0,0
708,793104,8494,2265146,24480,0,0,50864,1184,1614550,19830,207996,2819,0,0
709,793104,8494,2265453,24490,0,0,50884,1185,1614610,19833,208056,2822,0,0
710,793104,8494,2265815,24502,0,0,50924,1187,1614670,19836,208116,2825,0,0
711,793104,8494,2265930,24507,0,0,50964,1189,1614730,19839,208176,2828,0,0
712,793104,8494,2266275,24518,0,0,50984,1190,1614790,19842,208196,2829,0,0
713,793104,8494,2266490,24524,0,0,50984,1190,1614930,19849,208296,2834,0,0
714,793104,8494,2266658,24530,0,0,51024,1192,1615050,19855,208356,2837,0,0
715,793104,8494,2266778,24534,0,0,51044,1193,1615170,19861,208416,2840,0,0
716,793104,8494,2266860,24537,0,0,51044,1193,1615290,19867,208476,2843,0,0
717,793104,8494,2267189,24547,0,0,51044,1193,1615430,19874,208536,2846,0,0
718,793104,8494,2267346,24552,0,0,51044,1193,1615550,19880,208576,2848,0,0
719,793104,8494,2267511,24557,0,0,51044,1193,1615670,19886,208616,2850,0,0
720,793104,8494,2267703,24562,0,0,51064,1194,1615790,19892,208656,2852,0,0
721,793104,8494,2267917,24569,0,0,51064,1194,1615890,19897,208696,2854,0,0
722,793104,8494,2268376,24582,0,0,51064,1194,1615990,19902,208736,2856,0,0
723,793104,8494,2268515,24587,0,0,51064,1194,1616090,19907,208776,2858,0,0
724,793104,8494,2268913,24601,0,0,51104,1196,1616190,19912,208816,2860,0,0
725,793104,8494,2269125,24606,0,0,51164,1199,1616290,19917,208856,2862,0,0
726,793104,8494,2269447,24616,0,0,51164,1199,1616390,19922,208896,2864,0,0
727,793104,8494,2269756,24625,0,0,51164,1199,1616490,19927,208936,2866,0,0
728,793104,8494,2270044,24633,0,0,51164,1199,1616590,19932,208976,2868,0,0
729,793104,8494,2270267,24641,0,0,51184,1200,1616690,19937,209016,2870,0,0
730,793104,8494,2270480,24649,0,0,51204,1201,1616770,19941,209056,2872,0,0
731,793104,8494,2270654,24655,0,0,51204,1201,1616890,19947,209096,2874,0,0
732,793104,8494,2271113,24670,0,0,51204,1201,1616990,19952,209136,2876,0,0
733,793104,8494,2271443,24682,0,0,51204,1201,1617150,19960,209236,2881,0,0
734,793104,8494,2271594,24687,0,0,51244,1203,1617230,19964,209276,2883,0,0
735,793104,8494,2271825,24695,0,0,51264,1204,1617310,19968,209296,2884,0,0
736,793104,8494,2271868,24696,0,0,51304,1206,1617390,19972,209356,2887,0,0
737,793174,8495,2272743,24723,0,0,51304,1206,1617530,19979,209536,2896,0,0
738,793174,8495,2272962,24730,0,0,51364,1209,1617630,19984,209536,2896,0,0
739,793174,8495,2273103,24736,0,0,51384,1210,1617710,19988,209536,2896,0,0
740,793174,8495,2273194,24739,0,0,51404,1211,1617790,19992,209536,2896,0,0
741,793174,8495,2273612,24752,0,0,51404,1211,1617970,20001,209736,2906,0,0
742,793174,8495,2273732,24756,0,0,51404,1211,1618050,20005,209736,2906,0,0
743,793174,8495,2273779,24758,0,0,51424,1212,1618130,20009,209736,2906,0,0
744,793174,8495,2273820,24760,0,0,51424,1212,1618210,20013,209736,2906,0,0
745,793174,8495,2274363,24776,0,0,51484,1215,1618250,20015,209816,2910,0,0
746,793174,8495,2274482,24780,0,0,51484,1215,1618250,20015,209816,2910,0,0
747,793174,8495,2274533,24782,0,0,51484,1215,1618250,20015,209816,2910,0,0
748,793174,8495,2274637,24786,0,0,51484,1215,1618250,20015,209816,2910,0,0
749,793174,8495,2274860,24792,0,0,51504,1216,1618250,20015,209816,2910,0,0
750,793174,8495,2274959,24796,0,0,51524,1217,1618250,20015,209816,2910,0,0
751,793174,8495,2274979,24797,0,0,51524,1217,1618250,20015,209816,2910,0,0
752,793265,8496,2275072,24800,0,0,51524,1217,1618250,20015,209816,2910,0,0
753,793265,8496,2275125,24802,0,0,51544,1218,1618250,20015,209816,2910,0,0
754,793265,8496,2275300,24809,0,0,51544,1218,1618250,20015,209816,2910,0,0
755,793265,8496,2275524,24816,0,0,51584,1220,1618250,20015,209816,2910,0,0
756,793265,8496,2275564,24818,0,0,51624,1222,1618250,20015,209816,2910,0,0
757,793360,8497,2275664,24823,0,0,51624,1222,1618250,20015,209816,2910,0,0
758,793360,8497,2275706,24825,0,0,51624,1222,1618250,20015,209816,2910,0,0
759,793360,8497,2275850,24831,0,0,51664,1224,1618250,20015,209816,2910,0,0
760,793360,8497,2275870,24832,0,0,51684,1225,1618250,20015,209816,2910,0,0
761,793360,8497,2276090,24837,0,0,51684,1225,1618250,20015,209816,2910,0,0
762,793360,8497,2276181,24841,0,0,51684,1225,1618250,20015,209816,2910,0,0
763,793360,8497,2276252,24843,0,0,51684,1225,1618250,20015,209816,2910,0,0
764,793360,8497,2276272,24844,0,0,51684,1225,1618250,20015,209816,2910,0,0
765,793360,8497,2276312,24846,0,0,51684,1225,1618250,20015,209816,2910,0,0
766,793360,8497,2276365,24848,0,0,51684,1225,1618250,20015,209816,2910,0,0
767,793453,8498,2276405,24850,0,0,51684,1225,1618250,20015,209816,2910,0,0
768,793453,8498,2276473,24853,0,0,51684,1225,1618250,20015,209816,2910,0,0
769,793453,8498,2276533,24855,0,0,51684,1225,1618250,20015,209816,2910,0,0
770,793453,8498,2276573,24857,0,0,51684,1225,1618250,20015,209816,2910,0,0
771,793453,8498,2276573,24857,0,0,51684,1225,1618250,20015,209816,2910,0,0
772,793453,8498,2276573,24857,0,0,51684,1225,1618250,20015,209816,2910,0,0
773,793453,8498,2276685,24859,0,0,51684,1225,1618250,20015,209816,2910,0,0
774,793453,8498,2276761,24861,0,0,51684,1225,1618250,20015,209816,2910,0,0
775,793453,8498,2276784,24862,0,0,51684,1225,1618250,20015,209816,2910,0,0
776,793453,8498,2276784,24862,0,0,51684,1225,1618250,20015,209816,2910,0,0
777,793453,8498,2276804,24863,0,0,51684,1225,1618250,20015,209816,2910,0,0
778,793453,8498,2276824,24864,0,0,51684,1225,1618250,20015,209816,2910,0,0
779,793453,8498,2276824,24864,0,0,51684,1225,1618250,20015,209816,2910,0,0
780,793453,8498,2276844,24865,0,0,51684,1225,1618250,20015,209816,2910,0,0
781,793453,8498,2276844,24865,0,0,51684,1225,1618250,20015,209816,2910,0,0
782,793453,8498,2276844,24865,0,0,51684,1225,1618250,20015,209816,2910,0,0
783,793453,8498,2276844,24865,0,0,51684,1225,1618250,20015,209816,2910,0,0
784,793453,8498,2276903,24866,0,0,51684,1225,1618250,20015,209816,2910,0,0
785,793453,8498,2276903,24866,0,0,51684,1225,1618250,20015,209816,2910,0,0
786,793453,8498,2276923,24867,0,0,51684,1225,1618250,20015,209816,2910,0,0
787,793453,8498,2276943,24868,0,0,51684,1225,1618250,20015,209816,2910,0,0
788,793453,8498,2276943,24868,0,0,51684,1225,1618250,20015,209816,2910,0,0
789,793453,8498,2276943,24868,0,0,51684,1225,1618250,20015,209816,2910,0,0
790,793453,8498,2276943,24868,0,0,51684,1225,1618250,20015,209816,2910,0,0
791,793453,8498,2276943,24868,0,0,51684,1225,1618250,20015,209816,2910,0,0
792,793453,8498,2276943,24868,0,0,51684,1225,1618250,20015,209816,2910,0,0
793,793453,8498,2276943,24868,0,0,51684,1225,1618250,20015,209816,2910,0,0
794,793453,8498,2276943,24868,0,0,51684,1225,1618250,20015,209816,2910,0,0
795,793453,8498,2276943,24868,0,0,51684,1225,1618250,20015,209816,2910,0,0
796,793453,8498,2276963,24869,0,0,51684,1225,1618250,20015,209816,2910,0,0
797,793453,8498,2277032,24872,0,0,51684,1225,1618270,20016,209816,2910,0,0
798,793453,8498,2277106,24875,0,0,51684,1225,1618290,20017,209816,2910,0,0
799,793453,8498,2277220,24880,0,0,51684,1225,1618310,20018,209816,2910,0,0
800,793453,8498,2277220,24880,0,0,51684,1225,1618330,20019,209816,2910,0,0
801,793453,8498,2277242,24881,0,0,51684,1225,1618350,20020,209856,2912,0,0
802,793453,8498,2277242,24881,0,0,51684,1225,1618370,20021,209896,2914,0,0
803,793453,8498,2277283,24883,0,0,51684,1225,1618390,20022,209936,2916,0,0
804,793453,8498,2277384,24888,0,0,51684,1225,1618410,20023,209976,2918,0,0
805,793453,8498,2277486,24893,0,0,51684,1225,1618430,20024,210016,2920,0,0
806,793453,8498,2277678,24899,0,0,51684,1225,1618450,20025,210056,2922,0,0
807,793453,8498,2277718,24901,0,0,51684,1225,1618470,20026,210096,2924,0,0
808,793453,8498,2277845,24906,0,0,51684,1225,1618490,20027,210136,2926,0,0
809,793453,8498,2277945,24910,0,0,51684,1225,1618590,20032,210176,2928,0,0
810,793453,8498,2278018,24913,0,0,51684,1225,1618690,20037,210216,2930,0,0
811,793453,8498,2278058,24915,0,0,51704,1226,1618770,20041,210256,2932,0,0
812,793453,8498,2278198,24920,0,0,51704,1226,1618890,20047,210296,2934,0,0
813,793453,8498,2278198,24920,0,0,51704,1226,1618990,20052,210336,2936,0,0
814,793453,8498,2278343,24924,0,0,51704,1226,1619090,20057,210356,2937,0,0
815,793453,8498,2278432,24927,0,0,51704,1226,1619190,20062,210416,2940,0,0
816,793453,8498,2278472,24929,0,0,51704,1226,1619290,20067,210456,2942,0,0
817,793453,8498,2278536,24931,0,0,51704,1226,1619390,20072,210496,2944,0,0
818,793453,8498,2278579,24932,0,0,51704,1226,1619470,20076,210536,2946,0,0
819,793453,8498,2278608,24933,0,0,51704,1226,1619590,20082,210576,2948,0,0
820,793453,8498,2278739,24938,0,0,51704,1226,1619690,20087,210616,2950,0,0
821,793453,8498,2278761,24939,0,0,51724,1227,1619770,20091,210636,2951,0,0
822,793453,8498,2278809,24941,0,0,51724,1227,1619870,20096,210656,2952,0,0
823,793453,8498,2278965,24947,0,0,51764,1229,1619990,20102,210676,2953,0,0
824,793453,8498,2279061,24950,0,0,51764,1229,1620070,20106,210696,2954,0,0
825,793453,8498,2279195,24955,0,0,51764,1229,1620170,20111,210716,2955,0,0
826,793453,8498,2279400,24961,0,0,51764,1229,1620290,20117,210716,2955,0,0
827,793453,8498,2279565,24965,0,0,51784,1230,1620390,20122,210756,2957,0,0
828,793453,8498,2279773,24972,0,0,51784,1230,1620450,20125,210776,2958,0,0
829,793453,8498,2279951,24980,0,0,51784,1230,1620570,20131,210976,2968,0,0
830,793453,8498,2280011,24983,0,0,51804,1231,1620650,20135,211016,2970,0,0
831,793453,8498,2280104,24987,0,0,51804,1231,1620730,20139,211036,2971,0,0
832,793453,8498,2280217,24992,0,0,51804,1231,1620790,20142,211056,2972,0,0
833,793453,8498,2280501,25001,0,0,51824,1232,1620870,20146,211096,2974,0,0
834,793453,8498,2280574,25003,0,0,51824,1232,1620970,20151,211096,2974,0,0
835,793453,8498,2280680,25006,0,0,51824,1232,1621050,20155,211096,2974,0,0
836,793453,8498,2280680,25006,0,0,51824,1232,1621130,20159,211096,2974,0,0
837,793453,8498,2280833,25013,0,0,51824,1232,1621190,20162,211096,2974,0,0
838,793453,8498,2280872,25014,0,0,51844,1233,1621250,20165,211096,2974,0,0
839,793453,8498,2281002,25019,0,0,51844,1233,1621310,20168,211096,2974,0,0
840,793453,8498,2281064,25021,0,0,51844,1233,1621370,20171,211096,2974,0,0
841,793453,8498,2281425,25035,0,0,51864,1234,1621370,20171,211136,2976,0,0
842,793453,8498,2281505,25039,0,0,51884,1235,1621370,20171,211136,2976,0,0
843,793453,8498,2281505,25039,0,0,51884,1235,1621370,20171,211136,2976,0,0
844,793453,8498,2281566,25042,0,0,51884,1235,1621370,20171,211136,2976,0,0
845,793453,8498,2281586,25043,0,0,51884,1235,1621370,20171,211136,2976,0,0
846,793453,8498,2281586,25043,0,0,51884,1235,1621370,20171,211136,2976,0,0
847,793453,8498,2281607,25044,0,0,51884,1235,1621370,20171,211136,2976,0,0
848,793453,8498,2281743,25049,0,0,51884,1235,1621370,20171,211136,2976,0,0
849,793453,8498,2281743,25049,0,0,51884,1235,1621370,20171,211136,2976,0,0
850,793453,8498,2281869,25054,0,0,51884,1235,1621370,20171,211136,2976,0,0
851,793453,8498,2281869,25054,0,0,51884,1235,1621370,20171,211136,2976,0,0
852,793453,8498,2281954,25057,0,0,51884,1235,1621370,20171,211136,2976,0,0
853,793453,8498,2281979,25058,0,0,51884,1235,1621370,20171,211136,2976,0,0
854,793453,8498,2281979,25058,0,0,51884,1235,1621370,20171,211136,2976,0,0
855,793453,8498,2282020,25060,0,0,51884,1235,1621370,20171,211136,2976,0,0
856,793453,8498,2282096,25063,0,0,51884,1235,1621370,20171,211136,2976,0,0
857,793453,8498,2282154,25065,0,0,51884,1235,1621370,20171,211136,2976,0,0
858,793453,8498,2282174,25066,0,0,51884,1235,1621370,20171,211136,2976,0,0
859,793453,8498,2282194,25067,0,0,51884,1235,1621370,20171,211136,2976,0,0
860,793453,8498,2282266,25070,0,0,51884,1235,1621370,20171,211136,2976,0,0
861,793453,8498,2282351,25073,0,0,51884,1235,1621370,20171,211136,2976,0,0
862,793453,8498,2282351,25073,0,0,51884,1235,1621370,20171,211136,2976,0,0
863,793453,8498,2282371,25074,0,0,51884,1235,1621370,20171,211136,2976,0,0
864,793453,8498,2282475,25078,0,0,51884,1235,1621370,20171,211136,2976,0,0
865,793453,8498,2282557,25081,0,0,51884,1235,1621370,20171,211136,2976,0,0
866,793453,8498,2282557,25081,0,0,51884,1235,1621370,20171,211136,2976,0,0
867,793453,8498,2282597,25083,0,0,51884,1235,1621370,20171,211136,2976,0,0
868,793453,8498,2282707,25087,0,0,51884,1235,1621370,20171,211136,2976,0,0
869,793453,8498,2282798,25091,0,0,51904,1236,1621390,20172,211136,2976,0,0
870,793453,8498,2282839,25093,0,0,51904,1236,1621410,20173,211136,2976,0,0
871,793453,8498,2282860,25094,0,0,51904,1236,1621410,20173,211136,2976,0,0
872,793453,8498,2282909,25095,0,0,51904,1236,1621410,20173,211136,2976,0,0
873,793453,8498,2282980,25098,0,0,51904,1236,1621410,20173,211136,2976,0,0
874,793453,8498,2283041,25100,0,0,51904,1236,1621410,20173,211136,2976,0,0
875,793453,8498,2283105,25102,0,0,51904,1236,1621410,20173,211136,2976,0,0
876,793453,8498,2283105,25102,0,0,51904,1236,1621410,20173,211136,2976,0,0
877,793453,8498,2283105,25102,0,0,51904,1236,1621410,20173,211136,2976,0,0
878,793453,8498,2283105,25102,0,0,51904,1236,1621410,20173,211136,2976,0,0
879,793453,8498,2283105,25102,0,0,51904,1236,1621410,20173,211136,2976,0,0
880,793453,8498,2283105,25102,0,0,51904,1236,1621410,20173,211136,2976,0,0
881,793453,8498,2283105,25102,0,0,51904,1236,1621410,20173,211136,2976,0,0
882,793453,8498,2283105,25102,0,0,51904,1236,1621410,20173,211136,2976,0,0
883,793453,8498,2283105,25102,0,0,51904,1236,1621410,20173,211136,2976,0,0
884,793453,8498,2283126,25103,0,0,51904,1236,1621410,20173,211136,2976,0,0
885,793453,8498,2283126,25103,0,0,51904,1236,1621410,20173,211136,2976,0,0
886,793453,8498,2283146,25104,0,0,51904,1236,1621410,20173,211136,2976,0,0
887,793453,8498,2283146,25104,0,0,51904,1236,1621410,20173,211136,2976,0,0
888,793453,8498,2283243,25106,0,0,51904,1236,1621410,20173,211136,2976,0,0
889,793453,8498,2283243,25106,0,0,51904,1236,1621410,20173,211136,2976,0,0
890,793453,8498,2283243,25106,0,0,51904,1236,1621410,20173,211136,2976,0,0
891,793453,8498,2283243,25106,0,0,51904,1236,1621410,20173,211136,2976,0,0
892,793453,8498,2283243,25106,0,0,51904,1236,1621410,20173,211136,2976,0,0
893,793453,8498,2283293,25108,0,0,51904,1236,1621430,20174,211136,2976,0,0
894,793453,8498,2283333,25110,0,0,51904,1236,1621450,20175,211136,2976,0,0
895,793453,8498,2283399,25112,0,0,51904,1236,1621470,20176,211136,2976,0,0
896,793453,8498,2283419,25113,0,0,51904,1236,1621490,20177,211136,2976,0,0
897,793453,8498,2283419,25113,0,0,51904,1236,1621510,20178,211176,2978,0,0
898,793453,8498,2283439,25114,0,0,51904,1236,1621530,20179,211216,2980,0,0
899,793453,8498,2283439,25114,0,0,51904,1236,1621550,20180,211256,2982,0,0
900,793453,8498,2283535,25117,0,0,51904,1236,1621570,20181,211296,2984,0,0
901,793453,8498,2283597,25119,0,0,51904,1236,1621570,20181,211336,2986,0,0
902,793453,8498,2283655,25121,0,0,51904,1236,1621610,20183,211356,2987,0,0
903,793453,8498,2283729,25124,0,0,51904,1236,1621610,20183,211416,2990,0,0
904,793453,8498,2283749,25125,0,0,51904,1236,1621630,20184,211436,2991,0,0
905,793453,8498,2283809,25128,0,0,51904,1236,1621690,20187,211456,2992,0,0
906,793453,8498,2283869,25131,0,0,51904,1236,1621750,20190,211476,2993,0,0
907,793453,8498,2283919,25133,0,0,51904,1236,1621810,20193,211496,2994,0,0
908,793453,8498,2283959,25135,0,0,51924,1237,1621870,20196,211516,2995,0,0
909,793453,8498,2283979,25136,0,0,51944,1238,1621930,20199,211536,2996,0,0
910,793453,8498,2284075,25139,0,0,51944,1238,1621990,20202,211556,2997,0,0
911,793453,8498,2284137,25141,0,0,51944,1238,1622030,20204,211556,2997,0,0
912,793453,8498,2284169,25142,0,0,51944,1238,1622110,20208,211596,2999,0,0
913,793453,8498,2284243,25145,0,0,51944,1238,1622170,20211,211596,2999,0,0
914,793453,8498,2284449,25152,0,0,51944,1238,1622230,20214,211636,3001,0,0
915,793453,8498,2284499,25154,0,0,51944,1238,1622290,20217,211656,3002,0,0
916,793453,8498,2284557,25156,0,0,51944,1238,1622350,20220,211676,3003,0,0
917,793453,8498,2284601,25158,0,0,51984,1240,1622410,20223,211676,3003,0,0
918,793453,8498,2284601,25158,0,0,51984,1240,1622470,20226,211696,3004,0,0
919,793453,8498,2284643,25160,0,0,51984,1240,1622530,20229,211696,3004,0,0
920,793453,8498,2284663,25161,0,0,51984,1240,1622590,20232,211696,3004,0,0
921,793453,8498,2284690,25162,0,0,51984,1240,1622650,20235,211696,3004,0,0
922,793453,8498,2284690,25162,0,0,51984,1240,1622710,20238,211696,3004,0,0
923,793453,8498,2284750,25164,0,0,51984,1240,1622770,20241,211696,3004,0,0
924,793453,8498,2284782,25165,0,0,51984,1240,1622810,20243,211696,3004,0,0
925,793453,8498,2284910,25170,0,0,51984,1240,1622910,20248,211856,3012,0,0
926,793453,8498,2285028,25174,0,0,51984,1240,1622970,20251,211876,3013,0,0
927,793453,8498,2285091,25176,0,0,51984,1240,1623010,20253,211896,3014,0,0
928,793453,8498,2285091,25176,0,0,51984,1240,1623050,20255,211916,3015,0,0
929,793453,8498,2285205,25180,0,0,51984,1240,1623150,20260,211976,3018,0,0
930,793453,8498,2285246,25181,0,0,51984,1240,1623190,20262,211976,3018,0,0
931,793453,8498,2285339,25184,0,0,51984,1240,1623230,20264,211976,3018,0,0
932,793453,8498,2285339,25184,0,0,51984,1240,1623270,20266,211976,3018,0,0
933,793453,8498,2285540,25191,0,0,51984,1240,1623350,20270,212016,3020,0,0
934,793453,8498,2285540,25191,0,0,51984,1240,1623410,20273,212016,3020,0,0
935,793453,8498,2285560,25192,0,0,51984,1240,1623450,20275,212016,3020,0,0
936,793453,8498,2285606,25194,0,0,51984,1240,1623490,20277,212016,3020,0,0
937,793453,8498,2285646,25196,0,0,51984,1240,1623510,20278,212016,3020,0,0
938,793453,8498,2285706,25199,0,0,51984,1240,1623510,20278,212016,3020,0,0
939,793453,8498,2285706,25199,0,0,51984,1240,1623510,20278,212016,3020,0,0
940,793453,8498,2285706,25199,0,0,51984,1240,1623510,20278,212016,3020,0,0
941,793453,8498,2285706,25199,0,0,51984,1240,1623510,20278,212016,3020,0,0
942,793453,8498,2285731,25200,0,0,51984,1240,1623510,20278,212016,3020,0,0
943,793453,8498,2285751,25201,0,0,51984,1240,1623510,20278,212016,3020,0,0
944,793453,8498,2285751,25201,0,0,52004,1241,1623510,20278,212016,3020,0,0
945,793453,8498,2285751,25201,0,0,52004,1241,1623510,20278,212016,3020,0,0
946,793453,8498,2285771,25202,0,0,52004,1241,1623510,20278,212016,3020,0,0
947,793453,8498,2285771,25202,0,0,52004,1241,1623510,20278,212016,3020,0,0
948,793453,8498,2285771,25202,0,0,52004,1241,1623510,20278,212016,3020,0,0
949,793453,8498,2285771,25202,0,0,52004,1241,1623510,20278,212016,3020,0,0
950,793453,8498,2285771,25202,0,0,52004,1241,1623510,20278,212016,3020,0,0
951,793453,8498,2285811,25204,0,0,52004,1241,1623510,20278,212016,3020,0,0
952,793453,8498,2285853,25205,0,0,52004,1241,1623510,20278,212016,3020,0,0
953,793453,8498,2285853,25205,0,0,52004,1241,1623510,20278,212016,3020,0,0
954,793453,8498,2285873,25206,0,0,52004,1241,1623510,20278,212016,3020,0,0
955,793453,8498,2285873,25206,0,0,52024,1242,1623510,20278,212016,3020,0,0
956,793453,8498,2285897,25207,0,0,52024,1242,1623510,20278,212016,3020,0,0
957,793453,8498,2285897,25207,0,0,52024,1242,1623510,20278,212016,3020,0,0
958,793453,8498,2285897,25207,0,0,52024,1242,1623510,20278,212016,3020,0,0
959,793453,8498,2285897,25207,0,0,52024,1242,1623510,20278,212016,3020,0,0
960,793453,8498,2285917,25208,0,0,52024,1242,1623510,20278,212016,3020,0,0
961,793453,8498,2285937,25209,0,0,52024,1242,1623510,20278,212016,3020,0,0
962,793453,8498,2285937,25209,0,0,52024,1242,1623510,20278,212016,3020,0,0
963,793453,8498,2285937,25209,0,0,52024,1242,1623510,20278,212016,3020,0,0
964,793453,8498,2285937,25209,0,0,52024,1242,1623510,20278,212016,3020,0,0
965,793453,8498,2285937,25209,0,0,52024,1242,1623510,20278,212016,3020,0,0
966,793453,8498,2285957,25210,0,0,52024,1242,1623510,20278,212016,3020,0,0
967,793453,8498,2285957,25210,0,0,52024,1242,1623510,20278,212016,3020,0,0
968,793453,8498,2285957,25210,0,0,52024,1242,1623510,20278,212016,3020,0,0
969,793453,8498,2285977,25211,0,0,52024,1242,1623510,20278,212016,3020,0,0
970,793453,8498,2286005,25212,0,0,52024,1242,1623510,20278,212016,3020,0,0
971,793453,8498,2286005,25212,0,0,52024,1242,1623510,20278,212016,3020,0,0
972,793453,8498,2286025,25213,0,0,52024,1242,1623510,20278,212016,3020,0,0
973,793453,8498,2286045,25214,0,0,52024,1242,1623510,20278,212016,3020,0,0
974,793453,8498,2286065,25215,0,0,52024,1242,1623510,20278,212016,3020,0,0
975,793453,8498,2286085,25216,0,0,52024,1242,1623510,20278,212016,3020,0,0
976,793453,8498,2286085,25216,0,0,52024,1242,1623510,20278,212016,3020,0,0
977,793453,8498,2286085,25216,0,0,52024,1242,1623510,20278,212016,3020,0,0
978,793453,8498,2286085,25216,0,0,52024,1242,1623510,20278,212016,3020,0,0
979,793453,8498,2286105,25217,0,0,52024,1242,1623510,20278,212016,3020,0,0
980,793453,8498,2286125,25218,0,0,52024,1242,1623510,20278,212016,3020,0,0
981,793453,8498,2286125,25218,0,0,52024,1242,1623510,20278,212016,3020,0,0
982,793453,8498,2286125,25218,0,0,52024,1242,1623510,20278,212016,3020,0,0
983,793453,8498,2286125,25218,0,0,52024,1242,1623510,20278,212016,3020,0,0
984,793453,8498,2286125,25218,0,0,52024,1242,1623510,20278,212016,3020,0,0
985,793453,8498,2286125,25218,0,0,52024,1242,1623510,20278,212016,3020,0,0
986,793453,8498,2286125,25218,0,0,52024,1242,1623510,20278,212016,3020,0,0
987,793453,8498,2286125,25218,0,0,52024,1242,1623510,20278,212016,3020,0,0
988,793453,8498,2286125,25218,0,0,52024,1242,1623510,20278,212016,3020,0,0
989,793453,8498,2286125,25218,0,0,52024,1242,1623510,20278,212016,3020,0,0
990,793453,8498,2286145,25219,0,0,52024,1242,1623510,20278,212016,3020,0,0
991,793453,8498,2286145,25219,0,0,52024,1242,1623510,20278,212016,3020,0,0
992,793453,8498,2286145,25219,0,0,52024,1242,1623510,20278,212016,3020,0,0
993,793453,8498,2286145,25219,0,0,52024,1242,1623510,20278,212036,3021,0,0
994,793453,8498,2286145,25219,0,0,52024,1242,1623510,20278,212056,3022,0,0
995,793453,8498,2286145,25219,0,0,52024,1242,1623510,20278,212076,3023,0,0
996,793453,8498,2286145,25219,0,0,52024,1242,1623510,20278,212096,3024,0,0
997,793453,8498,2286145,25219,0,0,52024,1242,1623510,20278,212116,3025,0,0
998,793453,8498,2286145,25219,0,0,52024,1242,1623510,20278,212136,3026,0,0
999,793453,8498,2286145,25219,0,0,52024,1242,1623510,20278,212136,3026,0,0
1000,793453,8498,2286145,25219,0,0,52024,1242,1623510,20278,212156,3027,0,0
1001,793453,8498,2286172,25220,0,0,52024,1242,1623530,20279,212156,3027,0,0
1002,793453,8498,2286172,25220,0,0,52024,1242,1623590,20282,212156,3027,0,0
1003,793453,8498,2286172,25220,0,0,52024,1242,1623630,20284,212156,3027,0,0
1004,793453,8498,2286172,25220,0,0,52024,1242,1623670,20286,212156,3027,0,0
1005,793453,8498,2286172,25220,0,0,52024,1242,1623710,20288,212156,3027,0,0
1006,793453,8498,2286172,25220,0,0,52024,1242,1623750,20290,212156,3027,0,0
1007,793453,8498,2286172,25220,0,0,52024,1242,1623770,20291,212156,3027,0,0
1008,793453,8498,2286172,25220,0,0,52024,1242,1623790,20292,212156,3027,0,0
1009,793453,8498,2286172,25220,0,0,52024,1242,1623810,20293,212156,3027,0,0
1010,793453,8498,2286172,25220,0,0,52024,1242,1623830,20294,212156,3027,0,0
1011,793453,8498,2286192,25221,0,0,52024,1242,1623850,20295,212156,3027,0,0
1012,793453,8498,2286192,25221,0,0,52024,1242,1623870,20296,212156,3027,0,0
1013,793453,8498,2286192,25221,0,0,52024,1242,1623890,20297,212156,3027,0,0
1014,793453,8498,2286192,25221,0,0,52024,1242,1623910,20298,212156,3027,0,0
1015,793453,8498,2286192,25221,0,0,52024,1242,1623930,20299,212156,3027,0,0
1016,793453,8498,2286192,25221,0,0,52024,1242,1623950,20300,212156,3027,0,0
1017,793453,8498,2286192,25221,0,0,52024,1242,1623970,20301,212156,3027,0,0
1018,793453,8498,2286192,25221,0,0,52024,1242,1623970,20301,212156,3027,0,0
1019,793453,8498,2286192,25221,0,0,52024,1242,1623990,20302,212156,3027,0,0
1020,793453,8498,2286192,25221,0,0,52024,1242,1624030,20304,212156,3027,0,0
1021,793453,8498,2286238,25223,0,0,52024,1242,1624070,20306,212156,3027,0,0
1022,793453,8498,2286238,25223,0,0,52024,1242,1624070,20306,212156,3027,0,0
1023,793453,8498,2286238,25223,0,0,52024,1242,1624070,20306,212156,3027,0,0
1024,793453,8498,2286238,25223,0,0,52024,1242,1624070,20306,212156,3027,0,0
1025,793453,8498,2286238,25223,0,0,52024,1242,1624210,20313,212156,3027,0,0
1026,793453,8498,2286238,25223,0,0,52024,1242,1624210,20313,212156,3027,0,0
1027,793453,8498,2286238,25223,0,0,52024,1242,1624210,20313,212156,3027,0,0
1028,793453,8498,2286238,25223,0,0,52024,1242,1624210,20313,212156,3027,0,0
1029,793453,8498,2286238,25223,0,0,52024,1242,1624310,20318,212156,3027,0,0
1030,793453,8498,2286238,25223,0,0,52024,1242,1624310,20318,212156,3027,0,0
1031,793453,8498,2286238,25223,0,0,52024,1242,1624310,20318,212156,3027,0,0
1032,793453,8498,2286238,25223,0,0,52024,1242,1624310,20318,212156,3027,0,0
1033,793453,8498,2286238,25223,0,0,52024,1242,1624330,20319,212156,3027,0,0
1034,793453,8498,2286238,25223,0,0,52024,1242,1624330,20319,212156,3027,0,0
1035,793453,8498,2286238,25223,0,0,52024,1242,1624330,20319,212156,3027,0,0
1036,793453,8498,2286238,25223,0,0,52024,1242,1624330,20319,212156,3027,0,0
1037,793453,8498,2286238,25223,0,0,52024,1242,1624330,20319,212156,3027,0,0
1038,793453,8498,2286238,25223,0,0,52024,1242,1624330,20319,212156,3027,0,0
1039,793453,8498,2286238,25223,0,0,52024,1242,1624330,20319,212156,3027,0,0
1040,793453,8498,2286238,25223,0,0,52024,1242,1624330,20319,212156,3027,0,0
1041,793453,8498,2286238,25223,0,0,52024,1242,1624330,20319,212156,3027,0,0
1042,793453,8498,2286238,25223,0,0,52024,1242,1624330,20319,212156,3027,0,0
1043,793453,8498,2286238,25223,0,0,52024,1242,1624330,20319,212156,3027,0,0
1044,793453,8498,2286238,25223,0,0,52024,1242,1624330,20319,212156,3027,0,0
1045,793453,8498,2286238,25223,0,0,52024,1242,1624330,20319,212156,3027,0,0
1046,793453,8498,2286238,25223,0,0,52024,1242,1624330,20319,212156,3027,0,0
1047,793453,8498,2286238,25223,0,0,52024,1242,1624330,20319,212156,3027,0,0
1048,793453,8498,2286238,25223,0,0,52024,1242,1624330,20319,212156,3027,0,0
1049,793453,8498,2286238,25223,0,0,52024,1242,1624330,20319,212156,3027,0,0
1050,793453,8498,2286238,25223,0,0,52024,1242,1624330,20319,212156,3027,0,0
1051,793453,8498,2286238,25223,0,0,52024,1242,1624330,20319,212156,3027,0,0
1052,793453,8498,2286238,25223,0,0,52024,1242,1624330,20319,212156,3027,0,0
1053,793453,8498,2286238,25223,0,0,52024,1242,1624330,20319,212156,3027,0,0
1054,793453,8498,2286238,25223,0,0,52024,1242,1624330,20319,212156,3027,0,0
1055,793453,8498,2286238,25223,0,0,52024,1242,1624330,20319,212156,3027,0,0
1056,793453,8498,2286238,25223,0,0,52024,1242,1624330,20319,212156,3027,0,0
1057,793453,8498,2286238,25223,0,0,52024,1242,1624330,20319,212156,3027,0,0
1058,793453,8498,2286238,25223,0,0,52024,1242,1624330,20319,212156,3027,0,0
1059,793453,8498,2286238,25223,0,0,52024,1242,1624330,20319,212156,3027,0,0
1060,793453,8498,2286238,25223,0,0,52024,1242,1624330,20319,212156,3027,0,0
1061,793453,8498,2286238,25223,0,0,52024,1242,1624330,20319,212156,3027,0,0
1062,793453,8498,2286238,25223,0,0,52024,1242,1624330,20319,212156,3027,0,0
1063,793453,8498,2286238,25223,0,0,52024,1242,1624330,20319,212156,3027,0,0
1064,793453,8498,2286238,25223,0,0,52024,1242,1624330,20319,212156,3027,0,0
1065,793453,8498,2286238,25223,0,0,52024,1242,1624330,20319,212156,3027,0,0
1066,793453,8498,2286238,25223,0,0,52024,1242,1624330,20319,212156,3027,0,0
1067,793453,8498,2286238,25223,0,0,52024,1242,1624330,20319,212156,3027,0,0
1068,793453,8498,2286238,25223,0,0,52024,1242,1624330,20319,212156,3027,0,0
1069,793453,8498,2286238,25223,0,0,52024,1242,1624330,20319,212156,3027,0,0
1070,793453,8498,2286238,25223,0,0,52024,1242,1624330,20319,212156,3027,0,0
1071,793453,8498,2286238,25223,0,0,52024,1242,1624330,20319,212156,3027,0,0
1072,793453,8498,2286238,25223,0,0,52024,1242,1624330,20319,212156,3027,0,0
1073,793453,8498,2286238,25223,0,0,52024,1242,1624330,20319,212156,3027,0,0
1074,793453,8498,2286238,25223,0,0,52024,1242,1624330,20319,212156,3027,0,0
1075,793453,8498,2286238,25223,0,0,52024,1242,1624330,20319,212156,3027,0,0
1076,793453,8498,2286238,25223,0,0,52024,1242,1624330,20319,212156,3027,0,0
1077,793453,8498,2286238,25223,0,0,52024,1242,1624330,20319,212156,3027,0,0
1078,793453,8498,2286238,25223,0,0,52024,1242,1624330,20319,212156,3027,0,0
1079,793453,8498,2286238,25223,0,0,52024,1242,1624330,20319,212156,3027,0,0
1080,793453,8498,2286238,25223,0,0,52024,1242,1624330,20319,212156,3027,0,0
1081,793453,8498,2286238,25223,0,0,52024,1242,1624330,20319,212156,3027,0,0
1082,793453,8498,2286238,25223,0,0,52024,1242,1624330,20319,212156,3027,0,0
1083,793453,8498,2286238,25223,0,0,52024,1242,1624330,20319,212156,3027,0,0
1084,793453,8498,2286238,25223,0,0,52024,1242,1624330,20319,212156,3027,0,0
1085,793453,8498,2286238,25223,0,0,52024,1242,1624330,20319,212156,3027,0,0
1086,793453,8498,2286238,25223,0,0,52024,1242,1624330,20319,212156,3027,0,0
1087,793453,8498,2286238,25223,0,0,52024,1242,1624330,20319,212156,3027,0,0
1088,793453,8498,2286238,25223,0,0,52024,1242,1624330,20319,212156,3027,0,0
1089,793453,8498,2286238,25223,0,0,52024,1242,1624330,20319,212156,3027,0,0
1090,793453,8498,2286238,25223,0,0,52024,1242,1624330,20319,212156,3027,0,0
1091,793453,8498,2286238,25223,0,0,52024,1242,1624330,20319,212156,3027,0,0
1092,793453,8498,2286238,25223,0,0,52024,1242,1624330,20319,212156,3027,0,0
1093,793453,8498,2286238,25223,0,0,52024,1242,1624330,20319,212156,3027,0,0
1094,793453,8498,2286238,25223,0,0,52024,1242,1624330,20319,212156,3027,0,0
1095,793453,8498,2286238,25223,0,0,52024,1242,1624330,20319,212156,3027,0,0
1096,793453,8498,2286238,25223,0,0,52024,1242,1624330,20319,212156,3027,0,0
1097,793453,8498,2286238,25223,0,0,52024,1242,1624330,20319,212156,3027,0,0
1098,793453,8498,2286238,25223,0,0,52024,1242,1624330,20319,212156,3027,0,0
1099,793453,8498,2286238,25223,0,0,52024,1242,1624330,20319,212156,3027,0,0
1100,793453,8498,2286238,25223,0,0,52024,1242,1624330,20319,212156,3027,0,0
1101,793453,8498,2286238,25223,0,0,52024,1242,1624330,20319,212156,3027,0,0
1102,793453,8498,2286238,25223,0,0,52024,1242,1624330,20319,212156,3027,0,0
1103,793453,8498,2286238,25223,0,0,52024,1242,1624330,20319,212156,3027,0,0
1104,793453,8498,2286238,25223,0,0,52024,1242,1624330,20319,212156,3027,0,0
1105,793453,8498,2286238,25223,0,0,52024,1242,1624330,20319,212156,3027,0,0
1106,793453,8498,2286238,25223,0,0,52024,1242,1624330,20319,212156,3027,0,0
1107,793453,8498,2286238,25223,0,0,52024,1242,1624330,20319,212156,3027,0,0
1108,793453,8498,2286238,25223,0,0,52024,1242,1624330,20319,212156,3027,0,0
1109,793453,8498,2286238,25223,0,0,52024,1242,1624330,20319,212156,3027,0,0
1110,793453,8498,2286238,25223,0,0,52024,1242,1624330,20319,212156,3027,0,0
1111,793453,8498,2286238,25223,0,0,52024,1242,1624330,20319,212156,3027,0,0
1112,793453,8498,2286238,25223,0,0,52024,1242,1624330,20319,212156,3027,0,0
1113,793453,8498,2286238,25223,0,0,52024,1242,1624330,20319,212156,3027,0,0
1114,793453,8498,2286238,25223,0,0,52024,1242,1624330,20319,212156,3027,0,0
1115,793453,8498,2286238,25223,0,0,52024,1242,1624330,20319,212156,3027,0,0
1116,793453,8498,2286238,25223,0,0,52024,1242,1624330,20319,212156,3027,0,0
1117,793453,8498,2286238,25223,0,0,52024,1242,1624330,20319,212156,3027,0,0
1118,793453,8498,2286238,25223,0,0,52024,1242,1624330,20319,212156,3027,0,0
1119,793453,8498,2286238,25223,0,0,52024,1242,1624330,20319,212156,3027,0,0
1120,793453,8498,2286238,25223,0,0,52024,1242,1624330,20319,212156,3027,0,0
1121,793453,8498,2286238,25223,0,0,52024,1242,1624330,20319,212156,3027,0,0
1122,793453,8498,2286238,25223,0,0,52024,1242,1624330,20319,212156,3027,0,0
1123,793453,8498,2286238,25223,0,0,52024,1242,1624330,20319,212156,3027,0,0
1124,793453,8498,2286238,25223,0,0,52024,1242,1624330,20319,212156,3027,0,0
1125,793453,8498,2286238,25223,0,0,52024,1242,1624330,20319,212156,3027,0,0
1126,793453,8498,2286238,25223,0,0,52024,1242,1624330,20319,212156,3027,0,0
1127,793453,8498,2286238,25223,0,0,52024,1242,1624330,20319,212156,3027,0,0
1128,793453,8498,2286238,25223,0,0,52024,1242,1624330,20319,212156,3027,0,0
1129,793453,8498,2286238,25223,0,0,52024,1242,1624330,20319,212156,3027,0,0
1130,793453,8498,2286238,25223,0,0,52024,1242,1624330,20319,212156,3027,0,0
1131,793453,8498,2286238,25223,0,0,52024,1242,1624330,20319,212156,3027,0,0
1132,793453,8498,2286238,25223,0,0,52024,1242,1624330,20319,212156,3027,0,0
1133,793453,8498,2286238,25223,0,0,52024,1242,1624330,20319,212156,3027,0,0
1134,793453,8498,2286238,25223,0,0,52024,1242,1624330,20319,212156,3027,0,0
1135,793453,8498,2286238,25223,0,0,52024,1242,1624330,20319,212156,3027,0,0
1136,793453,8498,2286238,25223,0,0,52024,1242,1624330,20319,212156,3027,0,0
1137,793453,8498,2286238,25223,0,0,52024,1242,1624330,20319,212156,3027,0,0
1138,793453,8498,2286238,25223,0,0,52024,1242,1624330,20319,212156,3027,0,0
1139,793453,8498,2286238,25223,0,0,52024,1242,1624330,20319,212156,3027,0,0
1140,793453,8498,2286238,25223,0,0,52024,1242,1624330,20319,212156,3027,0,0
1141,793453,8498,2286238,25223,0,0,52024,1242,1624330,20319,212156,3027,0,0
1142,793453,8498,2286238,25223,0,0,52024,1242,1624330,20319,212156,3027,0,0
1143,793453,8498,2286238,25223,0,0,52024,1242,1624330,20319,212156,3027,0,0
1144,793453,8498,2286238,25223,0,0,52024,1242,1624330,20319,212156,3027,0,0
1145,793453,8498,2286238,25223,0,0,52024,1242,1624330,20319,212156,3027,0,0
1146,793453,8498,2286238,25223,0,0,52024,1242,1624330,20319,212156,3027,0,0
1147,793453,8498,2286238,25223,0,0,52024,1242,1624330,20319,212156,3027,0,0
1148,793453,8498,2286238,25223,0,0,52024,1242,1624330,20319,212156,3027,0,0
1149,793453,8498,2286238,25223,0,0,52024,1242,1624330,20319,212156,3027,0,0
1150,793453,8498,2286238,25223,0,0,52024,1242,1624330,20319,212156,3027,0,0
1151,793453,8498,2286238,25223,0,0,52024,1242,1624330,20319,212156,3027,0,0
1152,793453,8498,2286238,25223,0,0,52024,1242,1624330,20319,212156,3027,0,0
1153,793453,8498,2286238,25223,0,0,52024,1242,1624330,20319,212156,3027,0,0
1154,793453,8498,2286238,25223,0,0,52024,1242,1624330,20319,212156,3027,0,0
1155,793453,8498,2286238,25223,0,0,52024,1242,1624330,20319,212156,3027,0,0
1156,793453,8498,2286238,25223,0,0,52024,1242,1624330,20319,212156,3027,0,0
1157,793453,8498,2286238,25223,0,0,52024,1242,1624330,20319,212156,3027,0,0
1158,793453,8498,2286238,25223,0,0,52024,1242,1624330,20319,212156,3027,0,0
1159,793453,8498,2286238,25223,0,0,52024,1242,1624330,20319,212156,3027,0,0
1160,793453,8498,2286238,25223,0,0,52024,1242,1624330,20319,212156,3027,0,0
1161,793453,8498,2286238,25223,0,0,52024,1242,1624330,20319,212156,3027,0,0
1162,793453,8498,2286238,25223,0,0,52024,1242,1624330,20319,212156,3027,0,0
1163,793453,8498,2286238,25223,0,0,52024,1242,1624330,20319,212156,3027,0,0
1164,793453,8498,2286238,25223,0,0,52024,1242,1624330,20319,212156,3027,0,0
1165,793453,8498,2286238,25223,0,0,52024,1242,1624330,20319,212156,3027,0,0
1166,793453,8498,2286238,25223,0,0,52024,1242,1624330,20319,212156,3027,0,0
1167,793453,8498,2286238,25223,0,0,52024,1242,1624330,20319,212156,3027,0,0
1168,793453,8498,2286238,25223,0,0,52024,1242,1624330,20319,212156,3027,0,0
1169,793453,8498,2286238,25223,0,0,52024,1242,1624330,20319,212156,3027,0,0
1170,793453,8498,2286238,25223,0,0,52024,1242,1624330,20319,212156,3027,0,0
1171,793453,8498,2286238,25223,0,0,52024,1242,1624330,20319,212156,3027,0,0
1172,793453,8498,2286238,25223,0,0,52024,1242,1624330,20319,212156,3027,0,0
1173,793453,8498,2286238,25223,0,0,52024,1242,1624330,20319,212156,3027,0,0
1174,793453,8498,2286238,25223,0,0,52024,1242,1624330,20319,212156,3027,0,0
1175,793453,8498,2286238,25223,0,0,52024,1242,1624330,20319,212156,3027,0,0
1176,793453,8498,2286238,25223,0,0,52024,1242,1624330,20319,212156,3027,0,0
1177,793453,8498,2286238,25223,0,0,52024,1242,1624330,20319,212156,3027,0,0
1178,793453,8498,2286238,25223,0,0,52024,1242,1624330,20319,212156,3027,0,0
1179,793453,8498,2286238,25223,0,0,52024,1242,1624330,20319,212156,3027,0,0
1180,793453,8498,2286238,25223,0,0,52024,1242,1624330,20319,212156,3027,0,0
1181,793453,8498,2286238,25223,0,0,52024,1242,1624330,20319,212156,3027,0,0
1182,793453,8498,2286238,25223,0,0,52024,1242,1624330,20319,212156,3027,0,0
1183,793453,8498,2286238,25223,0,0,52024,1242,1624330,20319,212156,3027,0,0
1184,793453,8498,2286238,25223,0,0,52024,1242,1624330,20319,212156,3027,0,0
1185,793453,8498,2286238,25223,0,0,52024,1242,1624330,20319,212156,3027,0,0
1186,793453,8498,2286238,25223,0,0,52024,1242,1624330,20319,212156,3027,0,0
1187,793453,8498,2286238,25223,0,0,52024,1242,1624330,20319,212156,3027,0,0
1188,793453,8498,2286238,25223,0,0,52024,1242,1624330,20319,212156,3027,0,0
1189,793453,8498,2286238,25223,0,0,52024,1242,1624330,20319,212156,3027,0,0
1190,793453,8498,2286238,25223,0,0,52024,1242,1624330,20319,212156,3027,0,0
1191,793453,8498,2286238,25223,0,0,52024,1242,1624330,20319,212156,3027,0,0
1192,793453,8498,2286238,25223,0,0,52024,1242,1624330,20319,212156,3027,0,0
1193,793453,8498,2286238,25223,0,0,52024,1242,1624330,20319,212156,3027,0,0
1194,793453,8498,2286238,25223,0,0,52024,1242,1624330,20319,212156,3027,0,0
1195,793453,8498,2286238,25223,0,0,52024,1242,1624330,20319,212156,3027,0,0
1196,793453,8498,2286238,25223,0,0,52024,1242,1624330,20319,212156,3027,0,0
1197,793453,8498,2286238,25223,0,0,52024,1242,1624330,20319,212156,3027,0,0
1198,793453,8498,2286238,25223,0,0,52024,1242,1624330,20319,212156,3027,0,0
1199,793453,8498,2286238,25223,0,0,52024,1242,1624330,20319,212156,3027,0,0
1200,793453,8498,2286238,25223,0,0,52024,1242,1624330,20319,212156,3027,0,0
1201,793453,8498,2286238,25223,0,0,52024,1242,1624330,20319,212156,3027,0,0
1202,793453,8498,2286238,25223,0,0,52024,1242,1624330,20319,212156,3027,0,0
1203,793453,8498,2286238,25223,0,0,52024,1242,1624330,20319,212156,3027,0,0
1204,793453,8498,2286238,25223,0,0,52024,1242,1624330,20319,212156,3027,0,0
1205,793453,8498,2286238,25223,0,0,52024,1242,1624330,20319,212156,3027,0,0
1206,793453,8498,2286238,25223,0,0,52024,1242,1624330,20319,212156,3027,0,0
1207,793453,8498,2286238,25223,0,0,52024,1242,1624330,20319,212156,3027,0,0
1208,793453,8498,2286238,25223,0,0,52024,1242,1624330,20319,212156,3027,0,0
1209,793453,8498,2286238,25223,0,0,52024,1242,1624330,20319,212156,3027,0,0
1210,793453,8498,2286238,25223,0,0,52024,1242,1624330,20319,212156,3027,0,0
1211,793453,8498,2286238,25223,0,0,52024,1242,1624330,20319,212156,3027,0,0
1212,793453,8498,2286238,25223,0,0,52024,1242,1624330,20319,212156,3027,0,0
1213,793453,8498,2286238,25223,0,0,52024,1242,1624330,20319,212156,3027,0,0
1214,793453,8498,2286238,25223,0,0,52024,1242,1624330,20319,212156,3027,0,0
1215,793453,8498,2286238,25223,0,0,52024,1242,1624330,20319,212156,3027,0,0
1216,793453,8498,2286238,25223,0,0,52024,1242,1624330,20319,212156,3027,0,0
1217,793453,8498,2286238,25223,0,0,52024,1242,1624330,20319,212156,3027,0,0
1218,793453,8498,2286238,25223,0,0,52024,1242,1624330,20319,212156,3027,0,0
1219,793453,8498,2286238,25223,0,0,52024,1242,1624330,20319,212156,3027,0,0
1220,793453,8498,2286238,25223,0,0,52024,1242,1624330,20319,212156,3027,0,0
1221,793453,8498,2286238,25223,0,0,52024,1242,1624330,20319,212156,3027,0,0
1222,793453,8498,2286238,25223,0,0,52024,1242,1624330,20319,212156,3027,0,0
1223,793453,8498,2286238,25223,0,0,52024,1242,1624330,20319,212156,3027,0,0
1224,793453,8498,2286238,25223,0,0,52024,1242,1624330,20319,212156,3027,0,0
1225,793453,8498,2286238,25223,0,0,52024,1242,1624330,20319,212156,3027,0,0
1226,793453,8498,2286238,25223,0,0,52024,1242,1624330,20319,212156,3027,0,0
1227,793453,8498,2286238,25223,0,0,52024,1242,1624330,20319,212156,3027,0,0
1228,793453,8498,2286238,25223,0,0,52024,1242,1624330,20319,212156,3027,0,0
1229,793453,8498,2286238,25223,0,0,52024,1242,1624330,20319,212156,3027,0,0
1230,793453,8498,2286238,25223,0,0,52024,1242,1624330,20319,212156,3027,0,0
1231,793453,8498,2286238,25223,0,0,52024,1242,1624330,20319,212156,3027,0,0
1232,793453,8498,2286238,25223,0,0,52024,1242,1624330,20319,212156,3027,0,0
1233,793453,8498,2286238,25223,0,0,52024,1242,1624330,20319,212156,3027,0,0
1234,793453,8498,2286238,25223,0,0,52024,1242,1624330,20319,212156,3027,0,0
1235,793453,8498,2286238,25223,0,0,52024,1242,1624330,20319,212156,3027,0,0
1236,793453,8498,2286238,25223,0,0,52024,1242,1624330,20319,212156,3027,0,0
1237,793453,8498,2286238,25223,0,0,52024,1242,1624330,20319,212156,3027,0,0
1238,793453,8498,2286238,25223,0,0,52024,1242,1624330,20319,212156,3027,0,0
1239,793453,8498,2286238,25223,0,0,52024,1242,1624330,20319,212156,3027,0,0
1240,793453,8498,2286238,25223,0,0,52024,1242,1624330,20319,212156,3027,0,0
1241,793453,8498,2286238,25223,0,0,52024,1242,1624330,20319,212156,3027,0,0
1242,793453,8498,2286238,25223,0,0,52024,1242,1624330,20319,212156,3027,0,0
1243,793453,8498,2286238,25223,0,0,52024,1242,1624330,20319,212156,3027,0,0
1244,793453,8498,2286238,25223,0,0,52024,1242,1624330,20319,212156,3027,0,0
1245,793453,8498,2286238,25223,0,0,52024,1242,1624330,20319,212156,3027,0,0
1246,793453,8498,2286238,25223,0,0,52024,1242,1624330,20319,212156,3027,0,0
1247,793453,8498,2286238,25223,0,0,52024,1242,1624330,20319,212156,3027,0,0
1248,793453,8498,2286238,25223,0,0,52024,1242,1624330,20319,212156,3027,0,0
1249,793453,8498,2286238,25223,0,0,52024,1242,1624330,20319,212156,3027,0,0
1250,793453,8498,2286238,25223,0,0,52024,1242,1624330,20319,212156,3027,0,0
1251,793453,8498,2286238,25223,0,0,52024,1242,1624330,20319,212156,3027,0,0
1252,793453,8498,2286238,25223,0,0,52024,1242,1624330,20319,212156,3027,0,0
1253,793453,8498,2286238,25223,0,0,52024,1242,1624330,20319,212156,3027,0,0
1254,793453,8498,2286238,25223,0,0,52024,1242,1624330,20319,212156,3027,0,0
1255,793453,8498,2286238,25223,0,0,52024,1242,1624330,20319,212156,3027,0,0
1256,793453,8498,2286238,25223,0,0,52024,1242,1624330,20319,212156,3027,0,0
1257,793453,8498,2286238,25223,0,0,52024,1242,1624330,20319,212156,3027,0,0
1258,793453,8498,2286238,25223,0,0,52024,1242,1624330,20319,212156,3027,0,0
1259,793453,8498,2286238,25223,0,0,52024,1242,1624330,20319,212156,3027,0,0
1260,793453,8498,2286238,25223,0,0,52024,1242,1624330,20319,212156,3027,0,0
1261,793453,8498,2286238,25223,0,0,52024,1242,1624330,20319,212156,3027,0,0
1262,793453,8498,2286238,25223,0,0,52024,1242,1624330,20319,212156,3027,0,0
1263,793453,8498,2286238,25223,0,0,52024,1242,1624330,20319,212156,3027,0,0
1264,793453,8498,2286238,25223,0,0,52024,1242,1624330,20319,212156,3027,0,0
1265,793453,8498,2286238,25223,0,0,52024,1242,1624330,20319,212156,3027,0,0
1266,793453,8498,2286238,25223,0,0,52024,1242,1624330,20319,212156,3027,0,0
1267,793453,8498,2286238,25223,0,0,52024,1242,1624330,20319,212156,3027,0,0
1268,793453,8498,2286238,25223,0,0,52024,1242,1624330,20319,212156,3027,0,0
1269,793453,8498,2286238,25223,0,0,52024,1242,1624330,20319,212156,3027,0,0
1270,793453,8498,2286238,25223,0,0,52024,1242,1624330,20319,212156,3027,0,0
1271,793453,8498,2286238,25223,0,0,52024,1242,1624330,20319,212156,3027,0,0
1272,793453,8498,2286238,25223,0,0,52024,1242,1624330,20319,212156,3027,0,0
1273,793453,8498,2286238,25223,0,0,52024,1242,1624330,20319,212156,3027,0,0
1274,793453,8498,2286238,25223,0,0,52024,1242,1624330,20319,212156,3027,0,0
1275,793453,8498,2286238,25223,0,0,52024,1242,1624330,20319,212156,3027,0,0
1276,793453,8498,2286238,25223,0,0,52024,1242,1624330,20319,212156,3027,0,0
1277,793453,8498,2286238,25223,0,0,52024,1242,1624330,20319,212156,3027,0,0
1278,793453,8498,2286238,25223,0,0,52024,1242,1624330,20319,212156,3027,0,0
1279,793453,8498,2286238,25223,0,0,52024,1242,1624330,20319,212156,3027,0,0
1280,793453,8498,2286238,25223,0,0,52024,1242,1624330,20319,212156,3027,0,0
1281,793453,8498,2286238,25223,0,0,52024,1242,1624330,20319,212156,3027,0,0
1282,793453,8498,2286238,25223,0,0,52024,1242,1624330,20319,212156,3027,0,0
1283,793453,8498,2286238,25223,0,0,52024,1242,1624330,20319,212156,3027,0,0
1284,793453,8498,2286238,25223,0,0,52024,1242,1624330,20319,212156,3027,0,0
1285,793453,8498,2286238,25223,0,0,52024,1242,1624330,20319,212156,3027,0,0
1286,793453,8498,2286238,25223,0,0,52024,1242,1624330,20319,212156,3027,0,0
1287,793453,8498,2286238,25223,0,0,52024,1242,1624330,20319,212156,3027,0,0
1288,793453,8498,2286238,25223,0,0,52024,1242,1624330,20319,212156,3027,0,0
1289,793453,8498,2286238,25223,0,0,52024,1242,1624330,20319,212156,3027,0,0
1290,793453,8498,2286238,25223,0,0,52024,1242,1624330,20319,212156,3027,0,0
1291,793453,8498,2286238,25223,0,0,52024,1242,1624330,20319,212156,3027,0,0
1292,793453,8498,2286238,25223,0,0,52024,1242,1624330,20319,212156,3027,0,0
1293,793453,8498,2286238,25223,0,0,52024,1242,1624330,20319,212156,3027,0,0
1294,793453,8498,2286238,25223,0,0,52024,1242,1624330,20319,212156,3027,0,0
1295,793453,8498,2286238,25223,0,0,52024,1242,1624330,20319,212156,3027,0,0
1296,793453,8498,2286238,25223,0,0,52024,1242,1624330,20319,212156,3027,0,0
1297,793453,8498,2286238,25223,0,0,52024,1242,1624330,20319,212156,3027,0,0
1298,793453,8498,2286238,25223,0,0,52024,1242,1624330,20319,212156,3027,0,0
1299,793453,8498,2286238,25223,0,0,52024,1242,1624330,20319,212156,3027,0,0
1300,793453,8498,2286238,25223,0,0,52024,1242,1624330,20319,212156,3027,0,0
1301,793453,8498,2286238,25223,0,0,52024,1242,1624330,20319,212156,3027,0,0
1302,793453,8498,2286238,25223,0,0,52024,1242,1624330,20319,212156,3027,0,0
1303,793453,8498,2286238,25223,0,0,52024,1242,1624330,20319,212156,3027,0,0
1304,793453,8498,2286238,25223,0,0,52024,1242,1624330,20319,212156,3027,0,0
1305,793453,8498,2286238,25223,0,0,52024,1242,1624330,20319,212156,3027,0,0
1306,793453,8498,2286238,25223,0,0,52024,1242,1624330,20319,212156,3027,0,0
1307,793453,8498,2286238,25223,0,0,52024,1242,1624330,20319,212156,3027,0,0
1308,793453,8498,2286238,25223,0,0,52024,1242,1624330,20319,212156,3027,0,0
1309,793453,8498,2286238,25223,0,0,52024,1242,1624330,20319,212156,3027,0,0
1310,793453,8498,2286238,25223,0,0,52024,1242,1624330,20319,212156,3027,0,0
1311,793453,8498,2286238,25223,0,0,52024,1242,1624330,20319,212156,3027,0,0
1312,793453,8498,2286238,25223,0,0,52024,1242,1624330,20319,212156,3027,0,0
1313,793453,8498,2286238,25223,0,0,52024,1242,1624330,20319,212156,3027,0,0
1314,793453,8498,2286238,25223,0,0,52024,1242,1624330,20319,212156,3027,0,0
1315,793453,8498,2286238,25223,0,0,52024,1242,1624330,20319,212156,3027,0,0
1316,793453,8498,2286238,25223,0,0,52024,1242,1624330,20319,212156,3027,0,0
1317,793453,8498,2286238,25223,0,0,52024,1242,1624330,20319,212156,3027,0,0
1318,793453,8498,2286238,25223,0,0,52024,1242,1624330,20319,212156,3027,0,0
1319,793453,8498,2286238,25223,0,0,52024,1242,1624330,20319,212156,3027,0,0
1320,793453,8498,2286238,25223,0,0,52024,1242,1624330,20319,212156,3027,0,0
1321,793453,8498,2286238,25223,0,0,52024,1242,1624330,20319,212156,3027,0,0
1322,793453,8498,2286238,25223,0,0,52024,1242,1624330,20319,212156,3027,0,0
1323,793453,8498,2286238,25223,0,0,52024,1242,1624330,20319,212156,3027,0,0
1324,793453,8498,2286238,25223,0,0,52024,1242,1624330,20319,212156,3027,0,0
1325,793453,8498,2286238,25223,0,0,52024,1242,1624330,20319,212156,3027,0,0
1326,793453,8498,2286238,25223,0,0,52024,1242,1624330,20319,212156,3027,0,0
1327,793453,8498,2286238,25223,0,0,52024,1242,1624330,20319,212156,3027,0,0
1328,793453,8498,2286238,25223,0,0,52024,1242,1624330,20319,212156,3027,0,0
1329,793453,8498,2286238,25223,0,0,52024,1242,1624330,20319,212156,3027,0,0
1330,793453,8498,2286238,25223,0,0,52024,1242,1624330,20319,212156,3027,0,0
1331,793453,8498,2286238,25223,0,0,52024,1242,1624330,20319,212156,3027,0,0
1332,793453,8498,2286238,25223,0,0,52024,1242,1624330,20319,212156,3027,0,0
1333,793453,8498,2286238,25223,0,0,52024,1242,1624330,20319,212156,3027,0,0
1334,793453,8498,2286238,25223,0,0,52024,1242,1624330,20319,212156,3027,0,0
1335,793453,8498,2286238,25223,0,0,52024,1242,1624330,20319,212156,3027,0,0
1336,793453,8498,2286238,25223,0,0,52024,1242,1624330,20319,212156,3027,0,0
1337,793453,8498,2286238,25223,0,0,52024,1242,1624330,20319,212156,3027,0,0
1338,793453,8498,2286238,25223,0,0,52024,1242,1624330,20319,212156,3027,0,0
1339,793453,8498,2286238,25223,0,0,52024,1242,1624330,20319,212156,3027,0,0
1340,793453,8498,2286238,25223,0,0,52024,1242,1624330,20319,212156,3027,0,0
1341,793453,8498,2286238,25223,0,0,52024,1242,1624330,20319,212156,3027,0,0
1342,793453,8498,2286238,25223,0,0,52024,1242,1624330,20319,212156,3027,0,0
1343,793453,8498,2286238,25223,0,0,52024,1242,1624330,20319,212156,3027,0,0
1344,793453,8498,2286238,25223,0,0,52024,1242,1624330,20319,212156,3027,0,0
1345,793453,8498,2286238,25223,0,0,52024,1242,1624330,20319,212156,3027,0,0
1346,793453,8498,2286238,25223,0,0,52024,1242,1624330,20319,212156,3027,0,0
1347,793453,8498,2286238,25223,0,0,52024,1242,1624330,20319,212156,3027,0,0
1348,793453,8498,2286238,25223,0,0,52024,1242,1624330,20319,212156,3027,0,0
1349,793453,8498,2286238,25223,0,0,52024,1242,1624330,20319,212156,3027,0,0
