0.000000000000000000e+00, 4.999990000000000000e+05, 0.000000000000000000e+00, 1.000000000000000000e+00, 0.000000000000000000e+00, 0.000000000000000000e+00, 0.000000000000000000e+00
1.002004008016031955e+00, 4.999988183728658478e+05, 1.734003721112762353e-01, 9.418600530200943455e-01, 5.641980998140016385e-02, 9.889895725457738263e-03, 5.700345327197763295e-05
2.004008016032063910e+00, 4.999986155219065258e+05, 3.513226129517950658e-01, 8.958613650741186207e-01, 1.187705079520694346e-01, 1.830713482061828087e-02, 2.164727928970589606e-04
3.006012024048096087e+00, 4.999983884131074883e+05, 5.362528319105958063e-01, 8.615265041652547806e-01, 1.878307899373238832e-01, 2.551338799147685396e-02, 4.633786510488196401e-04
4.008016032064127820e+00, 4.999981336434835102e+05, 7.308037080140348252e-01, 8.385314167212137848e-01, 2.644946297435818994e-01, 3.174130069364445444e-02, 7.854614298660561557e-04
5.010020040080159553e+00, 4.999978473900983226e+05, 9.377517214638174670e-01, 8.267028691089794989e-01, 3.497835619294831222e-01, 3.719881991008271160e-02, 1.172929338315469028e-03
6.012024048096192175e+00, 4.999975253524828004e+05, 1.160077164275524098e+00, 8.260180135909540589e-01, 4.448610647769379312e-01, 4.207306982559280012e-02, 1.618204843734607611e-03
7.014028056112223908e+00, 4.999971626880989061e+05, 1.401007327044666795e+00, 8.366058936740843333e-01, 5.510490806650254481e-01, 4.653388997103832109e-02, 2.115709839832790456e-03
8.016032064128255641e+00, 4.999967539394595660e+05, 1.664063639884119761e+00, 8.587511047067112324e-01, 6.698470593139091989e-01, 5.073704627175078252e-02, 2.661690349851760819e-03
9.018036072144287374e+00, 4.999962929519463214e+05, 1.953113420340394590e+00, 8.928996168824916424e-01, 8.029537535124650072e-01, 5.482718750955387771e-02, 3.254075494718694766e-03
1.002004008016031911e+01, 4.999957727811051882e+05, 2.272426980360767068e+00, 9.396668669347258973e-01, 9.522920865058240869e-01, 5.894059285421260341e-02, 3.892368230806788829e-03
1.102204408817635084e+01, 4.999951855880619842e+05, 2.626740908286794962e+00, 9.998482615303027066e-01, 1.120037452504988762e+00, 6.320774962176020639e-02, 4.577566124093159286e-03
1.202404809619238435e+01, 4.999945225213273661e+05, 3.021328563957220936e+00, 1.074432276935828545e+00, 1.308649912084756783e+00, 6.775580961242544387e-02, 5.312110102382965049e-03
1.302605210420841608e+01, 4.999937735833915067e+05, 3.462078724381741690e+00, 1.164616351414030637e+00, 1.520910716401277396e+00, 7.271095588531273357e-02, 6.099860447761628474e-03
1.402805611222444782e+01, 4.999929274799915147e+05, 3.955583622946134081e+00, 1.271825829070836633e+00, 1.759963734318057194e+00, 7.820072324768932714e-02, 6.946098947244442982e-03
1.503006012024047955e+01, 4.999919714498089161e+05, 4.509237679534458643e+00, 1.397736250800669877e+00, 2.029362396097613708e+00, 8.435630766139200210e-02, 7.857557016194786220e-03
1.603206412825651128e+01, 4.999908910720376298e+05, 5.131348397990174171e+00, 1.544299336467296335e+00, 2.333122856302014991e+00, 9.131490176283475757e-02, 8.842469853560290527e-03
1.703406813627254479e+01, 4.999896700489143841e+05, 5.831261098517758867e+00, 1.713773059613162841e+00, 2.675784176399742531e+00, 9.922209395951556155e-02, 9.910657121494527780e-03
1.803607214428857475e+01, 4.999882899600162636e+05, 6.619499310621876020e+00, 1.908756264507632583e+00, 3.062476409353901197e+00, 1.082343681616833586e-01, 1.107363106255057975e-02
1.903807615230460826e+01, 4.999867299842718639e+05, 7.507923136053832991e+00, 2.132228403422357310e+00, 3.498997707148345793e+00, 1.185217479697589643e-01, 1.234473349538034448e-02
2.004008016032063821e+01, 4.999849665861387621e+05, 8.509907593362118661e+00, 2.387594910672083071e+00, 3.991901435054923564e+00, 1.302706187153974404e-01, 1.373930339392609619e-02
2.104208416833667172e+01, 4.999829731607064605e+05, 9.640543919531472383e+00, 2.678738972648031069e+00, 4.548594745202220402e+00, 1.436867787488538828e-01, 1.527487738392713582e-02
2.204408817635270168e+01, 4.999807196325298282e+05, 1.091686676695479008e+01, 3.010080459322381330e+00, 5.177450052697730953e+00, 1.589987651943039482e-01, 1.697142598175777062e-02
2.304609218436873519e+01, 4.999781720021522488e+05, 1.235811070979304205e+01, 3.386642909879607366e+00, 5.887931093430846197e+00, 1.764615057097686790e-01, 1.885162895729814228e-02
2.404809619238476870e+01, 4.999752918335851864e+05, 1.398599986091777581e+01, 3.814129571635240357e+00, 6.690735436448030704e+00, 1.963603520587782758e-01, 2.094119373814487539e-02
2.505010020040079866e+01, 4.999720356749399798e+05, 1.582507500211744578e+01, 4.299009654416336978e+00, 7.597955623180098428e+00, 2.190155587819559990e-01, 2.326922152119791434e-02
2.605210420841683217e+01, 4.999683544035073137e+05, 1.790306313139161176e+01, 4.848616101507823295e+00, 8.623261357967257013e+00, 2.447872752694150444e-01, 2.586862651084659986e-02
2.705410821643286212e+01, 4.999641924856941914e+05, 2.025129483035516031e+01, 5.471256312139517242e+00, 9.782105422497085812e+00, 2.740811265384615614e-01, 2.877661425504536574e-02
2.805611222444889563e+01, 4.999594871402364806e+05, 2.290517596714560966e+01, 6.176337554697678200e+00, 1.109195654401132991e+01, 3.073544710589063977e-01, 3.203522653818990928e-02
2.905811623246492559e+01, 4.999541673926168005e+05, 2.590472052581348450e+01, 6.974508883559268568e+00, 1.257256258509326585e+01, 3.451234280432797230e-01, 3.569196058915646841e-02
3.006012024048095910e+01, 4.999481530063988757e+05, 2.929515259306699804e+01, 7.877821709825917118e+00, 1.424624804408550283e+01, 3.879707821782062416e-01, 3.980047193744852552e-02
3.106212424849698905e+01, 4.999413532751962193e+05, 3.312758664833421562e+01, 8.899911479728078945e+00, 1.613825041576433961e+01, 4.365548882255737007e-01, 4.442137164667873950e-02
3.206412825651302256e+01, 4.999336656576914829e+05, 3.745979603124585111e+01, 1.005620311175742287e+01, 1.827710032814550445e+01, 4.916197077208537825e-01, 4.962312954205342491e-02
3.306613226452905252e+01, 4.999249742351138266e+05, 4.235708113883755033e+01, 1.136414330109712800e+01, 2.069505121711593176e+01, 5.540061319021576391e-01, 5.548309715772748590e-02
3.406813627254508958e+01, 4.999151479682938661e+05, 4.789325018291634706e+01, 1.284346314812374601e+01, 2.342856494704501458e+01, 6.246647622579856174e-01, 6.208866571431372744e-02
3.507014028056111954e+01, 4.999040387279382558e+05, 5.415172727459958679e+01, 1.451647509689869331e+01, 2.651886076727334540e+01, 7.046703460768410920e-01, 6.953857686898493040e-02
3.607214428857714950e+01, 4.998914790695710108e+05, 6.122680382103958863e+01, 1.640840850375955995e+01, 3.001253561730547048e+01, 7.952380813480558475e-01, 7.794440551308827458e-02
3.707414829659317945e+01, 4.998772797199144261e+05, 6.922505182081280850e+01, 1.854778886896333390e+01, 3.396226511795602931e+01, 8.977420406581919643e-01, 8.743223718207095152e-02
3.807615230460921651e+01, 4.998612267375994124e+05, 7.826691979378560404e+01, 2.096686635657871633e+01, 3.842759569092284266e+01, 1.013735993900326759e+00, 9.814456538393191709e-02
3.907815631262524647e+01, 4.998430783059367095e+05, 8.848853493612465115e+01, 2.370210001690990609e+01, 4.347583972259729990e+01, 1.144976949817342993e+00, 1.102424378329372595e-01
4.008016032064127643e+01, 4.998225611112984479e+05, 1.000437373926944957e+02, 2.679470476672840817e+01, 4.918308688884300750e+01, 1.293451769648682692e+00, 1.239078835986890947e-01
4.108216432865731349e+01, 4.997993662542050588e+05, 1.131063760981263471e+02, 3.029126917207420888e+01, 5.563534660969058621e+01, 1.461407257198938492e+00, 1.393466578402786926e-01
4.208416833667334345e+01, 4.997731446332271444e+05, 1.278728994678297539e+02, 3.424445315228027908e+01, 6.292983862064868816e+01, 1.651384186125334885e+00, 1.567913459161358880e-01
4.308617234468937340e+01, 4.997435017344934167e+05, 1.445652782153360079e+02, 3.871377585383078213e+01, 7.117645077770033879e+01, 1.866255785604004958e+00, 1.765048741267975785e-01
4.408817635270540336e+01, 4.997099917519327719e+05, 1.634343017297626375e+02, 4.376650512924643266e+01, 8.049938545815186330e+01, 2.109271269966584761e+00, 1.987844801720484167e-01
4.509018036072144042e+01, 4.996721109549497487e+05, 1.847632940154412040e+02, 4.947866136446089769e+01, 9.103901839820068176e+01, 2.384105069386852627e+00, 2.239662028590744258e-01
4.609218436873747038e+01, 4.996292902081032516e+05, 2.088723017321620716e+02, 5.593615028562190616e+01, 1.029539973956607923e+02, 2.694912523346044697e+00, 2.524299600307384206e-01
4.709418837675350034e+01, 4.995808865372841246e+05, 2.361228122311524942e+02, 6.323604095982897633e+01, 1.164236113431433353e+02, 3.046392889931362369e+00, 2.846052918785701991e-01
4.809619238476953740e+01, 4.995261736239293823e+05, 2.669230663288450387e+02, 7.148800724867892598e+01, 1.316504639918554460e+02, 3.443860643783721365e+00, 3.209778575394644506e-01
4.909819639278556735e+01, 4.994643310981529066e+05, 3.017340361313542871e+02, 8.081595266756887952e+01, 1.488634901286544618e+02, 3.893326137603667636e+00, 3.620967820003433979e-01
5.010020040080159731e+01, 4.993944324822240160e+05, 3.410761483690498608e+02, 9.135984169849312764e+01, 1.683213578519582541e+02, 4.401586889466491570e+00, 4.085829670743147402e-01
5.110220440881762727e+01, 4.993154316224658396e+05, 3.855368404236409674e+02, 1.032777627791265473e+02, 1.903163049374171294e+02, 4.976330901127123063e+00, 4.611384928913795922e-01
5.210420841683366433e+01, 4.992261474278385867e+05, 4.357790461344782784e+02, 1.167482514285381683e+02, 2.151784637148266484e+02, 5.626253628111713034e+00, 5.205572554593287382e-01
5.310621242484969429e+01, 4.991252467208185699e+05, 4.925507145438537009e+02, 1.319729040890047145e+02, 2.432807331743682653e+02, 6.361190374905762113e+00, 5.877369992927368170e-01
5.410821643286572424e+01, 4.990112249783225707e+05, 5.566954782832470983e+02, 1.491793178944437557e+02, 2.750442663524798377e+02, 7.192266214368634891e+00, 6.636929328734363365e-01
5.511022044088175420e+01, 4.988823847242891788e+05, 6.291645953499230473e+02, 1.686243944172495333e+02, 3.109446470429458600e+02, 8.132065765474445485e+00, 7.495731352304959572e-01
5.611222444889779126e+01, 4.987368113099904731e+05, 7.110302990655278563e+02, 1.905980499617678561e+02, 3.515188394455653906e+02, 9.194825541692729587e+00, 8.466759949539414132e-01
5.711422845691382122e+01, 4.985723458054943476e+05, 8.035006954790762848e+02, 2.154273774082545856e+02, 3.973729998460077013e+02, 1.039665182804571053e+01, 9.564699442175148558e-01
5.811623246492985118e+01, 4.983865546934826416e+05, 9.079363601371965160e+02, 2.434813105582135222e+02, 4.491912524276417571e+02, 1.175576759600981802e+01, 1.080615798272691830e+00
5.911823647294588824e+01, 4.981766960423763958e+05, 1.025868788892350949e+03, 2.751758451257493334e+02, 5.077455391836838317e+02, 1.329279237571644323e+01, 1.220992046053797075e+00
6.012024048096191819e+01, 4.979396818146851147e+05, 1.159020860781839929e+03, 3.109798753657518091e+02, 5.739066660228596675e+02, 1.503105965139686795e+01, 1.379723492946266283e+00
6.112224448897794815e+01, 4.976720359622319811e+05, 1.309329466482918178e+03, 3.514217073301110759e+02, 6.486566734788257236e+02, 1.699697678230341324e+01, 1.559213693784639920e+00
6.212424849699397811e+01, 4.973698479419528740e+05, 1.478970452766933022e+03, 3.970963150398704329e+02, 7.331026751964599271e+02, 1.922043335272249820e+01, 1.762181691027089103e+00
6.312625250501001517e+01, 4.970287212924247142e+05, 1.670386015995072739e+03, 4.486734075632102190e+02, 8.284923157642582510e+02, 2.173526461553125344e+01, 1.991703637167639762e+00
6.412825651302604513e+01, 4.966437169278354268e+05, 1.886314648249088577e+03, 5.069063763905958808e+02, 9.362310097944172185e+02, 2.457977776021066418e+01, 2.251259970262049936e+00
6.513026052104207508e+01, 4.962092908406101633e+05, 2.129823701781886029e+03, 5.726421908343641007e+02, 1.057901128306800047e+03, 2.779734958426054803e+01, 2.544788882540599317e+00
6.613226452905810504e+01, 4.957192259498264175e+05, 2.404344582522856399e+03, 6.468323078262073977e+02, 1.195283307342758690e+03, 3.143710554224962550e+01, 2.876746939501666045e+00
6.713426853707413500e+01, 4.951665579213698511e+05, 2.713710498153506251e+03, 7.305446557564252998e+02, 1.350380055280629222e+03, 3.555469160999467704e+01, 3.252177829553066335e+00
6.813627254509017916e+01, 4.945434949181540869e+05, 3.062196568151421616e+03, 8.249767401792680630e+02, 1.525441831078898758e+03, 4.021315207147190307e+01, 3.676790364831588054e+00
6.913827655310620912e+01, 4.938413314081447315e+05, 3.454561960318427282e+03, 9.314699023668437121e+02, 1.722995754167562382e+03, 4.548392800647787482e+01, 4.157046995891794161e+00
7.014028056112223908e+01, 4.930503563648143900e+05, 3.896093544988831127e+03, 1.051524740827707319e+03, 1.945877091852747981e+03, 5.144799324309431654e+01, 4.700264273171854690e+00
7.114228456913826903e+01, 4.921597565340773435e+05, 4.392650283459915045e+03, 1.186817669685342480e+03, 2.197263638608206293e+03, 5.819714724666751948e+01, 5.314726922488246075e+00
7.214428857715429899e+01, 4.911575158112282516e+05, 4.950707281629612226e+03, 1.339218545523882767e+03, 2.480713057579724136e+03, 6.583548663903860643e+01, 6.009817399462432874e+00
7.314629258517032895e+01, 4.900303124904370052e+05, 5.577397890026531059e+03, 1.510809210437531192e+03, 2.800203164828287299e+03, 7.448108111235499962e+01, 6.796163158266328885e+00
7.414829659318635890e+01, 4.887634161748508923e+05, 6.280552235118837416e+03, 1.703902788163089781e+03, 3.160175119546222959e+03, 8.426787846483969702e+01, 7.685803856086107722e+00
7.515030060120240307e+01, 4.873405877926255926e+05, 7.068729293911508648e+03, 1.921063383311304506e+03, 3.565579275279562353e+03, 9.534787339052051891e+01, 8.692381481460946802e+00
7.615230460921843303e+01, 4.857439864740562625e+05, 7.951239483233970532e+03, 2.165125766927303630e+03, 4.021923348141637234e+03, 1.078935712307794290e+02, 9.831356409996207191e+00
7.715430861723446299e+01, 4.839540883143094252e+05, 8.938153799091292967e+03, 2.439214474518129464e+03, 4.535322374540278361e+03, 1.221007845949275179e+02, 1.112025294591853175e+01
7.815631262525049294e+01, 4.819496235031709075e+05, 1.004029455707062334e+04, 2.746761541479811058e+03, 5.112549657589524941e+03, 1.381918023772269066e+02, 1.257893831187705835e+01
7.915831663326652290e+01, 4.797075396553017781e+05, 1.126920192886276527e+04, 3.091521889773876410e+03, 5.761087615997485955e+03, 1.564189706151270798e+02, 1.422993944885845607e+01
8.016032064128255286e+01, 4.772030007433462306e+05, 1.263706945998865558e+04, 3.477585138736631961e+03, 6.489177128591157270e+03, 1.770687267941322318e+02, 1.609880254303315539e+01
8.116232464929858281e+01, 4.744094328074586228e+05, 1.415664072925379696e+04, 3.909382318116362512e+03, 7.305863520994460487e+03, 2.004661236735668695e+02, 1.821450050304015988e+01
8.216432865731462698e+01, 4.712986294160872931e+05, 1.584105836519680452e+04, 4.391685611741563662e+03, 8.221036839748700004e+03, 2.269798730593723803e+02, 2.060989416609724145e+01
8.316633266533065694e+01, 4.678409305771698128e+05, 1.770365645098757159e+04, 4.929599068569399606e+03, 9.245463722001006317e+03, 2.570279282427451903e+02, 2.332225302930148558e+01
8.416833667334668689e+01, 4.640054911514281994e+05, 1.975768643723986315e+04, 5.528537667933735065e+03, 1.039080729958907068e+04, 2.910836020856073105e+02, 2.639384172333283374e+01
8.517034068136271685e+01, 4.597606538217324414e+05, 2.201596799583419852e+04, 6.194192065894839288e+03, 1.166963134932505272e+04, 3.296821892302326091e+02, 2.987257798308998247e+01
8.617234468937874681e+01, 4.550744419529149891e+05, 2.449045714512863924e+04, 6.932475967123815281e+03, 1.309538414960094633e+04, 3.734280177691712197e+02, 3.381276746226969010e+01
8.717434869739477676e+01, 4.499151851064302027e+05, 2.719172696030326188e+04, 7.749453041957515779e+03, 1.468235717535309414e+04, 4.230017964716614074e+02, 3.827591948408328193e+01
8.817635270541080672e+01, 4.442522861110003432e+05, 3.012836035855626324e+04, 8.651240369620900310e+03, 1.644561346802800472e+04, 4.791680468173056511e+02, 4.333164597696527665e+01
8.917835671342685089e+01, 4.380571322636705590e+05, 3.330626055079753132e+04, 9.643885733062686995e+03, 1.840088050070679674e+04, 5.427823088881001468e+02, 4.905864287413258751e+01
9.018036072144288084e+01, 4.313041444029244594e+05, 3.672789267439216201e+04, 1.073321676946080879e+04, 2.056440271374915756e+04, 6.147976902987250014e+02, 5.554574917444517013e+01
9.118236472945891080e+01, 4.239719459580043331e+05, 4.039148003222001716e+04, 1.192466106254598890e+04, 2.295274969170726399e+04, 6.962701823401889669e+02, 6.289307318196173213e+01
9.218436873747494076e+01, 4.160446201773987268e+05, 4.429018949722357502e+04, 1.322303781422166503e+04, 2.558257733252487014e+04, 7.883620104803634376e+02, 7.121316815054537130e+01
9.318637274549097071e+01, 4.075130079521999578e+05, 4.841135258404071647e+04, 1.463232376420193032e+04, 2.847034135120479914e+04, 8.923421180002355868e+02, 8.063223035215813184e+01
9.418837675350700067e+01, 3.983759825493616518e+05, 5.273577981134181027e+04, 1.615539851059020293e+04, 3.163196512062368492e+04, 1.009582726464215625e+03, 9.129128161827645727e+01
9.519038076152303063e+01, 3.886416228380177054e+05, 5.723723480655989260e+04, 1.779377719916832575e+04, 3.508246707982664520e+04, 1.141550790607844192e+03, 1.033472858194638064e+02
9.619238476953907480e+01, 3.783281953797434107e+05, 6.188213910334173124e+04, 1.954734157654001319e+04, 3.883555670424733398e+04, 1.289793101338160113e+03, 1.169741347892729664e+02
9.719438877755510475e+01, 3.674648518310599611e+05, 6.662957614183629630e+04, 2.141408306108482066e+04, 4.290321170926758350e+04, 1.455913830789856320e+03, 1.323634259614046016e+02
9.819639278557113471e+01, 3.560919512150554219e+05, 7.143165333617318538e+04, 2.338987399049651503e+04, 4.729525305309468240e+04, 1.641543464499845641e+03, 1.497249406802455951e+02
9.919839679358716467e+01, 3.442609314071207773e+05, 7.623426164257702476e+04, 2.546828454493730533e+04, 5.201893728046903561e+04, 1.848298403497296022e+03, 1.692867213984329453e+02
1.002004008016031946e+02, 3.320336806311427499e+05, 8.097824350767134456e+04, 2.764046271450274071e+04, 5.707858747203687381e+04, 2.077731032122372653e+03, 1.912946425238153267e+02
1.012024048096192246e+02, 3.194813936499435804e+05, 8.560094611631508451e+04, 2.989509339650978654e+04, 6.247528473925474100e+04, 2.331270729181559545e+03, 2.160113687952044472e+02
1.022044088176352545e+02, 3.066829398159277625e+05, 9.003809897290739173e+04, 3.221844909693993759e+04, 6.820664036965956620e+04, 2.610157137678755134e+03, 2.437146068865564814e+02
1.032064128256512845e+02, 2.937228134015368996e+05, 9.422591871340281796e+04, 3.459453987305705232e+04, 7.426666550366258889e+04, 2.915367933705654195e+03, 2.746945746349971955e+02
1.042084168336673287e+02, 2.806887764571112348e+05, 9.810331511578652135e+04, 3.700536368130716437e+04, 8.064574984774712357e+04, 3.247544254956201257e+03, 3.092506430917092644e+02
1.052104208416833586e+02, 2.676693343422441976e+05, 1.016140553278838488e+05, 3.943125117427715304e+04, 8.733075427100312663e+04, 3.606917737625502923e+03, 3.476871469661083438e+02
1.062124248496993886e+02, 2.547511985951998213e+05, 1.047087422981471027e+05, 4.185129211989913892e+04, 9.430521495318572852e+04, 3.993243628273634386e+03, 3.903084052945080202e+02
1.072144288577154185e+02, 2.420168982926999161e+05, 1.073464710316791170e+05, 4.424382359677367640e+04, 1.015496491950471536e+05, 4.405744834573276421e+03, 4.374130492268083117e+02
1.082164328657314485e+02, 2.295426692311535007e+05, 1.094960684031353594e+05, 4.658695654018483037e+04, 1.090419468730795925e+05, 4.843071149104162032e+03, 4.892878033424812543e+02
1.092184368737474784e+02, 2.173967375012212724e+05, 1.111368433501648251e+05, 4.885911380901069060e+04, 1.167578267189589533e+05, 5.303277707867850950e+03, 5.462009127763016068e+02
1.102204408817635084e+02, 2.056380641239936522e+05, 1.122588290095863340e+05, 5.103955256503226701e+04, 1.246713334435628785e+05, 5.783825406840407595e+03, 6.083954509843399592e+02
1.112224448897795526e+02, 1.943155776669679035e+05, 1.128625372063657560e+05, 5.310884640126023442e+04, 1.327553513030234899e+05, 6.281604660266206338e+03, 6.760827621162567311e+02
1.122244488977955825e+02, 1.834678830642333196e+05, 1.129582812430961931e+05, 5.504930605806066160e+04, 1.409821109047518403e+05, 6.792982428479223017e+03, 7.494363013786085048e+02
1.132264529058116125e+02, 1.731234020630798186e+05, 1.125651490542705578e+05, 5.684532295555738528e+04, 1.493236689228477189e+05, 7.313870877434779686e+03, 8.285861268096249432e+02
1.142284569138276424e+02, 1.633008734502454172e+05, 1.117097267828499753e+05, 5.848362617336156836e+04, 1.577523448226896871e+05, 7.839814501461717555e+03, 9.136142693915032851e+02
1.152304609218436724e+02, 1.540101343482679513e+05, 1.104246708847142581e+05, 5.995344886507216142e+04, 1.662411030402329634e+05, 8.366091696950794358e+03, 1.004551164761744644e+03
1.162324649298597024e+02, 1.452530938596667547e+05, 1.087472270811575436e+05, 6.124660608900070656e+04, 1.747638739580354304e+05, 8.887825728666315626e+03, 1.101373283473117908e+03
1.172344689378757323e+02, 1.370248185671329265e+05, 1.067177776685907447e+05, 6.235749040904073627e+04, 1.832958114209595951e+05, 9.400099899282145998e+03, 1.204002034993728103e+03
1.182364729458917765e+02, 1.293146575628260471e+05, 1.043784834925011237e+05, 6.328299521295347222e+04, 1.918134881029754470e+05, 9.898071666158195512e+03, 1.312303962585581758e+03
1.192384769539078064e+02, 1.221073485889469739e+05, 1.017720676988737396e+05, 6.402237765295898134e+04, 2.002950329123953416e+05, 1.037708095567830424e+04, 1.426092191146552977e+03
1.202404809619238364e+02, 1.153840611421106732e+05, 9.894077021590966615e+04, 6.457707447044770379e+04, 2.087202165741054341e+05, 1.083274856002597335e+04, 1.545129037400432253e+03
1.212424849699398663e+02, 1.091233461696118757e+05, 9.592548664018270210e+04, 6.495048360474294168e+04, 2.170704924956895120e+05, 1.126106143532546957e+04, 1.669129654447379153e+03
1.222444889779558963e+02, 1.033019745813962654e+05, 9.276509125188748294e+04, 6.514772432220393966e+04, 2.253290006745881692e+05, 1.165844262154700846e+04, 1.797766548377021309e+03
1.232464929859719263e+02, 9.789565675122324319e+04, 8.949593521886633243e+04, 6.517538671833131230e+04, 2.334805419690279232e+05, 1.202180455487244762e+04, 1.930674787678634857e+03
1.242484969939879562e+02, 9.287964375554701837e+04, 8.615150297809082258e+04, 6.504128033597579633e+04, 2.415115297915416595e+05, 1.234858542445979037e+04, 2.067457714384758674e+03
1.252505010020040004e+02, 8.822921600855210272e+04, 8.276220728966573370e+04, 6.475418947738133284e+04, 2.494099252329191659e+05, 1.263676902068311028e+04, 2.207692970798399074e+03
1.262525050100200303e+02, 8.392006892266077921e+04, 7.935530108930755523e+04, 6.432364129797000351e+04, 2.571651608812380291e+05, 1.288488914628481143e+04, 2.350938662538654626e+03
1.272545090180360603e+02, 7.992860756845872675e+04, 7.595488384410250001e+04, 6.375969112772778317e+04, 2.647680577560624806e+05, 1.309202021522692849e+04, 2.496739488421429996e+03
1.282565130260520903e+02, 7.623216255432716571e+04, 7.258198257973325963e+04, 6.307272766057617991e+04, 2.722107385849456186e+05, 1.325775592179728301e+04, 2.644632698620350311e+03
1.292585170340681202e+02, 7.280913969382001960e+04, 6.925468852529283322e+04, 6.227329979148857092e+04, 2.794865401630571578e+05, 1.338217807088853442e+04, 2.794153755452797668e+03
1.302605210420841502e+02, 6.963911505574028706e+04, 6.598833340510564449e+04, 6.137196555913865450e+04, 2.865899266640094575e+05, 1.346581771665037377e+04, 2.944841599355495873e+03
1.312625250501001801e+02, 6.670288608157658018e+04, 6.279569153540361003e+04, 6.037916297016755561e+04, 2.935164052748745307e+05, 1.350961069257386407e+04, 3.096243445403782061e+03
1.322645290581162101e+02, 6.398248751359183370e+04, 5.968719718964591448e+04, 5.930510186533955857e+04, 3.002624449873800040e+05, 1.351484938306303229e+04, 3.247919060979550977e+03
1.332665330661322400e+02, 6.146118241699195642e+04, 5.667116543304960942e+04, 5.815967539500884595e+04, 3.068253993326394702e+05, 1.348313294291309103e+04, 3.399444479396911902e+03
1.342685370741482700e+02, 5.912343120491110312e+04, 5.375401462781748705e+04, 5.695238948391960002e+04, 3.132034328019202221e+05, 1.341631671360680957e+04, 3.550415167824628497e+03
1.352705410821643000e+02, 5.695484736763801629e+04, 5.094048089762782183e+04, 5.569230870276893256e+04, 3.193954515866986476e+05, 1.331646282307044567e+04, 3.700448622196067845e+03
1.362725450901803583e+02, 5.494214356885571033e+04, 4.823382220205701014e+04, 5.438801671105506830e+04, 3.254010383416110999e+05, 1.318579275979240811e+04, 3.849186416628599545e+03
1.372745490981963883e+02, 5.307307135617179301e+04, 4.563601020956161665e+04, 5.304758909732586471e+04, 3.312203908418188221e+05, 1.302664275489229476e+04, 3.996295740229542389e+03
1.382765531062124182e+02, 5.133635747603883647e+04, 4.314790781897776469e+04, 5.167857730121705390e+04, 3.368542644031590899e+05, 1.284142255121942253e+04, 4.141470449387811641e+03
1.392785571142284482e+02, 4.972163898614211212e+04, 4.076943173287021636e+04, 5.028800174524143222e+04, 3.423039178660931648e+05, 1.263257799018444166e+04, 4.284431679468621951e+03
1.402805611222444782e+02, 4.821939872372319223e+04, 3.849969993962552689e+04, 4.888235269449316547e+04, 3.475710629419619218e+05, 1.240255764101774548e+04, 4.424928059178443618e+03
1.412825651302605081e+02, 4.682090262407850969e+04, 3.633716397722723195e+04, 4.746759743679711391e+04, 3.526578167393365293e+05, 1.215378365106896854e+04, 4.562735571491652081e+03
1.422845691382765381e+02, 4.551813887276574678e+04, 3.427972752274621598e+04, 4.604919270823317493e+04, 3.575666572763287113e+05, 1.188862650444178144e+04, 4.697657115484355018e+03
1.432865731462925680e+02, 4.430376053990211221e+04, 3.232485079407884041e+04, 4.463210106400261429e+04, 3.623003818496617023e+05, 1.160938395007893268e+04, 4.829521802275804475e+03
1.442885771543085980e+02, 4.317103131656483311e+04, 3.046964255775491620e+04, 4.322081036660914106e+04, 3.668620680776833324e+05, 1.131826364331048535e+04, 4.958184038077288278e+03
1.452905811623246279e+02, 4.211377466463355086e+04, 2.871094052111176279e+04, 4.181935558843093895e+04, 3.712550375004520174e+05, 1.101736929288190913e+04, 5.083522432489880885e+03
1.462925851703406579e+02, 4.112632655703756609e+04, 2.704538099574185617e+04, 4.043134216572339210e+04, 3.754828216352514573e+05, 1.070869007650671665e+04, 5.205438569739011655e+03
1.472945891783566879e+02, 4.020349172760896181e+04, 2.546945889872308908e+04, 3.905997034386274754e+04, 3.795491303477509064e+05, 1.039409300411237382e+04, 5.323855677941895920e+03
1.482965931863727178e+02, 3.934050326936043712e+04, 2.397957909737199225e+04, 3.770806005630111758e+04, 3.834578224628548487e+05, 1.007531788677439363e+04, 5.438717227337243457e+03
1.492985971943887478e+02, 3.853298548302875133e+04, 2.257209999971479192e+04, 3.637807589933495183e+04, 3.872128785233921953e+05, 9.753974608853113750e+03, 5.549985485676203098e+03
1.503006012024048061e+02, 3.777691983276501560e+04, 2.124337022402946968e+04, 3.507215187882221653e+04, 3.908183755927709281e+05, 9.431542417480828590e+03, 5.657640054131560646e+03
1.513026052104208361e+02, 3.706861377475292102e+04, 1.998975920870975824e+04, 3.379211567400410422e+04, 3.942784640310963732e+05, 9.109370905744606716e+03, 5.761676405692217486e+03
1.523046092184368661e+02, 3.640467228027518286e+04, 1.880768246027785426e+04, 3.253951222969590890e+04, 3.975973461587089696e+05, 8.788682428600068306e+03, 5.862104442442047912e+03
1.533066132264528960e+02, 3.578197186465220875e+04, 1.769362211678474341e+04, 3.131562650302881957e+04, 4.007792567222006037e+05, 8.470575707120102379e+03, 5.958947086213572220e+03
1.543086172344689260e+02, 3.519763692357081163e+04, 1.664414346675553679e+04, 3.012150524177289844e+04, 4.038284450839539059e+05, 8.156030367440882401e+03, 6.052238916505992165e+03
1.553106212424849559e+02, 3.464901818784096395e+04, 1.565590791744429589e+04, 2.895797775193683628e+04, 4.067491590543232160e+05, 7.845912226210190056e+03, 6.142024862244544238e+03
1.563126252505009859e+02, 3.413367312067050807e+04, 1.472568298123424393e+04, 2.782567554299401672e+04, 4.095456302843456506e+05, 7.540979112664067543e+03, 6.228358958091605928e+03
1.573146292585170158e+02, 3.364934809571766527e+04, 1.385034962981949502e+04, 2.672505088103228627e+04, 4.122220611363880453e+05, 7.241887089746368474e+03, 6.311303167296203355e+03
1.583166332665330458e+02, 3.319396219021500292e+04, 1.302690739421659418e+04, 2.565639425600596587e+04, 4.147826129528608290e+05, 6.949196933087328944e+03, 6.390926273614360980e+03
1.593186372745490758e+02, 3.276559246907591296e+04, 1.225247763741249037e+04, 2.461985067474040261e+04, 4.172313956435134169e+05, 6.663380725707776946e+03, 6.467302849550080282e+03
1.603206412825651057e+02, 3.236246057603223744e+04, 1.152430533644139541e+04, 2.361543484845150670e+04, 4.195724585083830170e+05, 6.384828429900626361e+03, 6.540512300791275266e+03
1.613226452905811357e+02, 3.198292059703822451e+04, 1.083975932632408512e+04, 2.264304538499416594e+04, 4.218097822203233372e+05, 6.113854494248711489e+03, 6.610637977071529349e+03
1.623246492985971656e+02, 3.162544796424146261e+04, 1.019633173122373228e+04, 2.170247785452334938e+04, 4.239472718843172770e+05, 5.850704200626627426e+03, 6.677766365067620427e+03
1.633266533066131956e+02, 3.128862942521633522e+04, 9.591636242684402532e+03, 2.079343695853883401e+04, 4.259887511004550033e+05, 5.595559929178215498e+03, 6.741986343927331291e+03
1.643286573146292540e+02, 3.097115387302418458e+04, 9.023405877304468959e+03, 1.991554766838117939e+04, 4.279379569596372312e+05, 5.348547106406966122e+03, 6.803388515246064344e+03
1.653306613226452839e+02, 3.067180402184458944e+04, 8.489490067067921700e+03, 1.906836549761360948e+04, 4.297985358956283890e+05, 5.109739922275894969e+03, 6.862064595569756420e+03
1.663326653306613139e+02, 3.038944883330068114e+04, 7.987851285702027781e+03, 1.825138593255768865e+04, 4.315740403258510632e+05, 4.879166750986869374e+03, 6.918106871601802595e+03
1.673346693386773438e+02, 3.012303658975001963e+04, 7.516561418688490448e+03, 1.746405304019042524e+04, 4.332679260082881665e+05, 4.656815227377709562e+03, 6.971607715705390547e+03
1.683366733466933738e+02, 2.987158862184659665e+04, 7.073797772596857612e+03, 1.670576732666674798e+04, 4.348835500712067005e+05, 4.442637052565595695e+03, 7.022659155117701630e+03
1.693386773547094037e+02, 2.963419354316547106e+04, 6.657839032455282904e+03, 1.597589288694609968e+04, 4.364241696234751143e+05, 4.236552419289896534e+03, 7.071352494668319196e+03
1.703406813627254337e+02, 2.941000202678979986e+04, 6.267061010148880996e+03, 1.527376389621488488e+04, 4.378929409187847050e+05, 4.038454162100203121e+03, 7.117777985961733975e+03
1.713426853707414637e+02, 2.919822201085379129e+04, 5.899932408347207456e+03, 1.459869048489685520e+04, 4.392929189994479530e+05, 3.848211553977535914e+03, 7.162024542476857278e+03
1.723446893787574936e+02, 2.899811432512731699e+04, 5.555010551647691500e+03, 1.394996404642005291e+04, 4.406270577758685686e+05, 3.665673806027198225e+03, 7.204179494909321875e+03
1.733466933867735236e+02, 2.880898869849448602e+04, 5.230937140550808181e+03, 1.332686200441109031e+04, 4.418982105005605845e+05, 3.490673271642760938e+03, 7.244328384340466073e+03
1.743486973947895535e+02, 2.863020008676655198e+04, 4.926434101911133439e+03, 1.272865210159147864e+04, 4.431091305716300267e+05, 3.323028348693720091e+03, 7.282554789407276076e+03
1.753507014028055835e+02, 2.846114533346643293e+04, 4.640299473414203021e+03, 1.215459622773328920e+04, 4.442624726560108829e+05, 3.162546124305340982e+03, 7.318940185070056941e+03
1.763527054108216134e+02, 2.830126008518687740e+04, 4.371403444481770748e+03, 1.160395383818507253e+04, 4.453607940576629480e+05, 3.009024745551073465e+03, 7.353563828932459728e+03
1.773547094188376434e+02, 2.815001598027135333e+04, 4.118684477821015207e+03, 1.107598498212840786e+04, 4.464065563283244264e+05, 2.862255558100022427e+03, 7.386502673354959370e+03
1.783567134268537018e+02, 2.800691805810932419e+04, 3.881145582665841630e+03, 1.056995298322141389e+04, 4.474021270654119435e+05, 2.722025010632915382e+03, 7.417831299958724230e+03
1.793587174348697317e+02, 2.787150238050917687e+04, 3.657850721313967824e+03, 1.008512679836066673e+04, 4.483497818753870088e+05, 2.588116350221646371e+03, 7.447621874207665314e+03
1.803607214428857617e+02, 2.774333385137263394e+04, 3.447921350146522400e+03, 9.620783076029569202e+03, 4.492517064844287233e+05, 2.460311119421355670e+03, 7.475944118601344599e+03
1.813627254509017916e+02, 2.762200418723286202e+04, 3.250533141890044590e+03, 9.176207965306277401e+03, 4.501099989338188898e+05, 2.338390471990147944e+03, 7.502865299761947426e+03
1.823647294589178216e+02, 2.750713008923977031e+04, 3.064912793974477154e+03, 8.750698643310191983e+03, 4.509266719173990423e+05, 2.222136323449486099e+03, 7.528450232627210426e+03
1.833667334669338516e+02, 2.739835151304380997e+04, 2.890335051308501079e+03, 8.343564662783614040e+03, 4.517036551305983448e+05, 2.111332349374552450e+03, 7.552761292891322228e+03
1.843687374749498815e+02, 2.729533010870979706e+04, 2.726119829383972501e+03, 7.954129059850989506e+03, 4.524427977194591076e+05, 2.005764839355139202e+03, 7.575858443241145324e+03
1.853707414829659115e+02, 2.719774775034809863e+04, 2.571629515950141467e+03, 7.581729312946154096e+03, 4.531458707221711520e+05, 1.905223433234418280e+03, 7.597799265350188762e+03
1.863727454909819414e+02, 2.710530520647690355e+04, 2.426266380629613650e+03, 7.225718102066226493e+03, 4.538145695756494533e+05, 1.809501732514431524e+03, 7.618639002663529027e+03
1.873747494989979714e+02, 2.701772088315395013e+04, 2.289470151801916927e+03, 6.885463952407802935e+03, 4.544505165859175613e+05, 1.718397820376689197e+03, 7.638430606342155443e+03
1.883767535070140013e+02, 2.693472968410087560e+04, 2.160715702861522004e+03, 6.560351714695329065e+03, 4.550552634325973922e+05, 1.631714676428140820e+03, 7.657224789316831448e+03
1.893787575150300313e+02, 2.685608193432425469e+04, 2.039510884133736226e+03, 6.249782952609973108e+03, 4.556302936248407350e+05, 1.549260522165086286e+03, 7.675070081926303828e+03
1.903807615230460613e+02, 2.678154240103842676e+04, 1.925394466928825523e+03, 5.953176194030525949e+03, 4.561770249664716539e+05, 1.470849077970479584e+03, 7.692012893560153316e+03
1.913827655310620912e+02, 2.671088936832935724e+04, 1.817934214273586576e+03, 5.669967113522322506e+03, 4.566968119600348291e+05, 1.396299769425000022e+03, 7.708097574415001873e+03
1.923847695390781496e+02, 2.664391379299943583e+04, 1.716725055587276302e+03, 5.399608607126709103e+03, 4.571909482010930660e+05, 1.325437861842649227e+03, 7.723366481350950380e+03
1.933867735470941795e+02, 2.658041850681819778e+04, 1.621387376748874431e+03, 5.141570811634142956e+03, 4.576606687043052516e+05, 1.258094557446762337e+03, 7.737860043046804094e+03
1.943887775551102095e+02, 2.652021748684864360e+04, 1.531565409333756179e+03, 4.895341036787714984e+03, 4.581071522045611637e+05, 1.194107034657623444e+03, 7.751616827811160874e+03
1.953907815631262395e+02, 2.646313516549147243e+04, 1.446925718441541676e+03, 4.660423658630162208e+03, 4.585315233856571140e+05, 1.133318461854396219e+03, 7.764673609925354867e+03
1.963927855711422694e+02, 2.640900579770501281e+04, 1.367155782398149768e+03, 4.436339943830544144e+03, 4.589348550730493153e+05, 1.075577965555151422e+03, 7.777065437461847068e+03
1.973947895791582994e+02, 2.635767286260096807e+04, 1.291962660149662725e+03, 4.222627845564201380e+03, 4.593181703519830480e+05, 1.020740581481169784e+03, 7.788825698220944105e+03
1.983967935871743293e+02, 2.630898851327490775e+04, 1.221071741827264077e+03, 4.018841746992395656e+03, 4.596824446413209080e+05, 9.686671703740079238e+02, 7.799986186210507185e+03
1.993987975951903593e+02, 2.626281305629882627e+04, 1.154225576246504488e+03, 3.824552184978307650e+03, 4.600286076929341652e+05, 9.192243235933066217e+02, 7.810577165948811853e+03
2.004008016032063892e+02, 2.621901447200989787e+04, 1.091182774717007987e+03, 3.639345532884753993e+03, 4.603575455415308825e+05, 8.722842422435797971e+02, 7.820627436613817736e+03
2.014028056112224192e+02, 2.617746796065376475e+04, 1.031716981406030527e+03, 3.462823672078696291e+03, 4.606701023811083287e+05, 8.277246108827750959e+02, 7.830164393870348249e+03
2.024048096192384492e+02, 2.613805552338736743e+04, 9.756159117874271942e+02, 3.294603633588506455e+03, 4.609670823885923601e+05, 7.854284516059778980e+02, 7.839214091038308652e+03
2.034068136272544791e+02, 2.610066556364727512e+04, 9.226804489442175736e+02, 3.134317237109787129e+03, 4.612492514729609829e+05, 7.452839797737256049e+02, 7.847801297563971275e+03
2.044088176352705091e+02, 2.606519252164977661e+04, 8.727238028631875295e+02, 2.981610701855468960e+03, 4.615173389761795406e+05, 7.071844404336818570e+02, 7.855949557018316227e+03
2.054108216432865390e+02, 2.603153652656832492e+04, 8.255707196067000950e+02, 2.836144259865137883e+03, 4.617720393026004895e+05, 6.710279489398072883e+02, 7.863681242419555019e+03
2.064128256513025690e+02, 2.599960307186165301e+04, 7.810567432475227179e+02, 2.697591759540715884e+03, 4.620140134892286151e+05, 6.367173262389650290e+02, 7.871017609882498618e+03
2.074148296593186274e+02, 2.596930271226775585e+04, 7.390275263202688620e+02, 2.565640261869844835e+03, 4.622438907188637531e+05, 6.041599300348797215e+02, 7.877978850643469741e+03
2.084168336673346573e+02, 2.594055077628330037e+04, 6.993381819677568956e+02, 2.439989641252858291e+03, 4.624622697694338276e+05, 5.732674903121468333e+02, 7.884584140750111146e+03
2.094188376753506873e+02, 2.591326710139692295e+04, 6.618526834375437602e+02, 2.320352174866057794e+03, 4.626697204138216330e+05, 5.439559368624034050e+02, 7.890851689615439682e+03
2.104208416833667172e+02, 2.588737577901323675e+04, 6.264432956637684811e+02, 2.206452147056320428e+03, 4.628667847535728361e+05, 5.161452389277535531e+02, 7.896798785766036417e+03
2.114228456913827472e+02, 2.586280492110727209e+04, 5.929900519972499069e+02, 2.098025441809167660e+03, 4.630539785073673120e+05, 4.897592360655933135e+02, 7.902441841653386291e+03
2.124248496993987771e+02, 2.583948643528642424e+04, 5.613802571161912738e+02, 1.994819151997371364e+03, 4.632317922386680730e+05, 4.647254810356502617e+02, 7.907796435896296316e+03
2.134268537074148071e+02, 2.581735581780715074e+04, 5.315080288815950098e+02, 1.896591183730982038e+03, 4.634006925363139017e+05, 4.409750790415342863e+02, 7.912877354224791816e+03
2.144288577154308371e+02, 2.579635195544848830e+04, 5.032738651224115074e+02, 1.803109873495221564e+03, 4.635611231420680415e+05, 4.184425355162953224e+02, 7.917698628349510727e+03
2.154308617234468670e+02, 2.577641694103084228e+04, 4.765842422574688158e+02, 1.714153607156536737e+03, 4.637135060316787567e+05, 3.970656045142511630e+02, 7.922273573362062052e+03
2.164328657314628970e+02, 2.575749589890867719e+04, 4.513512384745751547e+02, 1.629510448245863017e+03, 4.638582424482583883e+05, 3.767851427288795207e+02, 7.926614823383574731e+03
2.174348697394789269e+02, 2.573953682024649970e+04, 4.274921809690171131e+02, 1.548977775006179854e+03, 4.639957138894204982e+05, 3.575449688387374749e+02, 7.930734365518977029e+03
2.184368737474949569e+02, 2.572249040906033042e+04, 4.049293185261425947e+02, 1.472361922797263105e+03, 4.641262830517435796e+05, 3.392917254913724605e+02, 7.934643572381249214e+03
2.194388777555109868e+02, 2.570630993501852208e+04, 3.835895115994048865e+02, 1.399477839496557181e+03, 4.642502947322876425e+05, 3.219747486223575379e+02, 7.938353232975475294e+03
2.204408817635270168e+02, 2.569095109709073222e+04, 3.634039473083355460e+02, 1.330148744830894657e+03, 4.643680766901007155e+05, 3.055459383949843755e+02, 7.941873582274293767e+03
2.214428857715430752e+02, 2.567637189266405403e+04, 3.443078684423520031e+02, 1.264205803515367279e+03, 4.644799404682404129e+05, 2.899596378811080513e+02, 7.945214329256673409e+03
2.224448897795591051e+02, 2.566253249554885406e+04, 3.262403233669921860e+02, 1.201487804536158364e+03, 4.645861821782695479e+05, 2.751725146022852755e+02, 7.948384683676126770e+03
2.234468937875751351e+02, 2.564939513969501422e+04, 3.091439294926917682e+02, 1.141840852240801723e+03, 4.646870832490156754e+05, 2.611434480558538098e+02, 7.951393381499871793e+03
2.244488977955911650e+02, 2.563692401062519275e+04, 2.929646548800906203e+02, 1.085118064558129163e+03, 4.647829111401024275e+05, 2.478334207107562577e+02, 7.954248709123321532e+03
2.254509018036071950e+02, 2.562508514167329486e+04, 2.776516111808706455e+02, 1.031179282985389364e+03, 4.648739200230297865e+05, 2.352054147457637328e+02, 7.956958526384839388e+03
2.264529058116232250e+02, 2.561384631685624481e+04, 2.631568620536658614e+02, 9.798907904742418395e+02, 4.649603514297335059e+05, 2.232243124376019523e+02, 7.959530288444707367e+03
2.274549098196392549e+02, 2.560317697840524852e+04, 2.494352421955071293e+02, 9.311250399073294375e+02, 4.650424348713902291e+05, 2.118568015200307286e+02, 7.961971066581584637e+03
2.284569138276552849e+02, 2.559304813996477606e+04, 2.364441894499633463e+02, 8.847603910003061856e+02, 4.651203884272185969e+05, 2.010712844404066857e+02, 7.964287567925924122e+03
2.294589178356713148e+02, 2.558343230402114204e+04, 2.241435863874950769e+02, 8.406808571974130473e+02, 4.651944193061371916e+05, 1.908377920332836482e+02, 7.966486154223468475e+03
2.304609218436873448e+02, 2.557430338417477833e+04, 2.124956130255031326e+02, 7.987758610059444209e+02, 4.652647243811812368e+05, 1.811279009729354925e+02, 7.968572859639599301e+03
2.314629258517033747e+02, 2.556563663137838012e+04, 2.014646082289823141e+02, 7.589399986359007926e+02, 4.653314906988504226e+05, 1.719146552341429697e+02, 7.970553407672206959e+03
2.324649298597194047e+02, 2.555740856430279018e+04, 1.910169402022723091e+02, 7.210728133750837969e+02, 4.653948959636404761e+05, 1.631724912941946286e+02, 7.972433227185224496e+03
2.334669338677354347e+02, 2.554959690338299697e+04, 1.811208850419475596e+02, 6.850785775061267486e+02, 4.654551089995373623e+05, 1.548771668962564547e+02, 7.974217467635297908e+03
2.344689378757514646e+02, 2.554218050837952978e+04, 1.717465129903741001e+02, 6.508660825508681000e+02, 4.655122901892645168e+05, 1.470056932960936251e+02, 7.975911013518625623e+03
2.354709418837675230e+02, 2.553513931936061272e+04, 1.628655820211952800e+02, 6.183484376075163027e+02, 4.655665918921442353e+05, 1.395362707964951028e+02, 7.977518498069949601e+03
2.364729458917835530e+02, 2.552845430068599308e+04, 1.544514376722336237e+02, 5.874428758693148893e+02, 4.656181588419944164e+05, 1.324482275118755581e+02, 7.979044316266196802e+03
2.374749498997995829e+02, 2.552210738815387231e+04, 1.464789196795786665e+02, 5.580705686295196983e+02, 4.656671285252601956e+05, 1.257219611324075856e+02, 7.980492637144442597e+03
2.384769539078156129e+02, 2.551608143871048014e+04, 1.389242737731944430e+02, 5.301564470180403532e+02, 4.657136315413563279e+05, 1.193388836356389362e+02, 7.981867415506347243e+03
2.394789579158316428e+02, 2.551036018310830332e+04, 1.317650697191176619e+02, 5.036290308375309905e+02, 4.657577919445689768e+05, 1.132813687820294604e+02, 7.983172402984058863e+03
2.404809619238476728e+02, 2.550492818072989394e+04, 1.249801235494816325e+02, 4.784202646303969004e+02, 4.657997275702786283e+05, 1.075327022378655215e+02, 7.984411158573756438e+03
2.414829659318637027e+02, 2.549977077712304890e+04, 1.185494255339955458e+02, 4.544653603791785486e+02, 4.658395503440960310e+05, 1.020770342885735431e+02, 7.985587058579219956e+03
2.424849699398797327e+02, 2.549487406343586554e+04, 1.124540716199586257e+02, 4.317026470061584860e+02, 4.658773665769583895e+05, 9.689933489566762148e+01, 7.986703306083975804e+03
2.434869739478957626e+02, 2.549022483829468547e+04, 1.066761999465970661e+02, 4.100734261766494910e+02, 4.659132772445508162e+05, 9.198535114606370655e+01, 7.987762939885214109e+03
2.444889779559117926e+02, 2.548581057137397511e+04, 1.011989304280064204e+02, 3.895218342717429323e+02, 4.659473782541283290e+05, 8.732156678872642885e+01, 7.988768843009262127e+03
2.454909819639278226e+02, 2.548161936913675527e+04, 9.600630875126844899e+01, 3.699947103055299635e+02, 4.659797606970920460e+05, 8.289516397392500835e+01, 7.989723750740532523e+03
2.464929859719438525e+02, 2.547763994212143371e+04, 9.108325309431246808e+01, 3.514414695684614571e+02, 4.660105110900878790e+05, 7.869398685521990444e+01, 7.990630258272734864e+03
2.474949899799598825e+02, 2.547386157413319961e+04, 8.641550462315616699e+01, 3.338139828322010771e+02, 4.660397116032949416e+05, 7.470650719024962427e+01, 7.991490827926293605e+03
2.484969939879759124e+02, 2.547027409286322290e+04, 8.198958049962851646e+01, 3.170664608000142834e+02, 4.660674402781875688e+05, 7.092179162868238507e+01, 7.992307796020935712e+03
2.494989979959919708e+02, 2.546686784216801607e+04, 7.779273006790481304e+01, 3.011553437513196059e+02, 4.660937712338573765e+05, 6.732947079040033600e+01, 7.993083379365031760e+03
2.505010020040080008e+02, 2.546363365567772416e+04, 7.381289337345913282e+01, 2.860391960250772172e+02, 4.661187748636139440e+05, 6.391970988233378392e+01, 7.993819681427498836e+03
2.515030060120240307e+02, 2.546056283184195127e+04, 7.003866235108203853e+01, 2.716786052776986935e+02, 4.661425180214458960e+05, 6.068318090994918634e+01, 7.994518698173435041e+03
2.525050100200400607e+02, 2.545764711021794574e+04, 6.645924418833050140e+01, 2.580360862313037842e+02, 4.661650641994554899e+05, 5.761103630118736163e+01, 7.995182323605736201e+03
2.535070140280560906e+02, 2.545487864900560089e+04, 6.306442690610786173e+01, 2.450759888195111671e+02, 4.661864736963243922e+05, 5.469488393113525149e+01, 7.995812355013265005e+03
2.545090180360721206e+02, 2.545225000372633804e+04, 5.984454693614155474e+01, 2.327644104759695551e+02, 4.662068037774708937e+05, 5.192676344164094360e+01, 7.996410497949007549e+03
2.555110220440881506e+02, 2.544975410697185725e+04, 5.679045852983775688e+01, 2.210691124023888392e+02, 4.662261088273582282e+05, 4.929912378313937182e+01, 7.996978370954594538e+03
2.565130260521041805e+02, 2.544738424930298788e+04, 5.389350523798497505e+01, 2.099594397985608794e+02, 4.662444404936177307e+05, 4.680480202626270625e+01, 7.997517510016516098e+03
2.575150300601202389e+02, 2.544513406095065875e+04, 5.114549258528354869e+01, 1.994062455526375288e+02, 4.662618478249571635e+05, 4.443700312558743093e+01, 7.998029372828765190e+03
2.585170340681362404e+02, 2.544299749464127672e+04, 4.853866280371926223e+01, 1.893818177070817512e+02, 4.662783774011370842e+05, 4.218928091710035488e+01, 7.998515342793847594e+03
2.595190380761522988e+02, 2.544096880913269342e+04, 4.606567060123569490e+01, 1.798598100363187200e+02, 4.662940734574275557e+05, 4.005551994865805199e+01, 7.998976732853612702e+03
2.605210420841683003e+02, 2.543904255374256172e+04, 4.371956069472912532e+01, 1.708151761000686122e+02, 4.663089780019660247e+05, 3.802991840833905712e+01, 7.999414789088314137e+03
2.615230460921843587e+02, 2.543721355355281412e+04, 4.149374634828091502e+01, 1.622241061804769515e+02, 4.663231309279307607e+05, 3.610697183273390465e+01, 7.999830694154952653e+03
2.625250501002003602e+02, 2.543547689543592787e+04, 3.938198930265441078e+01, 1.540639672909442197e+02, 4.663365701196973678e+05, 3.428145774093230358e+01, 8.000225570532214078e+03
2.635270541082164186e+02, 2.543382791477753926e+04, 3.737838080860684897e+01, 1.463132459663659688e+02, 4.663493315537926974e+05, 3.254842105314333622e+01, 8.000600483601653650e+03
2.645290581162324202e+02, 2.543226218284957940e+04, 3.547732366222967215e+01, 1.389514937140667996e+02, 4.663614493949574535e+05, 3.090316024065630174e+01, 8.000956444576054309e+03
2.655310621242484785e+02, 2.543077549489322701e+04, 3.367351540953861644e+01, 1.319592751804238731e+02, 4.663729560869862325e+05, 2.934121426933234744e+01, 8.001294413261307454e+03
2.665330661322644801e+02, 2.542936385871467792e+04, 3.196193228998021851e+01, 1.253181185606324135e+02, 4.663838824396080454e+05, 2.785835012950912315e+01, 8.001615300697157181e+03
2.675350701402805385e+02, 2.542802348396950038e+04, 3.033781433261241389e+01, 1.190104686039058350e+02, 4.663942577103218064e+05, 2.645055113569344130e+01, 8.001919971636483751e+03
2.685370741482965400e+02, 2.542675077188721116e+04, 2.879665103742280152e+01, 1.130196416267651784e+02, 4.664041096828107256e+05, 2.511400571605053855e+01, 8.002209246921829617e+03
2.695390781563125984e+02, 2.542554230560849101e+04, 2.733416806048045444e+01, 1.073297828899917334e+02, 4.664134647408326855e+05, 2.384509689043480307e+01, 8.002483905717942434e+03
2.705410821643285999e+02, 2.542439484094695217e+04, 2.594631449661067535e+01, 1.019258258442483083e+02, 4.664223479388453998e+05, 2.264039222157741449e+01, 8.002744687645234080e+03
2.715430861723446583e+02, 2.542330529766415202e+04, 2.462925096047172957e+01, 9.679345344999130418e+01, 4.664307830687944079e+05, 2.149663433779338462e+01, 8.002992294793235487e+03
2.725450901803607167e+02, 2.542227075116592096e+04, 2.337933828061273545e+01, 9.191906129662699243e+01, 4.664387927236970863e+05, 2.041073192408405745e+01, 8.003227393635701446e+03
2.735470941883767182e+02, 2.542128842460347005e+04, 2.219312678254206617e+01, 8.728972245262633578e+01, 4.664463983581458451e+05, 1.937975116445051782e+01, 8.003450616851142513e+03
2.745490981963927766e+02, 2.542035568145316938e+04, 2.106734633120289146e+01, 8.289315422195093674e+01, 4.664536203452414484e+05, 1.840090772129251917e+01, 8.003662565031028862e+03
2.755511022044087781e+02, 2.541947001835742776e+04, 1.999889667106508284e+01, 7.871768619060519256e+01, 4.664604780314598465e+05, 1.747155899267359302e+01, 8.003863808328457708e+03
2.765531062124248365e+02, 2.541862905843126282e+04, 1.898483850621089886e+01, 7.475223012017819713e+01, 4.664669897880538483e+05, 1.658919689101859873e+01, 8.004054887997577680e+03
2.775551102204408380e+02, 2.541783054484358217e+04, 1.802238493954240539e+01, 7.098625110379717285e+01, 4.664731730603212491e+05, 1.575144092237292170e+01, 8.004236317869523191e+03
2.785571142284568964e+02, 2.541707233474502209e+04, 1.710889342115131484e+01, 6.740974018976348248e+01, 4.664790444142473279e+05, 1.495603164920340333e+01, 8.004408585747622055e+03
2.795591182364728979e+02, 2.541635239353140423e+04, 1.624185819012627263e+01, 6.401318842313671098e+01, 4.664846195806071046e+05, 1.420082452378845517e+01, 8.004572154724513894e+03
2.805611222444889563e+02, 2.541566878933137195e+04, 1.541890299172991696e+01, 6.078756194789454526e+01, 4.664899134973193286e+05, 1.348378396178727101e+01, 8.004727464447934835e+03
2.815631262525049578e+02, 2.541501968785306235e+04, 1.463777434885006379e+01, 5.772427857511330984e+01, 4.664949403491011471e+05, 1.280297781973885662e+01, 8.004874932302163870e+03
2.825651302605210162e+02, 2.541440334742199411e+04, 1.389633506050877720e+01, 5.481518527043195377e+01, 4.664997136056279996e+05, 1.215657207295024023e+01, 8.005014954546171793e+03
2.835671342685370178e+02, 2.541381811431431925e+04, 1.319255813023582746e+01, 5.205253689555225094e+01, 4.665042460574591532e+05, 1.154282581760363513e+01, 8.005147907383213351e+03
2.845691382765530761e+02, 2.541326241831590960e+04, 1.252452100212997621e+01, 4.942897595499410812e+01, 4.665085498502299306e+05, 1.096008651886159413e+01, 8.005274147978252586e+03
2.855711422845691345e+02, 2.541273476848357313e+04, 1.189040006761209867e+01, 4.693751325511146888e+01, 4.665126365172847291e+05, 1.040678548044763829e+01, 8.005394015428601961e+03
2.865731462925851361e+02, 2.541223374916855755e+04, 1.128846555624906500e+01, 4.457150967688176024e+01, 4.665165170103198034e+05, 9.881433605178683521e+00, 8.005507831673407054e+03
2.875751503006011944e+02, 2.541175801618366677e+04, 1.071707658811569885e+01, 4.232465864973730163e+01, 4.665202017289065989e+05, 9.382617300859608989e+00, 8.005615902371089760e+03
2.885771543086171960e+02, 2.541130629321371816e+04, 1.017467657978338380e+01, 4.019096966411021299e+01, 4.665237005481660599e+05, 8.908994656349467078e+00, 8.005718517720018099e+03
2.895791583166332543e+02, 2.541087736837851480e+04, 9.659788845123356893e+00, 3.816475248864124126e+01, 4.665270228452624870e+05, 8.459291781040679581e+00, 8.005815953244254160e+03
2.905811623246492559e+02, 2.541047009097469709e+04, 9.171012438242216902e+00, 3.624060218547140266e+01, 4.665301775245257886e+05, 8.032299337711265252e+00, 8.005908470538132860e+03
2.915831663326653143e+02, 2.541008336840138145e+04, 8.707018248770012292e+00, 3.441338493723673508e+01, 4.665331730411699391e+05, 7.626869274194817194e+00, 8.005996317968508265e+03
2.925851703406813158e+02, 2.540971616319602981e+04, 8.266545226047458783e+00, 3.267822440479984891e+01, 4.665360174241500208e+05, 7.241911671186936239e+00, 8.006079731351942428e+03
2.935871743486973742e+02, 2.540936749028074701e+04, 7.848396908584168941e+00, 3.103048898620592766e+01, 4.665387182974177413e+05, 6.876391823908446277e+00, 8.006158934582802431e+03
2.945891783567133757e+02, 2.540903641430716016e+04, 7.451438066275022365e+00, 2.946577955334812060e+01, 4.665412829004095402e+05, 6.529327424386822898e+00, 8.006234140239285807e+03
2.955911823647294341e+02, 2.540872204713028623e+04, 7.074591509822724333e+00, 2.797991777756271503e+01, 4.665437181075412082e+05, 6.199785881196036463e+00, 8.006305550159945597e+03
2.965931863727454356e+02, 2.540842354545172566e+04, 6.716835134512694871e+00, 2.656893519837700879e+01, 4.665460304464115761e+05, 5.886881822599257852e+00, 8.006373355981198983e+03
2.975951903807614940e+02, 2.540814010852959836e+04, 6.377199037922300917e+00, 2.522906262435364155e+01, 4.665482261154777370e+05, 5.589774670771559428e+00, 8.006437739659588260e+03
2.985971943887774955e+02, 2.540787097604011433e+04, 6.054762845295232232e+00, 2.395672020404283131e+01, 4.665503110005717026e+05, 5.307666379623862341e+00, 8.006498873959177217e+03
2.995991983967935539e+02, 2.540761542604772694e+04, 5.748653176368831552e+00, 2.274850799176257254e+01, 4.665522906905809650e+05, 5.039799289117339320e+00, 8.006556922914043753e+03
3.006012024048096123e+02, 2.540737277304366580e+04, 5.458041188210027705e+00, 2.160119684788847394e+01, 4.665541704925959348e+05, 4.785454048735136467e+00, 8.006612042275503882e+03
3.016032064128256138e+02, 2.540714236612899913e+04, 5.182140320528269228e+00, 2.051171997272627223e+01, 4.665559554459509091e+05, 4.543947701115810922e+00, 8.006664379925673529e+03
3.026052104208416722e+02, 2.540692358725642771e+04, 4.920204106020453771e+00, 1.947716472789072384e+01, 4.665576503358070622e+05, 4.314631824562265905e+00, 8.006714076277982713e+03
3.036072144288576737e+02, 2.540671584956696825e+04, 4.671524103673410089e+00, 1.849476489092382181e+01, 4.665592597060057451e+05, 4.096890776654248612e+00, 8.006761264655993728e+03
3.046092184368737321e+02, 2.540651859583261103e+04, 4.435427970813668352e+00, 1.756189338923582355e+01, 4.665607878711095545e+05, 3.890140049611234829e+00, 8.006806071648104989e+03
3.056112224448897337e+02, 2.540633129694116724e+04, 4.211277583577257566e+00, 1.667605524086796720e+01, 4.665622389281095238e+05, 3.693824672355922711e+00, 8.006848617452430517e+03
3.066132264529057920e+02, 2.540615345048775634e+04, 3.998467300102849453e+00, 1.583488097308015874e+01, 4.665636167673145537e+05, 3.507417727250366823e+00, 8.006889016197205819e+03
3.076152304609217936e+02, 2.540598457942897585e+04, 3.796422301237814878e+00, 1.503612033432079720e+01, 4.665649250827555661e+05, 3.330418932906246354e+00, 8.006927376246921085e+03
3.086172344689378519e+02, 2.540582423079050932e+04, 3.604596993401111060e+00, 1.427763626108286488e+01, 4.665661673821776640e+05, 3.162353280702835612e+00, 8.006963800496566364e+03
3.096192384769538535e+02, 2.540567197446698265e+04, 3.422473534175745957e+00, 1.355739926050503108e+01, 4.665673469963223906e+05, 3.002769771265835441e+00, 8.006998386644610946e+03
3.106212424849699119e+02, 2.540552740205762530e+04, 3.249560399444022973e+00, 1.287348196610952478e+01, 4.665684670879300684e+05, 2.851240188911294826e+00, 8.007031227457818204e+03
3.116232464929859134e+02, 2.540539012577051108e+04, 3.085391037926655144e+00, 1.222405400855759083e+01, 4.665695306602141936e+05, 2.707357948299834671e+00, 8.007062411020466243e+03
3.126252505010019718e+02, 2.540525977739230802e+04, 2.929522609567993374e+00, 1.160737718707839328e+01, 4.665705405648320448e+05, 2.570737010245976784e+00, 8.007092020968664656e+03
3.136272545090180301e+02, 2.540513600728685196e+04, 2.781534755635396650e+00, 1.102180078254232676e+01, 4.665714995096291532e+05, 2.441010827628173896e+00, 8.007120136718121103e+03
3.146292585170340317e+02, 2.540501848346654879e+04, 2.641028465150016213e+00, 1.046575720009927934e+01, 4.665724100658223615e+05, 2.317831370665341506e+00, 8.007146833675090420e+03
3.156312625250500901e+02, 2.540490689070024382e+04, 2.507624984372003318e+00, 9.937757785348740214e+00, 4.665732746749013895e+05, 2.200868189419384002e+00, 8.007172183439136461e+03
3.166332665330660916e+02, 2.540480092966148004e+04, 2.380964775200442141e+00, 9.436388830451738485e+00, 4.665740956552181742e+05, 2.089807517847332097e+00, 8.007196253996819905e+03
3.176352705410821500e+02, 2.540470031613559695e+04, 2.260706548184899134e+00, 8.960307851276317237e+00, 4.665748752081235289e+05, 1.984351439286893504e+00, 8.007219109902056516e+03
3.186372745490981515e+02, 2.540460478024884651e+04, 2.146526322128941455e+00, 8.508239969261900626e+00, 4.665756154239312164e+05, 1.884217077255373907e+00, 8.007240812451244892e+03
3.196392785571142099e+02, 2.540451406574647262e+04, 2.038116545368312771e+00, 8.078974519884143390e+00, 4.665763182875035563e+05, 1.789135837390952055e+00, 8.007261419847302932e+03
3.206412825651302114e+02, 2.540442792931028089e+04, 1.935185266762387890e+00, 7.671361843865240893e+00, 4.665769856835327810e+05, 1.698852691631761891e+00, 8.007280987354665740e+03
3.216432865731462698e+02, 2.540434613989750869e+04, 1.837455329816191307e+00, 7.284310182840488146e+00, 4.665776194016573718e+05, 1.613125482806292421e+00, 8.007299567449623282e+03
3.226452905811622713e+02, 2.540426847812821143e+04, 1.744663629577758890e+00, 6.916782797019386919e+00, 4.665782211412034812e+05, 1.531724282245701119e+00, 8.007317209959448519e+03
3.236472945891783297e+02, 2.540419473569402544e+04, 1.656560394643858958e+00, 6.567795184918938212e+00, 4.665787925157603459e+05, 1.454430769323596495e+00, 8.007333962196698849e+03
3.246492985971943313e+02, 2.540412471479678061e+04, 1.572908505798404022e+00, 6.236412442772604869e+00, 4.665793350575256627e+05, 1.381037642186637937e+00, 8.007349869086777289e+03
3.256513026052103896e+02, 2.540405822762432217e+04, 1.493482860758767794e+00, 5.921746797166197673e+00, 4.665798502213639440e+05, 1.311348066666681467e+00, 8.007364973287118119e+03
3.266533066132263912e+02, 2.540399509584034604e+04, 1.418069755476688787e+00, 5.622955204713131927e+00, 4.665803393887550919e+05, 1.245175141296504195e+00, 8.007379315303049225e+03
3.276553106212424495e+02, 2.540393515010879491e+04, 1.346466308929589406e+00, 5.339237111912925826e+00, 4.665808038714756840e+05, 1.182341398898751006e+00, 8.007392933595770046e+03
3.286573146292585079e+02, 2.540387822964143197e+04, 1.278479916302298847e+00, 5.069832323450999212e+00, 4.665812449151009787e+05, 1.122678332762829578e+00, 8.007405864685044435e+03
3.296593186372745095e+02, 2.540382418176178180e+04, 1.213927720788263498e+00, 4.814018949484838217e+00, 4.665816637023811345e+05, 1.066025938500360759e+00, 8.007418143248327397e+03
3.306613226452905678e+02, 2.540377286150067084e+04, 1.152636124864487632e+00, 4.571111499525110311e+00, 4.665820613563728402e+05, 1.012232289435427202e+00, 8.007429802212673167e+03
3.316633266533065694e+02, 2.540372413120451165e+04, 1.094440317027989051e+00, 4.340459036610531562e+00, 4.665824389434720506e+05, 9.611531261098044121e-01, 8.007440872843681973e+03
3.326653306613226277e+02, 2.540367786016530954e+04, 1.039183825091541058e+00, 4.121443433391819511e+00, 4.665827974762783269e+05, 9.126514683865722954e-01, 8.007451384829517337e+03
3.336673346693386293e+02, 2.540363392427387953e+04, 9.867180981605540024e-01, 3.913477736397052986e+00, 4.665831379162800731e+05, 8.665972518436824146e-01, 8.007461366359677413e+03
3.346693386773546877e+02, 2.540359220568246383e+04, 9.369020990576690799e-01, 3.716004576119726011e+00, 4.665834611764670117e+05, 8.228669737048804889e-01, 8.007470844201650834e+03
3.356713426853706892e+02, 2.540355259249173469e+04, 8.896019274051478742e-01, 3.528494690098926245e+00, 4.665837681237536017e+05, 7.813433652259630380e-01, 8.007479843771946435e+03
3.366733466933867476e+02, 2.540351497845018821e+04, 8.446904574239739727e-01, 3.350445504942356933e+00, 4.665840595813064137e+05, 7.419150767415793046e-01, 8.007488389204346277e+03
3.376753507014027491e+02, 2.540347926266543800e+04, 8.020469898392528219e-01, 3.181379774716275310e+00, 4.665843363307797699e+05, 7.044763747910043339e-01, 8.007496503415493862e+03
3.386773547094188075e+02, 2.540344534933905743e+04, 7.615569327923292775e-01, 3.020844329352161850e+00, 4.665845991143698338e+05, 6.689268638692472679e-01, 8.007504208165149066e+03
3.396793587174348090e+02, 2.540341314750837046e+04, 7.231114909539685387e-01, 2.868408856236663418e+00, 4.665848486368138692e+05, 6.351712157690660998e-01, 8.007511524114830536e+03
3.406813627254508674e+02, 2.540338257079869436e+04, 6.866073672271543193e-01, 2.723664731131274053e+00, 4.665850855673088809e+05, 6.031189100363012479e-01, 8.007518470884061571e+03
3.416833667334668689e+02, 2.540335353719626073e+04, 6.519464900822679043e-01, 2.586223945475735864e+00, 4.665853105412700679e+05, 5.726839962264062001e-01, 8.007525067101918467e+03
3.426853707414829273e+02, 2.540332596882635698e+04, 6.190357466519248453e-01, 2.455718059258515495e+00, 4.665855241620490560e+05, 5.437848612830551431e-01, 8.007531330457421973e+03
3.436873747494989857e+02, 2.540329979174214168e+04, 5.877867286678457592e-01, 2.331797204029558035e+00, 4.665857270025695907e+05, 5.163440080673455945e-01, 8.007537277747515873e+03
3.446893787575149872e+02, 2.540327493573080937e+04, 5.581154998255649646e-01, 2.214129167212923299e+00, 4.665859196068287129e+05, 4.902878524174198449e-01, 8.007542924921057420e+03
3.456913827655310456e+02, 2.540325133412277864e+04, 5.299423664584372862e-01, 2.102398491001248981e+00, 4.665861024913744186e+05, 4.655465232070231663e-01, 8.007548287122157490e+03
3.466933867735470471e+02, 2.540322892361127015e+04, 5.031916608123029322e-01, 1.996305620280547810e+00, 4.665862761467032251e+05, 4.420536733171357979e-01, 8.007553378731142402e+03
3.476953907815631055e+02, 2.540320764408639661e+04, 4.777915419738096303e-01, 1.895566118595804372e+00, 4.665864410385453957e+05, 4.197463054014386463e-01, 8.007558213402276124e+03
3.486973947895791071e+02, 2.540318743847136284e+04, 4.536737991654494206e-01, 1.799909894535970167e+00, 4.665865976091336925e+05, 3.985646003581063690e-01, 8.007562804100944959e+03
3.496993987975951654e+02, 2.540316825256854281e+04, 4.307736669804204110e-01, 1.709080474463280819e+00, 4.665867462783954688e+05, 3.784517559912006779e-01, 8.007567163138617616e+03
3.507014028056111670e+02, 2.540315003491723837e+04, 4.090296550771915784e-01, 1.622834330055500374e+00, 4.665868874450540752e+05, 3.593538385001435187e-01, 8.007571302205088614e+03
3.517034068136272253e+02, 2.540313273665312227e+04, 3.883833793655878663e-01, 1.540940214156870880e+00, 4.665870214877180988e+05, 3.412196348691117764e-01, 8.007575232400438836e+03
3.527054108216432269e+02, 2.540311631137678341e+04, 3.687794044242838076e-01, 1.463178539672748357e+00, 4.665871487658990663e+05, 3.240005152059320381e-01, 8.007578964264874230e+03
3.537074148296592853e+02, 2.540310071503221479e+04, 3.501650977990442559e-01, 1.389340805132715184e+00, 4.665872696209534188e+05, 3.076503051143321676e-01, 8.007582507806357171e+03
3.547094188376752868e+02, 2.540308590578600342e+04, 3.324904851756783075e-01, 1.319229023615482888e+00, 4.665873843770179083e+05, 2.921251593452824924e-01, 8.007585872528017717e+03
3.557114228456913452e+02, 2.540307184391516421e+04, 3.157081159773501566e-01, 1.252655192627771807e+00, 4.665874933418783476e+05, 2.773834442426029168e-01, 8.007589067453626740e+03
3.567134268537074036e+02, 2.540305849170284637e+04, 2.997729385256332479e-01, 1.189440800775065199e+00, 4.665875968077781145e+05, 2.633856284413976789e-01, 8.007592101151285533e+03
3.577154308617234051e+02, 2.540304581333482201e+04, 2.846421759112664485e-01, 1.129416338624822158e+00, 4.665876950522193802e+05, 2.500941743318207955e-01, 8.007594981756942616e+03
3.587174348697394635e+02, 2.540303377480375275e+04, 2.702752113459584438e-01, 1.072420845946434387e+00, 4.665877883387050242e+05, 2.374734377680625674e-01, 8.007597716996132476e+03
3.597194388777554650e+02, 2.540302234381983362e+04, 2.566334812778459096e-01, 1.018301489103889068e+00, 4.665878769174307818e+05, 2.254895747516431348e-01, 8.007600314204238202e+03
3.607214428857715234e+02, 2.540301148972199371e+04, 2.436803689785679294e-01, 9.669131411990619096e-01, 4.665879610259729088e+05, 2.141104482124371322e-01, 8.007602780346672262e+03
3.617234468937875249e+02, 2.540300118339616893e+04, 2.313811067347568140e-01, 9.181179956353306970e-01, 4.665880408899215981e+05, 2.033055424007237377e-01, 8.007605122037438377e+03
3.627254509018035833e+02, 2.540299139719868617e+04, 2.197026840656424451e-01, 8.717852037087601147e-01, 4.665881167234746972e+05, 1.930458822255736173e-01, 8.007607345556573819e+03
3.637274549098195848e+02, 2.540298210488016775e+04, 2.086137566908214391e-01, 8.277905148234881993e-01, 4.665881887300270610e+05, 1.833039538279765679e-01, 8.007609456867397967e+03
3.647294589178356432e+02, 2.540297328151578768e+04, 1.980845630648254418e-01, 7.860159465077872776e-01, 4.665882571027108352e+05, 1.740536314369888204e-01, 8.007611461632357532e+03
3.657314629258516447e+02, 2.540296490343944242e+04, 1.880868457374744451e-01, 7.463494729659562177e-01, 4.665883220249052392e+05, 1.652701086388713991e-01, 8.007613365227955910e+03
3.667334669338677031e+02, 2.540295694817866388e+04, 1.785937733537668048e-01, 7.086847172740972089e-01, 4.665883836707412265e+05, 1.569298299101966609e-01, 8.007615172759558845e+03
3.677354709418837047e+02, 2.540294939439504378e+04, 1.695798694440377175e-01, 6.729206695982163922e-01, 4.665884422055626637e+05, 1.490104282917798784e-01, 8.007616889074919527e+03
3.687374749498997630e+02, 2.540294222182773592e+04, 1.610209448279084632e-01, 6.389614199048972987e-01, 4.665884977863642853e+05, 1.414906661638100915e-01, 8.007618518777009740e+03
3.697394789579157646e+02, 2.540293541123775867e+04, 1.528940309986134283e-01, 6.067158943719916930e-01, 4.665885505622231867e+05, 1.343503769507038703e-01, 8.007620066236664570e+03
3.707414829659318229e+02, 2.540292894435710696e+04, 1.451773193073673252e-01, 5.760976148148816423e-01, 4.665886006746927742e+05, 1.275704117322265796e-01, 8.007621535604147539e+03
3.717434869739478813e+02, 2.540292280384020705e+04, 1.378501028605953471e-01, 5.470244688013292667e-01, 4.665886482581796008e+05, 1.211325882092145895e-01, 8.007622930820195506e+03
3.727454909819638829e+02, 2.540291697321628453e+04, 1.308927195988749403e-01, 5.194184845214302459e-01, 4.665886934403117630e+05, 1.150196408980874996e-01, 8.007624255626822560e+03
3.737474949899799412e+02, 2.540291143684595954e+04, 1.242865004099229648e-01, 4.932056251902797728e-01, 4.665887363422754570e+05, 1.092151757230368087e-01, 8.007625513577176207e+03
3.747494989979959428e+02, 2.540290617987942824e+04, 1.180137192077821695e-01, 4.683155912925339170e-01, 4.665887770791386138e+05, 1.037036263424141042e-01, 8.007626708045014311e+03
3.757515030060120012e+02, 2.540290118821584838e+04, 1.120575443216309530e-01, 4.446816283248734569e-01, 4.665888157601659768e+05, 9.847021143606540794e-02, 8.007627842233950105e+03
3.767535070140280027e+02, 2.540289644846630472e+04, 1.064019942175984668e-01, 4.222403515974508248e-01, 4.665888524891060661e+05, 9.350089580000832401e-02, 8.007628919185874111e+03
3.777555110220440611e+02, 2.540289194791773843e+04, 1.010318944084961645e-01, 4.009315756305435463e-01, 4.665888873644703999e+05, 8.878235256721277169e-02, 8.007629941789144141e+03
3.787575150300600626e+02, 2.540288767449809893e+04, 9.593283581329238585e-02, 3.806981491318500721e-01, 4.665889204798035207e+05, 8.430192681219560169e-02, 8.007630912786487897e+03
3.797595190380761210e+02, 2.540288361674457337e+04, 9.109113679933822372e-02, 3.614858047006980768e-01, 4.665889519239293877e+05, 8.004760217896318697e-02, 8.007631834782227997e+03
3.807615230460921225e+02, 2.540287976377368250e+04, 8.649380745265758397e-02, 3.432430172244201882e-01, 4.665889817811829271e+05, 7.600796948158904109e-02, 8.007632710249082265e+03
3.817635270541081809e+02, 2.540287610525058699e+04, 8.212851289425779355e-02, 3.259208587503516497e-01, 4.665890101316479268e+05, 7.217219456684439982e-02, 8.007633541535133190e+03
3.827655310621241824e+02, 2.540287263136183174e+04, 7.798354072015212246e-02, 3.094728694295736382e-01, 4.665890370513680973e+05, 6.852998974465389359e-02, 8.007634330870016129e+03
3.837675350701402408e+02, 2.540286933278985452e+04, 7.404777058956855951e-02, 2.938549368192145406e-01, 4.665890626125446288e+05, 6.507158728115360058e-02, 8.007635080370691867e+03
3.847695390781562992e+02, 2.540286620068695265e+04, 7.031064309133808199e-02, 2.790251726924518616e-01, 4.665890868837377639e+05, 6.178771196206363225e-02, 8.007635792047372888e+03
3.857715430861723007e+02, 2.540286322665159605e+04, 6.676213148187844226e-02, 2.649438009949208750e-01, 4.665891099300505011e+05, 5.866955635320274254e-02, 8.007636467808899397e+03
3.867735470941883591e+02, 2.540286040270684316e+04, 6.339271583706954094e-02, 2.515730556248308436e-01, 4.665891318132959423e+05, 5.570875791033123858e-02, 8.007637109467666050e+03
3.877755511022043606e+02, 2.540285772127817836e+04, 6.019335662653185759e-02, 2.388770756145479068e-01, 4.665891525921688881e+05, 5.289737591476377510e-02, 8.007637718744642370e+03
3.887775551102204190e+02, 2.540285517517300832e+04, 5.715547019809130713e-02, 2.268218080155561811e-01, 4.665891723224046291e+05, 5.022786994292255391e-02, 8.007638297274036631e+03
3.897795591182364205e+02, 2.540285275756202827e+04, 5.427090656678022762e-02, 2.153749196743980354e-01, 4.665891910569236497e+05, 4.769308043984620687e-02, 8.007638846607512278e+03
3.907815631262524789e+02, 2.540285046196070471e+04, 5.153192730570711755e-02, 2.045057096347470127e-01, 4.665892088459745282e+05, 4.528620929436307646e-02, 8.007639368218401614e+03
3.917835671342684805e+02, 2.540284828221145290e+04, 4.893118423149966228e-02, 1.941850247474308511e-01, 4.665892257372725871e+05, 4.300080108244182242e-02, 8.007639863505759422e+03
3.927855711422845388e+02, 2.540284621246749157e+04, 4.646170014320884223e-02, 1.843851832802012869e-01, 4.665892417761247489e+05, 4.083072620309346340e-02, 8.007640333798025495e+03
3.937875751503005404e+02, 2.540284424717740694e+04, 4.411685037254589603e-02, 1.750799018039194410e-01, 4.665892570055490360e+05, 3.877016470652273200e-02, 8.007640780356532559e+03
3.947895791583165988e+02, 2.540284238106964040e+04, 4.189034428821445527e-02, 1.662442217999698935e-01, 4.665892714663950610e+05, 3.681359007096098729e-02, 8.007641204379022383e+03
3.957915831663326003e+02, 2.540284060913858775e+04, 3.977620867791852033e-02, 1.578544438165502828e-01, 4.665892851974514197e+05, 3.495575459366148663e-02, 8.007641607002811725e+03
3.967935871743486587e+02, 2.540283892663164079e+04, 3.776877228528704999e-02, 1.498880662452807266e-01, 4.665892982355463319e+05, 3.319167565641576584e-02, 8.007641989307748190e+03
3.977955911823646602e+02, 2.540283732903582859e+04, 3.586264983239736276e-02, 1.423237219351205229e-01, 4.665893106156511931e+05, 3.151662182216261043e-02, 8.007642352319240672e+03
3.987975951903807186e+02, 2.540283581206579038e+04, 3.405272768449250920e-02, 1.351411213821155921e-01, 4.665893223709738231e+05, 2.992610019408819752e-02, 8.007642697010990560e+03
3.997995991983967770e+02, 2.540283437165272335e+04, 3.233415068125997105e-02, 1.283210002726426768e-01, 4.665893335330436239e+05, 2.841584504831125985e-02, 8.007643024307481028e+03
4.008016032064127785e+02, 2.540283300393306126e+04, 3.070230860928525179e-02, 1.218450659881232107e-01, 4.665893441317998222e+05, 2.698180582675011388e-02, 8.007643335086563638e+03
4.018036072144288369e+02, 2.540283170523806257e+04, 2.915282376917242152e-02, 1.156959482593612476e-01, 4.665893541956717381e+05, 2.562013625209207113e-02, 8.007643630181821209e+03
4.028056112224448384e+02, 2.540283047208437711e+04, 2.768153970078616674e-02, 1.098571546246883551e-01, 4.665893637516521267e+05, 2.432718432215077997e-02, 8.007643910384719675e+03
4.038076152304608968e+02, 2.540282930116445641e+04, 2.628450971974489320e-02, 1.043130248650897124e-01, 4.665893728253717418e+05, 2.309948231951132469e-02, 8.007644176446789970e+03
4.048096192384768983e+02, 2.540282818933740054e+04, 2.495798604400147752e-02, 9.904868781517225940e-02, 4.665893814411696512e+05, 2.193373731772895255e-02, 8.007644429081684393e+03
4.058116232464929567e+02, 2.540282713362065260e+04, 2.369840984612831686e-02, 9.405002196192348285e-02, 4.665893896221579635e+05, 2.082682240561730541e-02, 8.007644668967079269e+03
4.068136272545089582e+02, 2.540282613118279914e+04, 2.250240264635146661e-02, 8.930362134984258515e-02, 4.665893973902777652e+05, 1.977576900235561083e-02, 8.007644896746325685e+03
4.078156312625250166e+02, 2.540282517933507552e+04, 2.136675620390478605e-02, 8.479675547348265729e-02, 4.665894047663647216e+05, 1.877775807466488048e-02, 8.007645113030359425e+03
4.088176352705410181e+02, 2.540282427552423542e+04, 2.028842397741273743e-02, 8.051733543384667624e-02, 4.665894117702043150e+05, 1.783011259148194194e-02, 8.007645318399336247e+03
4.098196392785570765e+02, 2.540282341732592613e+04, 1.926451323644085348e-02, 7.645388257302343504e-02, 4.665894184205834172e+05, 1.693029066603919316e-02, 8.007645513404122539e+03
4.108216432865730781e+02, 2.540282260243844212e+04, 1.829227763632595635e-02, 7.259549889380653709e-02, 4.665894247353380779e+05, 1.607587916479861004e-02, 8.007645698567701402e+03
4.118236472945891364e+02, 2.540282182867598749e+04, 1.736910914573177450e-02, 6.893183519997951592e-02, 4.665894307314064354e+05, 1.526458644729971649e-02, 8.007645874386719697e+03
4.128256513026051380e+02, 2.540282109396292071e+04, 1.649253118197211224e-02, 6.545306376970608242e-02, 4.665894364248728380e+05, 1.449423643485036120e-02, 8.007646041332790446e+03
4.138276553106211963e+02, 2.540282039632859232e+04, 1.566019243880429138e-02, 6.214985405633422638e-02, 4.665894418310081237e+05, 1.376276302336274827e-02, 8.007646199853680628e+03
4.148296593186372547e+02, 2.540281973390188068e+04, 1.486986035716190459e-02, 5.901334673739929565e-02, 4.665894469643119955e+05, 1.306820439894033556e-02, 8.007646350374548092e+03
4.158316633266532563e+02, 2.540281910490590235e+04, 1.411941482828356006e-02, 5.603512867196393243e-02, 4.665894518385538249e+05, 1.240869757144462404e-02, 8.007646493299138456e+03
4.168336673346693146e+02, 2.540281850765335912e+04, 1.340684262262353821e-02, 5.320721085518834159e-02, 4.665894564668087987e+05, 1.178247342788651605e-02, 8.007646629010844663e+03
4.178356713426853162e+02, 2.540281794054238344e+04, 1.273023249269203405e-02, 5.052200883460204739e-02, 4.665894608614900499e+05, 1.118785249901406431e-02, 8.007646757873641945e+03
4.188376753507013746e+02, 2.540281740205187816e+04, 1.208776952945336478e-02, 4.797232046681665363e-02, 4.665894650343849789e+05, 1.062323992302063522e-02, 8.007646880233160118e+03
4.198396793587173761e+02, 2.540281689073738016e+04, 1.147773029110443418e-02, 4.555130657383123921e-02, 4.665894689966869191e+05, 1.008712116458862496e-02, 8.007646996417619448e+03
4.208416833667334345e+02, 2.540281640522734597e+04, 1.089847832006089062e-02, 4.325247312331457344e-02, 4.665894727590242983e+05, 9.578058125944189510e-03, 8.007647106738673756e+03
4.218436873747494360e+02, 2.540281594421962654e+04, 1.034845998841418986e-02, 4.106965470921846578e-02, 4.665894763314878219e+05, 9.094685592772150731e-03, 8.007647211492193492e+03
4.228456913827654944e+02, 2.540281550647765107e+04, 9.826199914249557008e-03, 3.899699637810474795e-02, 4.665894797236596933e+05, 8.635707120440615225e-03, 8.007647310959147944e+03
4.238476953907814959e+02, 2.540281509082715274e+04, 9.330297073867547045e-03, 3.702893817042192393e-02, 4.665894829446395161e+05, 8.199891688608433246e-03, 8.007647405406337384e+03
4.248496993987975543e+02, 2.540281469615325841e+04, 8.859421286557428096e-03, 3.516020133317150631e-02, 4.665894860030665295e+05, 7.786070417780064853e-03, 8.007647495087083371e+03
4.258517034068135558e+02, 2.540281432139742901e+04, 8.412309575640630407e-03, 3.338577387650763090e-02, 4.665894889071437065e+05, 7.393133385898011979e-03, 8.007647580241917240e+03
4.268537074148296142e+02, 2.540281396555443280e+04, 7.987762570520456212e-03, 3.170089623033179455e-02, 4.665894916646608617e+05, 7.020026561941830265e-03, 8.007647661099258585e+03
4.278557114228456726e+02, 2.540281362766972234e+04, 7.584641353956754137e-03, 3.010104879569772129e-02, 4.665894942830150248e+05, 6.665748960304526856e-03, 8.007647737876019164e+03
4.288577154308616741e+02, 2.540281330683706619e+04, 7.201864694932051669e-03, 2.858194070243651186e-02, 4.665894967692288337e+05, 6.329350445926856285e-03, 8.007647810778114035e+03
4.298597194388777325e+02, 2.540281300219592231e+04, 6.838405879737321710e-03, 2.713949743207911061e-02, 4.665894991299707908e+05, 6.009928764565115530e-03, 8.007647880001075464e+03
4.308617234468937340e+02, 2.540281271292911333e+04, 6.493289934775703202e-03, 2.576984976692510768e-02, 4.665895013715733658e+05, 5.706627124375174796e-03, 8.007647945730586798e+03
4.318637274549097924e+02, 2.540281243826069476e+04, 6.165591083844170102e-03, 2.446932369835429222e-02, 4.665895035000494681e+05, 5.418631982608605735e-03, 8.007648008142958133e+03
4.328657314629257939e+02, 2.540281217745401591e+04, 5.854430417199813635e-03, 2.323443129549787600e-02, 4.665895055211076397e+05, 5.145170950763697064e-03, 8.007648067405576512e+03
4.338677354709418523e+02, 2.540281192980950800e+04, 5.558973290309592377e-03, 2.206186021780678908e-02, 4.665895074401688762e+05, 4.885510599990489609e-03, 8.007648123677394324e+03
4.348697394789578539e+02, 2.540281169466285428e+04, 5.278427118100565384e-03, 2.094846501176221565e-02, 4.665895092623810051e+05, 4.638954514863633319e-03, 8.007648177109346761e+03
4.358717434869739122e+02, 2.540281147138332017e+04, 5.012039369371459017e-03, 1.989125920269271819e-02, 4.665895109926317818e+05, 4.404841420040135971e-03, 8.007648227844749272e+03
4.368737474949899138e+02, 2.540281125937206525e+04, 4.759095570299400231e-03, 1.888740740053221345e-02, 4.665895126355617540e+05, 4.182543374937724469e-03, 8.007648276019677724e+03
4.378757515030059722e+02, 2.540281105806040796e+04, 4.518917211769423944e-03, 1.793421697787171004e-02, 4.665895141955778818e+05, 3.971464019291891939e-03, 8.007648321763364038e+03
4.388777555110219737e+02, 2.540281086690833035e+04, 4.290859970453072235e-03, 1.702913104870315900e-02, 4.665895156768650049e+05, 3.771036931444237458e-03, 8.007648365198536339e+03
4.398797595190380321e+02, 2.540281068540313208e+04, 4.074312154170511499e-03, 1.616972206915791646e-02, 4.665895170833962620e+05, 3.580724551125188861e-03, 8.007648406441693623e+03
4.408817635270540336e+02, 2.540281051305798974e+04, 3.868692950052479360e-03, 1.535368498637368177e-02, 4.665895184189439751e+05, 3.400016504998138855e-03, 8.007648445603446817e+03
4.418837675350700920e+02, 2.540281034941061080e+04, 3.673450808573690187e-03, 1.457883084465003663e-02, 4.665895196870905929e+05, 3.228428154205911262e-03, 8.007648482788833462e+03
4.428857715430861504e+02, 2.540281019402198945e+04, 3.488061997945161169e-03, 1.384308101175549255e-02, 4.665895208912378293e+05, 3.065499377583944755e-03, 8.007648518097586930e+03
4.438877755511021519e+02, 2.540281004647538066e+04, 3.312029289933950734e-03, 1.314446224332510051e-02, 4.665895220346153365e+05, 2.910793153597298136e-03, 8.007648551624410175e+03
4.448897795591182103e+02, 2.540280990637503055e+04, 3.144880515518510763e-03, 1.248110070067248376e-02, 4.665895231202897849e+05, 2.763894539748368642e-03, 8.007648583459226757e+03
4.458917835671342118e+02, 2.540280977334512500e+04, 2.986167292513298380e-03, 1.185121696917134683e-02, 4.665895241511734785e+05, 2.624409498891062432e-03, 8.007648613687431862e+03
4.468937875751502702e+02, 2.540280964702882557e+04, 2.835463863794714448e-03, 1.125312143775446076e-02, 4.665895251300316886e+05, 2.491963858904440009e-03, 8.007648642390111490e+03
4.478957915831662717e+02, 2.540280952708734549e+04, 2.692366047674903812e-03, 1.068521003496616592e-02, 4.665895260594896972e+05, 2.366202412361375056e-03, 8.007648669644245274e+03
4.488977955911823301e+02, 2.540280941319897101e+04, 2.556489998930029303e-03, 1.014595946915041597e-02, 4.665895269420406548e+05, 2.246787755034475136e-03, 8.007648695522943854e+03
4.498997995991983316e+02, 2.540280930505820288e+04, 2.427471211163860325e-03, 9.633923223043613926e-03, 4.665895277800521581e+05, 2.133399404982062007e-03, 8.007648720095644421e+03
4.509018036072143900e+02, 2.540280920237496321e+04, 2.304963611379097672e-03, 9.147727887808978706e-03, 4.665895285757719539e+05, 2.025733169392751609e-03, 8.007648743428263515e+03
4.519038076152303915e+02, 2.540280910487386427e+04, 2.188638633148172041e-03, 8.686069460763152714e-03, 4.665895293313341681e+05, 1.923500366944185837e-03, 8.007648765583370732e+03
4.529058116232464499e+02, 2.540280901229336087e+04, 2.078184262606577824e-03, 8.247709584290965207e-03, 4.665895300487653585e+05, 1.826426893949297751e-03, 8.007648786620381543e+03
4.539078156312624515e+02, 2.540280892438510637e+04, 1.973304226236688615e-03, 7.831472279090163219e-03, 4.665895307299899287e+05, 1.734252603194000753e-03, 8.007648806595699170e+03
4.549098196392785098e+02, 2.540280884091331609e+04, 1.873717220361106753e-03, 7.436241162575504826e-03, 4.665895313768349588e+05, 1.646730258864712330e-03, 8.007648825562902857e+03
4.559118236472945114e+02, 2.540280876165411246e+04, 1.779156126351241589e-03, 7.060956189283629746e-03, 4.665895319910355029e+05, 1.563625052505426783e-03, 8.007648843572871556e+03
4.569138276553105698e+02, 2.540280868639488472e+04, 1.689367273856821981e-03, 6.704610725896936047e-03, 4.665895325742390705e+05, 1.484713968231994065e-03, 8.007648860673923991e+03
4.579158316633266281e+02, 2.540280861493375778e+04, 1.604109768966981934e-03, 6.366248912495877169e-03, 4.665895331280102837e+05, 1.409785143478308649e-03, 8.007648876911954176e+03
4.589178356713426297e+02, 2.540280854707907201e+04, 1.523154965239167545e-03, 6.044963265912982157e-03, 4.665895336538343690e+05, 1.338637694338924624e-03, 8.007648892330505987e+03
4.599198396793586880e+02, 2.540280848264881934e+04, 1.446285717487899017e-03, 5.739892002585960003e-03, 4.665895341531215818e+05, 1.271080765392749133e-03, 8.007648906970936878e+03
4.609218436873746896e+02, 2.540280842147016665e+04, 1.373295831911101493e-03, 5.450216774623975989e-03, 4.665895346272114548e+05, 1.206933117376574700e-03, 8.007648920872522467e+03
4.619238476953907480e+02, 2.540280836337900837e+04, 1.303989521739153806e-03, 5.175160502335312933e-03, 4.665895350773755927e+05, 1.146022694255985396e-03, 8.007648934072551128e+03
4.629258517034067495e+02, 2.540280830821952986e+04, 1.238180905537109022e-03, 4.913985466901884397e-03, 4.665895355048213387e+05, 1.088186215949498836e-03, 8.007648946606415848e+03
4.639278557114228079e+02, 2.540280825584379636e+04, 1.175693488414976005e-03, 4.665991180300673238e-03, 4.665895359106949763e+05, 1.033268732928052614e-03, 8.007648958507715179e+03
4.649298597194388094e+02, 2.540280820611132367e+04, 1.116359657269049227e-03, 4.430512455677521923e-03, 4.665895362960851635e+05, 9.811229251298653632e-04, 8.007648969808374204e+03
4.659318637274548678e+02, 2.540280815888870347e+04, 1.060020232479559534e-03, 4.206917642693711740e-03, 4.665895366620258428e+05, 9.316087391059157952e-04, 8.007648980538723663e+03
4.669338677354708693e+02, 2.540280811404925771e+04, 1.006524071158104326e-03, 3.994606969633493661e-03, 4.665895370094988029e+05, 8.845932183372954335e-04, 8.007648990727564524e+03
4.679358717434869277e+02, 2.540280807147272208e+04, 9.557276968056137171e-04, 3.793010972205861694e-03, 4.665895373394359485e+05, 8.399503596733035168e-04, 8.007649000402213460e+03
4.689378757515029292e+02, 2.540280803104490406e+04, 9.074948863364658194e-04, 3.601588935072150971e-03, 4.665895376527220360e+05, 7.975605615529033536e-04, 8.007649009588602894e+03
4.699398797595189876e+02, 2.540280799265735550e+04, 8.616962532869516453e-04, 3.419827386423305530e-03, 4.665895379501974676e+05, 7.573100864917000578e-04, 8.007649018311378313e+03
4.709418837675350460e+02, 2.540280795620712161e+04, 8.182089477391928534e-04, 3.247238807292703554e-03, 4.665895382326600957e+05, 7.190909481378929876e-04, 8.007649026593940107e+03
4.719438877755510475e+02, 2.540280792159641715e+04, 7.769163205069754517e-04, 3.083360266147300646e-03, 4.665895385008677258e+05, 6.828006223021642349e-04, 8.007649034458504502e+03
4.729458917835671059e+02, 2.540280788873241545e+04, 7.377076105246855925e-04, 2.927752182864708230e-03, 4.665895387555397465e+05, 6.483417518255892844e-04, 8.007649041926169048e+03
4.739478957915831074e+02, 2.540280785752696102e+04, 7.004776506696773399e-04, 2.779997189639774567e-03, 4.665895389973592246e+05, 6.156218744488726937e-04, 8.007649049016966273e+03
4.749498997995991658e+02, 2.540280782789635487e+04, 6.651265753385587377e-04, 2.639698943876002315e-03, 4.665895392269748263e+05, 5.845532435553692577e-04, 8.007649055749916442e+03
4.759519038076151674e+02, 2.540280779976111808e+04, 6.315595697653351341e-04, 2.506481132038612322e-03, 4.665895394450023887e+05, 5.550525760535982662e-04, 8.007649062143071205e+03
4.769539078156312257e+02, 2.540280777304578805e+04, 5.996866002469208434e-04, 2.379986436505956114e-03, 4.665895396520267241e+05, 5.270407492954981479e-04, 8.007649068213579994e+03
4.779559118236472273e+02, 2.540280774767869661e+04, 5.694221657597699346e-04, 2.259875544019716159e-03, 4.665895398486031336e+05, 5.004425990802425844e-04, 8.007649073977727312e+03
4.789579158316632856e+02, 2.540280772359180628e+04, 5.406850870926442447e-04, 2.145826279933657401e-03, 4.665895400352589204e+05, 4.751867815288071109e-04, 8.007649079450975478e+03
4.799599198396792872e+02, 2.540280770072050291e+04, 5.133982793461744267e-04, 2.037532695167459940e-03, 4.665895402124947868e+05, 4.512055846381566671e-04, 8.007649084648002827e+03
4.809619238476953456e+02, 2.540280767900344290e+04, 4.874885578954444741e-04, 1.934704364098143109e-03, 4.665895403807861148e+05, 4.284346513191179947e-04, 8.007649089582750094e+03
4.819639278557113471e+02, 2.540280765838239313e+04, 4.628864336358299073e-04, 1.837065551920843368e-03, 4.665895405405841884e+05, 4.068128297786962146e-04, 8.007649094268462250e+03
4.829659318637274055e+02, 2.540280763880206723e+04, 4.395259491324535303e-04, 1.744354465181847946e-03, 4.665895406923174742e+05, 3.862822017805000768e-04, 8.007649098717695779e+03
4.839679358717434070e+02, 2.540280762020994371e+04, 4.173444476481322609e-04, 1.656322419901666175e-03, 4.665895408363929600e+05, 3.667877325134199129e-04, 8.007649102942380523e+03
4.849699398797594654e+02, 2.540280760255609857e+04, 3.962823698758232999e-04, 1.572733043799360826e-03, 4.665895409731974360e+05, 3.482770765037856465e-04, 8.007649106953860610e+03
4.859719438877755238e+02, 2.540280758579313988e+04, 3.762831779575074426e-04, 1.493361955212276371e-03, 4.665895411030981340e+05, 3.307005449101863784e-04, 8.007649110762905366e+03
4.869739478957915253e+02, 2.540280756987621862e+04, 3.572933554003986816e-04, 1.417996756113461916e-03, 4.665895412264427287e+05, 3.140111172138951648e-04, 8.007649114379703860e+03
4.879759519038075837e+02, 2.540280755476260674e+04, 3.392619304427980475e-04, 1.346435153032123858e-03, 4.665895413435622468e+05, 2.981640004079345505e-04, 8.007649117813964949e+03
4.889779559118235852e+02, 2.540280754041166074e+04, 3.221404137877554729e-04, 1.278484706248059904e-03, 4.665895414547716500e+05, 2.831165807626002603e-04, 8.007649121074924551e+03
4.899799599198396436e+02, 2.540280752678495264e+04, 3.058829581372708001e-04, 1.213963462568875325e-03, 4.665895415603686706e+05, 2.688285625968186141e-04, 8.007649124171313815e+03
4.909819639278556451e+02, 2.540280751384599353e+04, 2.904460245744051503e-04, 1.152698632043485001e-03, 4.665895416606361978e+05, 2.552616748937653929e-04, 8.007649127111425514e+03
4.919839679358717035e+02, 2.540280750156001886e+04, 2.757881441266089861e-04, 1.094525642239821276e-03, 4.665895417558435001e+05, 2.423794612623562776e-04, 8.007649129903160429e+03
4.929859719438877050e+02, 2.540280748989402127e+04, 2.618699254384154306e-04, 1.039288166242841732e-03, 4.665895418462464586e+05, 2.301472918347242643e-04, 8.007649132554020071e+03
4.939879759519037634e+02, 2.540280747881680509e+04, 2.486541610768117820e-04, 9.868385368466427426e-04, 4.665895419320868095e+05, 2.185324743195252671e-04, 8.007649135071092132e+03
4.949899799599197650e+02, 2.540280746829865529e+04, 2.361053914645375065e-04, 9.370360255621845626e-04, 4.665895420135948225e+05, 2.075038489585122629e-04, 8.007649137461127793e+03
4.959919839679358233e+02, 2.540280745831129025e+04, 2.241898708831106530e-04, 8.897467054995867718e-04, 4.665895420909897075e+05, 1.970317661714119501e-04, 8.007649139730555362e+03
4.969939879759518249e+02, 2.540280744882800354e+04, 2.128755743333613979e-04, 8.448437804793858339e-04, 4.665895421644789167e+05, 1.870881523352082990e-04, 8.007649141885457539e+03
4.979959919839678832e+02, 2.540280743982578497e+04, 2.021298958812099309e-04, 8.022069640363388996e-04, 4.665895422342593083e+05, 1.776463697096487457e-04, 8.007649143931606886e+03
4.989979959919839416e+02, 2.540280743134963632e+04, 1.918569928569862563e-04, 7.617207448160876219e-04, 4.665895423005170305e+05, 1.686810828125282716e-04, 8.007649145874494025e+03
5.000000000000000000e+02, 2.540280742460712645e+04, 1.808399211895879563e-04, 7.232554712626040406e-04, 4.665895423634098843e+05, 1.601681677102185716e-04, 8.007649147719327630e+03
