,Construct,Industrial,Food,RealState,Catering,Commerce,Transport,Hotel,PublicAdmin,Education,Health,SocialServ,ProfessActiv,ScientifActiv,RecreatActiv,ArtistActiv,FinanActiv,Other,Information
0,0,0,0,0,0,0,0,0,0,0,0,0,0,0,0,0,0,0,0
1,0,0,0,0,0,0,0,0,0,0,0,0,0,0,0,0,0,0,0
2,0,0,0,0,0,0,0,0,0,0,0,0,0,0,0,0,0,0,0
3,0,0,0,0,0,0,0,0,0,0,0,0,0,0,0,0,0,0,0
4,0,0,0,0,0,0,0,0,0,0,0,0,0,0,0,0,0,0,0
5,0,0,0,0,0,0,0,0,0,0,0,0,0,0,0,0,0,0,0
6,0,0,0,0,0,0,0,0,0,0,0,0,0,0,0,0,0,0,0
7,0,0,0,0,0,0,0,0,0,0,0,0,0,0,0,0,0,0,0
8,0,0,0,0,0,0,0,0,0,0,0,0,0,0,0,0,0,0,0
9,0,0,0,0,0,0,0,0,0,0,0,0,0,0,0,0,0,0,0
10,0,0,0,0,0,0,0,0,0,0,0,0,0,0,0,0,0,0,0
11,0,0,0,0,0,0,0,0,0,0,0,0,0,0,0,0,0,0,0
12,0,0,0,0,0,0,0,0,0,0,0,0,0,0,0,0,0,0,0
13,0,0,0,0,0,0,0,0,0,0,0,0,0,0,0,0,0,0,0
14,0,0,0,0,0,0,0,0,0,0,0,0,0,0,0,0,0,0,0
15,0,0,0,0,0,0,0,0,0,0,0,0,0,0,0,0,0,0,0
16,0,0,0,0,0,0,0,0,0,0,0,0,0,0,0,0,0,0,0
17,0,0,0,0,0,0,0,0,0,0,0,0,0,0,0,0,0,0,0
18,0,0,0,0,0,0,0,0,0,0,0,0,0,0,0,0,0,0,0
19,0,0,0,0,0,0,0,0,0,0,0,0,0,0,0,0,0,0,0
20,0,0,0,0,0,0,0,0,0,0,0,0,0,0,0,0,0,0,0
21,0,0,0,0,0,0,0,0,0,0,0,0,0,0,0,0,0,0,0
22,0,0,0,0,0,0,0,0,0,0,0,0,0,0,0,0,0,0,0
23,0,0,0,0,0,0,0,0,0,0,0,0,0,0,0,0,0,0,0
24,0,0,0,0,0,0,0,0,0,0,0,0,0,0,0,0,0,0,0
25,0,0,0,0,0,0,0,0,0,0,0,0,0,0,0,0,0,0,0
26,0,0,0,0,0,0,0,0,0,0,0,0,0,0,0,0,0,0,0
27,0,0,0,0,0,0,0,0,0,0,0,0,0,0,0,0,0,0,0
28,0,0,0,0,0,0,0,0,0,0,0,0,0,0,0,0,0,0,0
29,0,0,0,0,0,0,0,0,0,0,0,0,0,0,0,0,0,0,0
30,0,0,0,0,0,0,0,0,0,0,0,0,0,0,0,0,0,0,0
31,0,0,0,0,0,0,0,0,0,0,0,0,0,0,0,0,0,0,0
32,0,0,0,0,0,0,0,0,0,0,0,0,0,0,0,0,0,0,0
33,0,0,0,0,0,0,0,0,0,0,0,0,0,0,0,0,0,0,0
34,0,0,0,0,0,0,0,0,0,0,0,0,0,0,0,0,0,0,0
35,0,0,0,0,0,0,0,0,0,0,0,0,0,0,0,0,0,0,0
36,0,0,0,0,0,0,0,0,0,0,0,0,0,0,0,0,0,0,0
37,0,0,0,0,0,0,0,0,0,0,0,0,0,0,0,0,0,0,0
38,0,0,0,0,0,0,0,0,0,0,0,0,0,0,0,0,0,0,0
39,0,0,0,0,0,0,0,0,0,0,0,0,0,0,0,0,0,0,0
40,0,0,0,0,0,0,0,0,0,0,0,0,0,0,0,0,0,0,0
41,0,0,0,0,0,0,0,0,0,0,0,0,0,0,0,0,0,0,0
42,0,0,0,0,0,0,0,0,0,0,0,0,0,0,0,0,0,0,0
43,0,0,0,0,0,0,0,0,0,0,0,0,0,0,0,0,0,0,0
44,0,0,0,0,0,0,0,0,0,0,0,0,0,0,0,0,0,0,0
45,0,0,0,0,0,0,0,0,0,0,0,0,0,0,0,0,0,0,0
46,0,0,0,165,0,0,0,0,0,0,0,204,1498,272,0,66,0,277,0
47,0,0,0,405,0,0,0,0,0,0,0,408,2996,405,0,132,0,554,0
48,0,0,0,645,0,0,0,0,0,0,0,612,4494,538,0,198,0,831,0
49,0,0,0,885,0,0,0,0,0,0,0,816,5992,671,0,264,0,1108,0
50,0,0,0,1313,0,0,0,0,0,0,0,1225,8957,1097,0,329,0,1503,0
51,0,0,0,1741,0,0,0,0,0,0,0,1634,12161,1306,0,440,0,1898,0
52,0,0,0,2169,0,0,0,0,0,0,0,2043,15365,1439,0,551,0,2293,0
53,0,0,0,2597,0,0,0,0,0,0,0,2452,18569,1572,0,662,0,2688,0
54,0,0,0,3254,0,0,0,0,0,0,0,2977,23086,2281,0,940,0,2992,0
55,0,0,0,3911,0,0,0,0,0,0,0,3502,27743,2568,0,1285,0,3456,0
56,0,0,0,4568,0,0,0,0,0,0,0,4027,32400,2812,0,1630,0,3920,0
57,0,0,0,5225,0,0,0,0,0,0,0,4552,37057,3061,0,1975,0,4384,0
58,0,0,0,6124,0,0,0,0,0,0,0,5165,43502,4014,0,2412,0,5203,0
59,0,0,0,7023,0,0,0,0,0,0,0,5827,50123,4460,0,2849,0,6093,0
60,0,0,0,7922,0,0,0,0,0,0,0,6489,56807,4817,0,3286,0,6983,0
61,0,0,0,8581,0,0,0,0,0,0,0,6947,61993,5003,0,3657,0,7596,0
62,0,0,0,9240,0,0,0,0,0,0,0,7405,67069,5585,0,4028,0,8119,0
63,0,0,0,9830,0,0,0,0,0,0,0,7863,72255,5784,0,4399,0,8732,0
64,0,0,0,10489,0,0,0,0,0,0,0,8321,77441,5970,0,4770,0,9345,0
65,0,0,0,10960,0,0,0,0,0,0,0,8574,80921,6156,0,5096,0,9840,0
66,0,0,0,11431,0,0,0,0,0,0,0,8827,84380,6584,0,5416,0,10335,0
67,0,0,0,11902,0,0,0,0,0,0,0,9065,87860,6849,0,5742,0,10830,0
68,0,0,0,12373,0,0,0,0,0,0,0,9318,91340,7035,0,6068,0,11325,0
69,0,0,0,12615,0,0,0,0,0,0,0,9455,93367,7143,0,6160,0,11751,0
70,0,0,0,12857,0,0,0,0,0,0,0,9592,95295,7354,0,6252,0,12177,0
71,0,0,0,13099,0,0,0,0,0,0,0,9729,97322,7462,0,6344,0,12603,0
72,0,0,0,13341,0,0,0,0,0,0,0,9866,99349,7570,0,6436,0,13029,0
73,0,0,0,13341,0,0,0,0,0,0,0,9866,99349,7570,0,6436,0,13029,0
74,0,0,0,13341,0,0,0,0,0,0,0,9866,99349,7570,0,6436,0,13029,0
75,0,0,0,13341,0,0,0,0,0,0,0,9866,99349,7570,0,6436,0,13029,0
76,0,0,0,13341,0,0,0,0,0,0,0,9866,99349,7570,0,6436,0,13029,0
77,0,0,0,13341,0,0,0,0,0,0,0,9866,99349,7570,0,6436,0,13029,0
78,0,0,0,13341,0,0,0,0,0,0,0,9866,99349,7570,0,6436,0,13029,0
79,0,0,0,13341,0,0,0,0,0,0,0,9866,99349,7570,0,6436,0,13029,0
80,0,0,0,13341,0,0,0,0,0,0,0,9866,99349,7570,0,6436,0,13029,0
81,0,0,0,13341,0,0,0,0,0,0,0,9866,99349,7570,0,6436,0,13029,0
82,0,0,0,13341,0,0,0,0,0,0,0,9866,99349,7570,0,6436,0,13029,0
83,0,0,0,13341,0,0,0,0,0,0,0,9866,99349,7570,0,6436,0,13029,0
84,0,0,0,13341,0,0,0,0,0,0,0,9866,99349,7570,0,6436,0,13029,0
85,0,0,0,13341,0,0,0,0,0,0,0,9866,99349,7570,0,6436,0,13029,0
86,0,0,0,13341,0,0,0,0,0,0,0,9866,99349,7570,0,6436,0,13029,0
87,0,0,0,13341,0,0,0,0,0,0,0,9866,99349,7570,0,6436,0,13029,0
88,0,0,0,13341,0,0,0,0,0,0,0,9866,99349,7570,0,6436,0,13029,0
89,0,0,0,13341,0,0,0,0,0,0,0,9866,99349,7570,0,6436,0,13029,0
90,0,0,0,13341,0,0,0,0,0,0,0,9866,99349,7570,0,6436,0,13029,0
91,0,0,0,13341,0,0,0,0,0,0,0,9866,99349,7570,0,6436,0,13029,0
92,0,0,0,13341,0,0,0,0,0,0,0,9866,99349,7570,0,6436,0,13029,0
93,0,0,0,13341,0,0,0,0,0,0,0,9866,99349,7570,0,6436,0,13029,0
94,0,0,0,13341,0,0,0,0,0,0,0,9866,99349,7570,0,6436,0,13029,0
95,0,0,0,13341,0,0,0,0,0,0,0,9866,99349,7570,0,6436,0,13029,0
96,0,0,0,13341,0,0,0,0,0,0,0,9866,99349,7570,0,6436,0,13029,0
97,0,0,0,13341,0,0,0,0,0,0,0,9866,99349,7570,0,6436,0,13029,0
98,0,0,0,13341,0,0,0,0,0,0,0,9866,99349,7570,0,6436,0,13029,0
99,0,0,0,13341,0,0,0,0,0,0,0,9866,99349,7570,0,6436,0,13029,0
100,0,0,0,13341,0,0,0,0,0,0,0,9866,99349,7570,0,6436,0,13029,0
101,0,0,0,13341,0,0,0,0,0,0,0,9866,99349,7570,0,6436,0,13029,0
102,0,0,0,13341,0,0,0,0,0,0,0,9866,99349,7570,0,6436,0,13029,0
103,0,0,0,13341,0,0,0,0,0,0,0,9866,99349,7570,0,6436,0,13029,0
104,0,0,0,13341,0,0,0,0,0,0,0,9866,99349,7570,0,6436,0,13029,0
105,0,0,0,13341,0,0,0,0,0,0,0,9866,99349,7570,0,6436,0,13029,0
106,0,0,0,13341,0,0,0,0,0,0,0,9866,99349,7570,0,6436,0,13029,0
107,0,0,0,13341,0,0,0,0,0,0,0,9866,99349,7570,0,6436,0,13029,0
108,0,0,0,13341,0,0,0,0,0,0,0,9866,99349,7570,0,6436,0,13029,0
109,0,0,0,13341,0,0,0,0,0,0,0,9866,99349,7570,0,6436,0,13029,0
110,0,0,0,13341,0,0,0,0,0,0,0,9866,99349,7570,0,6436,0,13029,0
111,0,0,0,13341,0,0,0,0,0,0,0,9866,99349,7570,0,6436,0,13029,0
112,0,0,0,13341,0,0,0,0,0,0,0,9866,99349,7570,0,6436,0,13029,0
113,0,0,0,13341,0,0,0,0,0,0,0,9866,99349,7570,0,6436,0,13029,0
114,0,0,0,13341,0,0,0,0,0,0,0,9866,99349,7570,0,6436,0,13029,0
115,0,0,0,13341,0,0,0,0,0,0,0,9866,99349,7570,0,6436,0,13029,0
116,0,0,0,13341,0,0,0,0,0,0,0,9866,99349,7570,0,6436,0,13029,0
117,0,0,0,13341,0,0,0,0,0,0,0,9866,99349,7570,0,6436,0,13029,0
118,0,0,0,13341,0,0,0,0,0,0,0,9866,99349,7570,0,6436,0,13029,0
119,0,0,0,13341,0,0,0,0,0,0,0,9866,99349,7570,0,6436,0,13029,0
120,0,0,0,13341,0,0,0,0,0,0,0,9866,99349,7570,0,6436,0,13029,0
121,0,0,0,13341,0,0,0,0,0,0,0,9866,99349,7570,0,6436,0,13029,0
122,0,0,0,13341,0,0,0,0,0,0,0,9866,99349,7570,0,6436,0,13029,0
123,0,0,0,13341,0,0,0,0,0,0,0,9866,99349,7570,0,6436,0,13029,0
124,0,0,0,13341,0,0,0,0,0,0,0,9866,99349,7570,0,6436,0,13029,0
125,0,0,0,13341,0,0,0,0,0,0,0,9866,99349,7570,0,6436,0,13029,0
126,0,0,0,13341,0,0,0,0,0,0,0,9866,99349,7622,0,6436,0,13029,0
127,0,0,0,13341,0,0,0,0,0,0,0,9866,99349,7622,0,6436,0,13029,0
128,0,0,0,13341,0,0,0,0,0,0,0,9866,99349,7622,0,6436,0,13029,0
129,0,0,0,13341,0,0,0,0,0,0,0,9866,99349,7622,0,6436,0,13029,0
130,0,0,0,13341,0,0,0,0,0,0,0,9866,99349,7622,0,6436,0,13029,0
131,0,0,0,13341,0,0,0,0,0,0,0,9866,99349,7622,0,6436,0,13029,0
132,0,0,0,13341,0,0,0,0,0,0,0,9866,99349,7622,0,6436,0,13029,0
133,0,0,0,13341,0,0,0,0,0,0,0,9866,99349,7622,0,6436,0,13029,0
134,0,0,0,13341,0,0,0,0,0,0,0,9866,99349,7622,0,6436,0,13029,0
135,0,0,0,13341,0,0,0,0,0,0,0,9866,99349,7622,0,6436,0,13029,0
136,0,0,0,13341,0,0,0,0,0,0,0,9866,99349,7622,0,6436,0,13029,0
137,0,0,0,13341,0,0,0,0,0,0,0,9866,99349,7622,0,6436,0,13029,0
138,0,0,0,13341,0,0,0,0,0,0,0,9866,99349,7622,0,6436,0,13029,0
139,0,0,0,13341,0,0,0,0,0,0,0,9866,99349,7622,0,6436,0,13029,0
140,0,0,0,13720,0,0,0,0,0,0,0,9866,99349,7821,0,6436,0,13029,0
141,0,0,0,14223,0,0,0,0,0,0,0,9866,99349,7886,0,6436,0,13029,0
142,0,0,0,14774,0,0,0,0,0,0,0,9866,99349,7962,0,6436,0,13029,0
143,0,0,0,15333,0,0,0,0,0,0,0,9866,99349,8065,0,6436,0,13029,0
144,0,0,0,16191,0,0,0,0,0,0,0,9866,99349,8322,0,6436,0,13029,0
145,0,0,0,17115,0,0,0,0,0,0,0,9866,99349,8421,0,6436,0,13029,0
146,0,0,0,18065,0,0,0,0,0,0,0,9866,99349,8519,0,6436,0,13029,0
147,0,0,0,19027,0,0,0,0,0,0,0,9866,99349,8622,0,6436,0,13029,0
148,0,0,0,20889,0,0,0,0,0,0,0,9866,99349,8879,0,6436,0,13029,0
149,0,0,0,22698,0,0,0,0,0,0,0,9866,99349,9059,0,6436,0,13029,0
150,0,0,0,24495,0,0,0,0,0,0,0,9866,99349,9133,0,6436,0,13029,0
151,0,0,0,26334,0,0,0,0,0,0,0,9866,99349,9236,0,6436,0,13029,0
152,0,0,0,28857,0,0,0,0,0,0,0,9866,99349,9493,0,6436,0,13029,0
153,0,0,0,31384,0,0,0,0,0,0,0,9866,99349,9673,0,6436,0,13029,0
154,0,0,0,34090,0,0,0,0,0,0,0,9866,99349,9747,0,6436,0,13029,0
155,0,0,0,36761,0,0,0,0,0,0,0,9866,99349,9926,0,6436,0,13029,0
156,0,0,0,39421,0,0,0,0,0,0,0,9866,99349,10108,0,6436,0,13029,0
157,0,0,0,41303,0,0,0,0,0,0,0,9866,99349,10223,0,6436,0,13029,0
158,0,0,0,43398,0,0,0,0,0,0,0,9866,99349,10223,0,6436,0,13029,0
159,0,0,0,45472,0,0,0,0,0,0,0,9866,99349,10326,0,6436,0,13029,0
160,0,0,0,47513,0,0,0,0,0,0,0,9866,99349,10508,0,6436,0,13029,0
161,0,0,0,49115,0,0,0,0,0,0,0,9866,99349,10596,0,6436,0,13029,0
162,0,0,0,50791,0,0,0,0,0,0,0,9866,99349,10596,0,6436,0,13029,0
163,0,0,0,52369,0,0,0,0,0,0,0,9866,99349,10699,0,6436,0,13029,0
164,0,0,0,54045,0,0,0,0,0,0,0,9866,99349,10829,0,6436,0,13029,0
165,0,0,0,54860,0,0,0,0,0,0,0,9866,99349,10829,0,6436,0,13029,0
166,0,0,0,55675,0,0,0,0,0,0,0,9866,99349,10829,0,6436,0,13029,0
167,0,0,0,56490,0,0,0,0,0,0,0,9866,99349,10932,0,6436,0,13029,0
168,0,0,0,57305,0,0,0,0,0,0,0,9866,99349,10932,0,6436,0,13029,0
169,0,0,0,57305,0,0,0,0,0,0,0,9866,99349,10932,0,6436,0,13029,0
170,0,0,0,57305,0,0,0,0,0,0,0,9866,99349,10932,0,6436,0,13029,0
171,0,0,0,57305,0,0,0,0,0,0,0,9866,99349,10932,0,6436,0,13029,0
172,0,0,0,57305,0,0,0,0,0,0,0,9866,99349,10932,0,6436,0,13029,0
173,0,0,0,57305,0,0,0,0,0,0,0,9866,99349,10932,0,6436,0,13029,0
174,0,0,0,57305,0,0,0,0,0,0,0,9866,99349,10932,0,6436,0,13029,0
175,0,0,0,57305,0,0,0,0,0,0,0,9866,99349,10932,0,6436,0,13029,0
176,0,0,0,57305,0,0,0,0,0,0,0,9866,99349,10932,0,6436,0,13029,0
177,0,0,0,57305,0,0,0,0,0,0,0,9866,99349,10932,0,6436,0,13029,0
178,0,0,0,57305,0,0,0,0,0,0,0,9866,99349,10932,0,6436,0,13029,0
179,0,0,0,57305,0,0,0,0,0,0,0,9866,99349,10932,0,6436,0,13029,0
180,0,0,0,57305,0,0,0,0,0,0,0,9866,99349,10932,0,6436,0,13029,0
181,0,0,0,57305,0,0,0,0,0,0,0,9866,99349,10932,0,6436,0,13029,0
182,0,0,0,57305,0,0,0,0,0,0,0,9866,99349,10932,0,6436,0,13029,0
183,0,0,0,57305,0,0,0,0,0,0,0,9866,99349,10932,0,6436,0,13029,0
184,0,0,0,57305,0,0,0,0,0,0,0,9866,99349,10932,0,6436,0,13029,0
185,0,0,0,57305,0,0,0,0,0,0,0,9866,99349,10932,0,6436,0,13029,0
186,0,0,0,57305,0,0,0,0,0,0,0,9866,99349,10932,0,6436,0,13029,0
187,0,0,0,57305,0,0,0,0,0,0,0,9866,99349,10932,0,6436,0,13029,0
188,0,0,0,57305,0,0,0,0,0,0,0,9866,99349,10932,0,6436,0,13029,0
189,0,0,0,57305,0,0,0,0,0,0,0,9866,99349,10932,0,6436,0,13029,0
190,0,0,0,57305,0,0,0,0,0,0,0,9866,99349,10932,0,6436,0,13029,0
191,0,0,0,57305,0,0,0,0,0,0,0,9866,99349,10932,0,6436,0,13029,0
192,0,0,0,57305,0,0,0,0,0,0,0,9866,99349,10932,0,6436,0,13029,0
193,0,0,0,57305,0,0,0,0,0,0,0,9866,99349,10932,0,6436,0,13029,0
194,0,0,0,57305,0,0,0,0,0,0,0,9866,99349,10932,0,6436,0,13029,0
195,0,0,0,57305,0,0,0,0,0,0,0,9866,99349,10932,0,6436,0,13029,0
196,0,0,0,57305,0,0,0,0,0,0,0,9866,99349,10932,0,6436,0,13029,0
197,0,0,0,57305,0,0,0,0,0,0,0,9866,99349,10932,0,6436,0,13029,0
198,0,0,0,57305,0,0,0,0,0,0,0,9866,99349,10932,0,6436,0,13029,0
199,0,0,0,57305,0,0,0,0,0,0,0,9866,99349,10932,0,6436,0,13029,0
200,0,0,0,57305,0,0,0,0,0,0,0,9866,99349,10932,0,6436,0,13029,0
201,0,0,0,57305,0,0,0,0,0,0,0,9866,99349,10932,0,6436,0,13029,0
202,0,0,0,57305,0,0,0,0,0,0,0,9866,99349,10932,0,6436,0,13029,0
203,0,0,0,57305,0,0,0,0,0,0,0,9866,99349,10932,0,6436,0,13029,0
204,0,0,0,57305,0,0,0,0,0,0,0,9866,99349,10932,0,6436,0,13029,0
205,0,0,0,57305,0,0,0,0,0,0,0,9866,99349,10932,0,6436,0,13029,0
206,0,0,0,57305,0,0,0,0,0,0,0,9866,99349,10932,0,6436,0,13029,0
207,0,0,0,57305,0,0,0,0,0,0,0,9866,99349,10932,0,6436,0,13029,0
208,0,0,0,57305,0,0,0,0,0,0,0,9866,99349,10932,0,6436,0,13029,0
209,0,0,0,57305,0,0,0,0,0,0,0,9866,99349,10932,0,6436,0,13029,0
210,0,0,0,57305,0,0,0,0,0,0,0,9866,99349,10932,0,6436,0,13029,0
211,0,0,0,57305,0,0,0,0,0,0,0,9866,99349,10932,0,6436,0,13029,0
212,0,0,0,57305,0,0,0,0,0,0,0,9866,99349,10932,0,6436,0,13029,0
213,0,0,0,57305,0,0,0,0,0,0,0,9866,99349,10932,0,6436,0,13029,0
214,0,0,0,57305,0,0,0,0,0,0,0,9866,99349,10932,0,6436,0,13029,0
215,0,0,0,57305,0,0,0,0,0,0,0,9866,99349,10932,0,6436,0,13029,0
216,0,0,0,57305,0,0,0,0,0,0,0,9866,99349,10932,0,6436,0,13029,0
217,0,0,0,57305,0,0,0,0,0,0,0,9866,99349,10932,0,6436,0,13029,0
218,0,0,0,57305,0,0,0,0,0,0,0,9866,99349,10932,0,6436,0,13029,0
219,0,0,0,57305,0,0,0,0,0,0,0,9866,99349,10932,0,6436,0,13029,0
220,0,0,0,57305,0,0,0,0,0,0,0,9866,99349,10932,0,6436,0,13029,0
221,0,0,0,57305,0,0,0,0,0,0,0,9866,99349,10997,0,6436,0,13029,0
222,0,0,0,57305,0,0,0,0,0,0,0,9866,99349,10997,0,6436,0,13029,0
223,0,0,0,57305,0,0,0,0,0,0,0,9866,99349,10997,0,6436,0,13029,0
224,0,0,0,57305,0,0,0,0,0,0,0,9866,99349,10997,0,6436,0,13029,0
225,0,0,0,57305,0,0,0,0,0,0,0,9866,99349,11065,0,6436,0,13029,0
226,0,0,0,57305,0,0,0,0,0,0,0,9866,99349,11065,0,6436,0,13029,0
227,0,0,0,57305,0,0,0,0,0,0,0,9866,99349,11087,0,6436,0,13029,0
228,0,0,0,57305,0,0,0,0,0,0,0,9866,99349,11139,0,6436,0,13029,0
229,0,0,0,57305,0,0,0,0,0,0,0,9866,99349,11227,0,6436,0,13029,0
230,0,0,0,57305,0,0,0,0,0,0,0,9866,99349,11326,0,6436,0,13029,0
231,0,0,0,57394,0,0,0,0,0,0,0,9866,99349,11348,0,6436,0,13029,0
232,0,0,0,57394,0,0,0,0,0,0,0,9866,99349,11582,0,6436,0,13029,0
233,0,0,0,57394,0,0,0,0,0,0,0,9866,99349,11746,0,6436,0,13029,0
234,0,0,0,57590,0,0,0,0,0,0,0,10021,100429,12046,0,6436,0,13217,0
235,0,0,0,57861,0,0,0,0,0,0,0,10225,101883,12215,0,6436,0,13494,0
236,0,0,0,58106,0,0,0,0,0,0,0,10429,103381,12582,0,6436,0,13771,0
237,0,0,0,58435,0,0,0,0,0,0,0,10633,104861,12879,0,6436,0,14048,0
238,0,0,0,58952,0,0,0,0,0,0,0,11007,107933,13179,0,6436,0,14372,0
239,0,0,0,59469,0,0,0,0,0,0,0,11416,111129,13348,0,6436,0,14696,0
240,0,0,0,59986,0,0,0,0,0,0,0,11825,114180,13804,0,6436,0,15091,0
241,0,0,0,60503,0,0,0,0,0,0,0,12210,117384,14101,0,6436,0,15486,0
242,0,0,0,61249,0,0,0,0,0,0,0,12720,121910,14479,0,6436,0,15950,0
243,0,0,0,61995,0,0,0,0,0,0,0,13245,126520,14726,0,6436,0,16403,0
244,0,0,0,62741,0,0,0,0,0,0,0,13770,131105,15260,0,6436,0,16813,0
245,0,0,0,63487,0,0,0,0,0,0,0,14295,135744,15635,0,6436,0,17277,0
246,0,0,0,64406,0,0,0,0,0,0,0,14957,142074,16121,0,6436,0,18077,0
247,0,0,0,65394,0,0,0,0,0,0,0,15619,148677,16476,0,6436,0,18967,0
248,0,0,0,66336,0,0,0,0,0,0,0,16281,155342,17074,0,6436,0,19857,0
249,0,0,0,67324,0,0,0,0,0,0,0,16943,161970,17557,0,6436,0,20747,0
250,0,0,0,68390,0,0,0,0,0,0,0,17605,168587,18043,0,6436,0,21637,0
251,0,0,0,69456,0,0,0,0,0,0,0,18267,175271,18359,0,6436,0,22527,0
252,0,0,0,70522,0,0,0,0,0,0,0,18885,181836,19001,0,6436,0,23417,0
253,0,0,0,71348,0,0,0,0,0,0,0,19343,187022,19275,0,6436,0,24030,0
254,0,0,0,72174,0,0,0,0,0,0,0,19801,192208,19563,0,6436,0,24643,0
255,0,0,0,73000,0,0,0,0,0,0,0,20259,197340,19763,0,6436,0,25256,0
256,0,0,0,73826,0,0,0,0,0,0,0,20717,202526,20220,0,6436,0,25869,0
257,0,0,0,74297,0,0,0,0,0,0,0,20970,205919,20494,0,6436,0,26364,0
258,0,0,0,74768,0,0,0,0,0,0,0,21223,209399,20680,0,6436,0,26859,0
259,0,0,0,75239,0,0,0,0,0,0,0,21476,212879,20880,0,6436,0,27354,0
260,0,0,0,75661,0,0,0,0,0,0,0,21729,216359,21285,0,6436,0,27849,0
261,0,0,0,75903,0,0,0,0,0,0,0,21866,218386,21393,0,6436,0,28275,0
262,0,0,0,76145,0,0,0,0,0,0,0,22003,220413,21553,0,6436,0,28701,0
263,0,0,0,76387,0,0,0,0,0,0,0,22140,222440,21727,0,6436,0,29127,0
264,0,0,0,76629,0,0,0,0,0,0,0,22277,224467,21976,0,6436,0,29463,0
265,0,0,0,76629,0,0,0,0,0,0,0,22277,224467,21976,0,6436,0,29463,0
266,0,0,0,76629,0,0,0,0,0,0,0,22277,224467,21976,0,6436,0,29463,0
267,0,0,0,76629,0,0,0,0,0,0,0,22277,224467,21976,0,6436,0,29463,0
268,0,0,0,76629,0,0,0,0,0,0,0,22277,224467,21976,0,6436,0,29463,0
269,0,0,0,76629,0,0,0,0,0,0,0,22277,224467,21976,0,6436,0,29463,0
270,0,0,0,76629,0,0,0,0,0,0,0,22277,224467,21976,0,6436,0,29463,0
271,0,0,0,76629,0,0,0,0,0,0,0,22277,224467,21976,0,6436,0,29463,0
272,0,0,0,76629,0,0,0,0,0,0,0,22277,224467,21976,0,6436,0,29463,0
273,0,0,0,76629,0,0,0,0,0,0,0,22277,224467,21976,0,6436,0,29463,0
274,0,0,0,76629,0,0,0,0,0,0,0,22277,224467,21976,0,6436,0,29463,0
275,0,0,0,76629,0,0,0,0,0,0,0,22277,224467,21976,0,6436,0,29463,0
276,0,0,0,76629,0,0,0,0,0,0,0,22277,224467,21976,0,6436,0,29463,0
277,0,0,0,76629,0,0,0,0,0,0,0,22277,224467,21976,0,6436,0,29463,0
278,0,0,0,76629,0,0,0,0,0,0,0,22277,224467,21976,0,6436,0,29463,0
279,0,0,0,76629,0,0,0,0,0,0,0,22277,224467,21976,0,6436,0,29463,0
280,0,0,0,76629,0,0,0,0,0,0,0,22277,224467,21976,0,6436,0,29463,0
281,0,0,0,76629,0,0,0,0,0,0,0,22277,224467,21976,0,6436,0,29463,0
282,0,0,0,76629,0,0,0,0,0,0,0,22277,224467,21976,0,6436,0,29463,0
283,0,0,0,76629,0,0,0,0,0,0,0,22277,224467,21976,0,6436,0,29463,0
284,0,0,0,76629,0,0,0,0,0,0,0,22277,224467,21976,0,6436,0,29463,0
285,0,0,0,76629,0,0,0,0,0,0,0,22277,224467,21976,0,6436,0,29463,0
286,0,0,0,76629,0,0,0,0,0,0,0,22277,224467,21976,0,6436,0,29463,0
287,0,0,0,76629,0,0,0,0,0,0,0,22277,224467,21976,0,6436,0,29463,0
288,0,0,0,76629,0,0,0,0,0,0,0,22277,224467,21976,0,6436,0,29463,0
289,0,0,0,76629,0,0,0,0,0,0,0,22277,224467,21976,0,6436,0,29463,0
290,0,0,0,76629,0,0,0,0,0,0,0,22277,224467,21976,0,6436,0,29463,0
291,0,0,0,76629,0,0,0,0,0,0,0,22277,224467,21976,0,6436,0,29463,0
292,0,0,0,76629,0,0,0,0,0,0,0,22277,224467,21976,0,6436,0,29463,0
293,0,0,0,76629,0,0,0,0,0,0,0,22277,224467,21976,0,6436,0,29463,0
294,0,0,0,76629,0,0,0,0,0,0,0,22277,224467,21976,0,6436,0,29463,0
295,0,0,0,76629,0,0,0,0,0,0,0,22277,224467,21976,0,6436,0,29463,0
296,0,0,0,76629,0,0,0,0,0,0,0,22277,224467,21976,0,6436,0,29463,0
297,0,0,0,76629,0,0,0,0,0,0,0,22277,224467,21976,0,6436,0,29463,0
298,0,0,0,76629,0,0,0,0,0,0,0,22277,224467,21976,0,6436,0,29463,0
299,0,0,0,76629,0,0,0,0,0,0,0,22277,224467,21976,0,6436,0,29463,0
300,0,0,0,76629,0,0,0,0,0,0,0,22277,224467,21976,0,6436,0,29463,0
301,0,0,0,76629,0,0,0,0,0,0,0,22277,224467,21976,0,6436,0,29463,0
302,0,0,0,76629,0,0,0,0,0,0,0,22277,224467,21976,0,6436,0,29463,0
303,0,0,0,76629,0,0,0,0,0,0,0,22277,224467,21976,0,6436,0,29463,0
304,0,0,0,76629,0,0,0,0,0,0,0,22277,224467,21976,0,6436,0,29463,0
305,0,0,0,76629,0,0,0,0,0,0,0,22277,224467,21976,0,6436,0,29463,0
306,0,0,0,76629,0,0,0,0,0,0,0,22277,224467,21976,0,6436,0,29463,0
307,0,0,0,76629,0,0,0,0,0,0,0,22277,224467,21976,0,6436,0,29463,0
308,0,0,0,76629,0,0,0,0,0,0,0,22277,224467,21976,0,6436,0,29463,0
309,0,0,0,76629,0,0,0,0,0,0,0,22277,224467,21976,0,6436,0,29463,0
310,0,0,0,76629,0,0,0,0,0,0,0,22277,224467,21976,0,6436,0,29463,0
311,0,0,0,76629,0,0,0,0,0,0,0,22277,224467,21976,0,6436,0,29463,0
312,0,0,0,76629,0,0,0,0,0,0,0,22277,224467,21976,0,6436,0,29463,0
313,0,0,0,76629,0,0,0,0,0,0,0,22277,224467,21976,0,6436,0,29463,0
314,0,0,0,76629,0,0,0,0,0,0,0,22277,224467,21976,0,6436,0,29463,0
315,0,0,0,76629,0,0,0,0,0,0,0,22277,224467,21976,0,6436,0,29463,0
316,0,0,0,76629,0,0,0,0,0,0,0,22277,224467,21976,0,6436,0,29463,0
317,0,0,0,76629,0,0,0,0,0,0,0,22277,224467,22052,0,6436,0,29463,0
318,0,0,0,76629,0,0,0,0,0,0,0,22277,224467,22052,0,6436,0,29463,0
319,0,0,0,76629,0,0,0,0,0,0,0,22277,224467,22052,0,6436,0,29463,0
320,0,0,0,76629,0,0,0,0,0,0,0,22277,224467,22104,0,6436,0,29463,0
321,0,0,0,76679,0,0,0,0,0,0,0,22277,224467,22104,0,6436,0,29463,0
322,0,0,0,76729,0,0,0,0,0,0,0,22277,224467,22138,0,6436,0,29463,0
323,0,0,0,76779,0,0,0,0,0,0,0,22277,224467,22203,0,6436,0,29463,0
324,0,0,0,76779,0,0,0,0,0,0,0,22277,224467,22255,0,6436,0,29463,0
325,0,0,0,76779,0,0,0,0,0,0,0,22277,224467,22330,0,6436,0,29463,0
326,0,0,0,76779,0,0,0,0,0,0,0,22277,224467,22440,0,6436,0,29463,0
327,0,0,0,76779,0,0,0,0,0,0,0,22277,224467,22573,0,6436,0,29463,0
328,0,0,0,76829,0,0,0,0,0,0,0,22277,224467,22755,0,6436,0,29463,0
329,0,0,0,76829,0,0,0,0,0,0,0,22277,224467,22829,0,6436,0,29463,0
330,0,0,0,76829,0,0,0,0,0,0,0,22277,224467,22863,0,6436,0,29463,0
331,0,0,0,76829,0,0,0,0,0,0,0,22277,224467,22945,0,6436,0,29463,0
332,0,0,0,76879,0,0,0,0,0,0,0,22277,224467,23011,0,6436,0,29463,0
333,0,0,0,76929,0,0,0,0,0,0,0,22277,224467,23085,0,6436,0,29463,0
334,0,0,0,76929,0,0,0,0,0,0,0,22277,224467,23160,0,6436,0,29463,0
335,0,0,0,76929,0,0,0,0,0,0,0,22277,224467,23331,0,6436,0,29463,0
336,0,0,0,77099,0,0,0,0,0,0,0,22277,224467,23397,0,6436,0,29463,0
337,0,0,0,77405,0,0,0,0,0,0,0,22277,224467,23676,0,6436,0,29463,0
338,0,0,0,77986,0,0,0,0,0,0,0,22277,224467,23751,0,6436,0,29463,0
339,0,0,0,78640,0,0,0,0,0,0,0,22277,224467,23880,0,6436,0,29463,0
340,0,0,0,79411,0,0,0,0,0,0,0,22277,224467,23946,0,6436,0,29463,0
341,0,0,0,80260,0,0,0,0,0,0,0,22277,224467,24290,0,6436,0,29463,0
342,0,0,0,81311,0,0,0,0,0,0,0,22277,224467,24365,0,6436,0,29463,0
343,0,0,0,82399,0,0,0,0,0,0,0,22277,224467,24494,0,6436,0,29463,0
344,0,0,0,83922,0,0,0,0,0,0,0,22277,224467,24636,0,6436,0,29463,0
345,0,0,0,85664,0,0,0,0,0,0,0,22277,224467,24928,0,6436,0,29463,0
346,0,0,0,87434,0,0,0,0,0,0,0,22277,224467,25003,0,6436,0,29463,0
347,0,0,0,89362,0,0,0,0,0,0,0,22277,224467,25132,0,6436,0,29463,0
348,0,0,0,91718,0,0,0,0,0,0,0,22277,224467,25307,0,6436,0,29463,0
349,0,0,0,93773,0,0,0,0,0,0,0,22277,224467,25460,0,6436,0,29463,0
350,0,0,0,95868,0,0,0,0,0,0,0,22277,224467,25613,0,6436,0,29463,0
351,0,0,0,97963,0,0,0,0,0,0,0,22277,224467,25754,0,6436,0,29463,0
352,0,0,0,100058,0,0,0,0,0,0,0,22277,224467,25935,0,6436,0,29463,0
353,0,0,0,101734,0,0,0,0,0,0,0,22277,224467,26088,0,6436,0,29463,0
354,0,0,0,103410,0,0,0,0,0,0,0,22277,224467,26185,0,6436,0,29463,0
355,0,0,0,105086,0,0,0,0,0,0,0,22277,224467,26220,0,6436,0,29463,0
356,0,0,0,106762,0,0,0,0,0,0,0,22277,224467,26489,0,6436,0,29463,0
357,0,0,0,107513,0,0,0,0,0,0,0,22277,224467,26578,0,6436,0,29463,0
358,0,0,0,108328,0,0,0,0,0,0,0,22277,224467,26578,0,6436,0,29463,0
359,0,0,0,109143,0,0,0,0,0,0,0,22277,224467,26578,0,6436,0,29463,0
360,0,0,0,109958,0,0,0,0,0,0,0,22277,224467,26592,0,6436,0,29463,0
361,0,0,0,109958,0,0,0,0,0,0,0,22277,224467,26592,0,6436,0,29463,0
362,0,0,0,109958,0,0,0,0,0,0,0,22277,224467,26592,0,6436,0,29463,0
363,0,0,0,109958,0,0,0,0,0,0,0,22277,224467,26592,0,6436,0,29463,0
364,0,0,0,109958,0,0,0,0,0,0,0,22277,224467,26592,0,6436,0,29463,0
365,0,0,0,109958,0,0,0,0,0,0,0,22277,224467,26592,0,6436,0,29463,0
366,0,0,0,109958,0,0,0,0,0,0,0,22277,224467,26592,0,6436,0,29463,0
367,0,0,0,109958,0,0,0,0,0,0,0,22277,224467,26592,0,6436,0,29463,0
368,0,0,0,109958,0,0,0,0,0,0,0,22277,224467,26592,0,6436,0,29463,0
369,0,0,0,109958,0,0,0,0,0,0,0,22277,224467,26592,0,6436,0,29463,0
370,0,0,0,109958,0,0,0,0,0,0,0,22277,224467,26592,0,6436,0,29463,0
371,0,0,0,109958,0,0,0,0,0,0,0,22277,224467,26592,0,6436,0,29463,0
372,0,0,0,109958,0,0,0,0,0,0,0,22277,224467,26592,0,6436,0,29463,0
373,0,0,0,109958,0,0,0,0,0,0,0,22277,224467,26592,0,6436,0,29463,0
374,0,0,0,109958,0,0,0,0,0,0,0,22277,224467,26592,0,6436,0,29463,0
375,0,0,0,109958,0,0,0,0,0,0,0,22277,224467,26592,0,6436,0,29463,0
376,0,0,0,109958,0,0,0,0,0,0,0,22277,224467,26592,0,6436,0,29463,0
377,0,0,0,109958,0,0,0,0,0,0,0,22277,224467,26592,0,6436,0,29463,0
378,0,0,0,109958,0,0,0,0,0,0,0,22277,224467,26592,0,6436,0,29463,0
379,0,0,0,109958,0,0,0,0,0,0,0,22277,224467,26592,0,6436,0,29463,0
380,0,0,0,109958,0,0,0,0,0,0,0,22277,224467,26592,0,6436,0,29463,0
381,0,0,0,109958,0,0,0,0,0,0,0,22277,224467,26592,0,6436,0,29463,0
382,0,0,0,109958,0,0,0,0,0,0,0,22277,224467,26592,0,6436,0,29463,0
383,0,0,0,109958,0,0,0,0,0,0,0,22277,224467,26592,0,6436,0,29463,0
384,0,0,0,109958,0,0,0,0,0,0,0,22277,224467,26592,0,6436,0,29463,0
385,0,0,0,114030,0,0,0,0,0,0,0,22939,231151,31729,0,6873,0,30353,0
386,0,0,0,118102,0,0,0,0,0,0,0,23601,237835,36866,0,7310,0,31243,0
387,0,0,0,122174,0,0,0,0,0,0,0,24263,244519,42003,0,7747,0,32133,0
388,0,0,0,126246,0,0,0,0,0,0,0,24925,251203,47140,0,8184,0,33023,0
389,0,0,0,130318,0,0,0,0,0,0,0,25587,257887,52277,0,8621,0,33913,0
390,0,0,0,134390,0,0,0,0,0,0,0,26249,264571,57414,0,9058,0,34803,0
391,0,0,0,138462,0,0,0,0,0,0,0,26911,271255,62551,0,9495,0,35693,0
392,0,0,0,142534,0,0,0,0,0,0,0,27573,277939,67688,0,9932,0,36583,0
393,0,0,0,146606,0,0,0,0,0,0,0,28235,284623,72825,0,10369,0,37473,0
394,0,0,0,150678,0,0,0,0,0,0,0,28897,291307,77962,0,10806,0,38363,0
395,0,0,0,154750,0,0,0,0,0,0,0,29559,297991,83099,0,11243,0,39253,0
396,0,0,0,158822,0,0,0,0,0,0,0,30221,304675,88236,0,11680,0,40143,0
397,0,0,0,162894,0,0,0,0,0,0,0,30883,311359,93373,0,12117,0,41033,0
398,0,0,0,166966,0,0,0,0,0,0,0,31545,318043,98510,0,12554,0,41923,0
399,0,0,0,171038,0,0,0,0,0,0,0,32207,324727,103647,0,12991,0,42813,0
400,0,0,0,175110,0,0,0,0,0,0,0,32869,331411,108784,0,13428,0,43703,0
401,0,0,0,179182,0,0,0,0,0,0,0,33531,338095,113921,0,13865,0,44593,0
402,0,0,0,183254,0,0,0,0,0,0,0,34193,344779,119058,0,14302,0,45483,0
403,0,0,0,187326,0,0,0,0,0,0,0,34855,351463,124195,0,14739,0,46373,0
404,0,0,0,191398,0,0,0,0,0,0,0,35517,358147,129332,0,15176,0,47263,0
405,0,0,0,195470,0,0,0,0,0,0,0,36179,364831,134469,0,15613,0,48153,0
406,0,0,0,199542,0,0,0,0,0,0,0,36841,371515,139606,0,16050,0,49043,0
407,0,0,0,203614,0,0,0,0,0,0,0,37503,378199,144743,0,16487,0,49933,0
408,0,0,0,207686,0,0,0,0,0,0,0,38165,384883,149880,0,16924,0,50823,0
409,0,0,0,211758,0,0,0,0,0,0,0,38827,391567,155017,0,17361,0,51713,0
410,0,0,0,215830,0,0,0,0,0,0,0,39489,398251,160154,0,17798,0,52603,0
411,0,0,0,219902,0,0,0,0,0,0,0,40151,404935,165291,0,18235,0,53493,0
412,0,0,0,223974,0,0,0,0,0,0,0,40813,411619,170428,0,18672,0,54383,0
413,0,0,0,228286,0,0,0,0,0,0,0,41679,419801,176339,0,19109,0,55550,0
414,0,0,0,232649,0,0,0,0,0,0,0,42545,427983,182250,0,19546,0,56717,0
415,0,0,0,237049,0,0,0,0,0,0,0,43411,436165,188200,0,19983,0,57884,0
416,0,0,0,241711,0,0,0,0,0,0,0,44277,444347,194240,0,20420,0,59051,0
417,0,0,0,246676,0,0,0,0,0,0,0,45348,454235,201040,0,20857,0,60336,0
418,0,0,0,251846,0,0,0,0,0,0,0,46419,464123,207888,0,21294,0,61621,0
419,0,0,0,257302,0,0,0,0,0,0,0,47490,474011,214736,0,21731,0,62906,0
420,0,0,0,262779,0,0,0,0,0,0,0,48561,483899,221638,0,22168,0,64191,0
421,0,0,0,269028,0,0,0,0,0,0,0,49748,495240,229483,0,22605,0,65545,0
422,0,0,0,275299,0,0,0,0,0,0,0,50935,506581,237370,0,23042,0,66899,0
423,0,0,0,282005,0,0,0,0,0,0,0,52122,517922,245340,0,23479,0,68253,0
424,0,0,0,288711,0,0,0,0,0,0,0,53309,529263,253655,0,23916,0,69607,0
425,0,0,0,296563,0,0,0,0,0,0,0,54633,542631,262754,0,24353,0,71387,0
426,0,0,0,304415,0,0,0,0,0,0,0,55957,555999,271967,0,24790,0,73167,0
427,0,0,0,312267,0,0,0,0,0,0,0,57281,569367,281285,0,25227,0,74947,0
428,0,0,0,320119,0,0,0,0,0,0,0,58605,582735,290718,0,25664,0,76727,0
429,0,0,0,328022,0,0,0,0,0,0,0,59929,596103,300216,0,26101,0,78507,0
430,0,0,0,335925,0,0,0,0,0,0,0,61253,609471,309714,0,26538,0,80287,0
431,0,0,0,343828,0,0,0,0,0,0,0,62577,622839,319391,0,26975,0,82067,0
432,0,0,0,351731,0,0,0,0,0,0,0,63901,636207,329173,0,27412,0,83847,0
433,0,0,0,359634,0,0,0,0,0,0,0,65225,649575,338955,0,27849,0,85627,0
434,0,0,0,367537,0,0,0,0,0,0,0,66549,662943,348737,0,28286,0,87407,0
435,0,0,0,375440,0,0,0,0,0,0,0,67873,676311,358575,0,28723,0,89187,0
436,0,0,0,383343,0,0,0,0,0,0,0,69197,689679,368469,0,29160,0,90967,0
437,0,0,0,391246,0,0,0,0,0,0,0,70521,703047,378363,0,29597,0,92747,0
438,0,0,0,399149,0,0,0,0,0,0,0,71845,716415,388257,0,30034,0,94527,0
439,0,0,0,407052,0,0,0,0,0,0,0,73169,729783,398265,0,30471,0,96307,0
440,0,0,0,414955,0,0,0,0,0,0,0,74493,743151,408280,0,30908,0,98087,0
441,0,0,0,422858,0,0,0,0,0,0,0,75817,756519,418295,0,31345,0,99867,0
442,0,0,0,430761,0,0,0,0,0,0,0,77141,769887,428310,0,31782,0,101647,0
443,0,0,0,438664,0,0,0,0,0,0,0,78465,783255,438325,0,32219,0,103427,0
444,0,0,0,446567,0,0,0,0,0,0,0,79789,796623,448340,0,32656,0,105207,0
445,0,0,0,453611,0,0,0,0,0,0,0,80909,808493,457081,0,33093,0,106710,0
446,0,0,0,460655,0,0,0,0,0,0,0,82029,820363,465822,0,33530,0,108213,0
447,0,0,0,467699,0,0,0,0,0,0,0,83149,832233,474563,0,33967,0,109716,0
448,0,0,0,474743,0,0,0,0,0,0,0,84269,844103,483348,0,34404,0,111219,0
449,0,0,0,481013,0,0,0,0,0,0,0,85184,854267,490773,0,34841,0,112604,0
450,0,0,0,487283,0,0,0,0,0,0,0,86099,864431,498198,0,35278,0,113989,0
451,0,0,0,493553,0,0,0,0,0,0,0,87014,874595,505623,0,35715,0,115374,0
452,0,0,0,499823,0,0,0,0,0,0,0,87929,884759,513048,0,36152,0,116759,0
453,0,0,0,505003,0,0,0,0,0,0,0,88728,893470,519215,0,36589,0,118075,0
454,0,0,0,510183,0,0,0,0,0,0,0,89527,902181,525382,0,37026,0,119391,0
455,0,0,0,515363,0,0,0,0,0,0,0,90326,910892,531549,0,37463,0,120707,0
456,0,0,0,520543,0,0,0,0,0,0,0,91125,919603,537716,0,37900,0,122023,0
457,0,0,0,524615,0,0,0,0,0,0,0,91787,926287,542853,0,38337,0,122913,0
458,0,0,0,528687,0,0,0,0,0,0,0,92449,932971,547990,0,38774,0,123803,0
459,0,0,0,532759,0,0,0,0,0,0,0,93111,939655,553127,0,39211,0,124693,0
460,0,0,0,536831,0,0,0,0,0,0,0,93773,946339,558264,0,39648,0,125583,0
461,0,0,0,540903,0,0,0,0,0,0,0,94435,953023,563401,0,40085,0,126473,0
462,0,0,0,544975,0,0,0,0,0,0,0,95097,959707,568538,0,40522,0,127363,0
463,0,0,0,549047,0,0,0,0,0,0,0,95759,966391,573675,0,40959,0,128253,0
464,0,0,0,553119,0,0,0,0,0,0,0,96421,973075,578812,0,41396,0,129143,0
465,0,0,0,557191,0,0,0,0,0,0,0,97083,979759,583949,0,41833,0,130033,0
466,0,0,0,561263,0,0,0,0,0,0,0,97745,986443,589086,0,42270,0,130923,0
467,0,0,0,565335,0,0,0,0,0,0,0,98407,993127,594223,0,42707,0,131813,0
468,0,0,0,569407,0,0,0,0,0,0,0,99069,999811,599360,0,43144,0,132703,0
469,0,0,0,573479,0,0,0,0,0,0,0,99731,1006495,604497,0,43581,0,133593,0
470,0,0,0,577551,0,0,0,0,0,0,0,100393,1013179,609634,0,44018,0,134483,0
471,0,0,0,581623,0,0,0,0,0,0,0,101055,1019863,614771,0,44455,0,135373,0
472,0,0,0,585695,0,0,0,0,0,0,0,101717,1026547,619908,0,44892,0,136263,0
473,0,0,0,589767,0,0,0,0,0,0,0,102379,1033231,625045,0,45329,0,137153,0
474,0,0,0,593839,0,0,0,0,0,0,0,103041,1039915,630182,0,45766,0,138043,0
475,0,0,0,597911,0,0,0,0,0,0,0,103703,1046599,635319,0,46203,0,138933,0
476,0,0,0,601983,0,0,0,0,0,0,0,104365,1053283,640456,0,46640,0,139823,0
477,0,0,0,606055,0,0,0,0,0,0,0,105027,1059967,645593,0,47077,0,140713,0
478,0,0,0,610127,0,0,0,0,0,0,0,105689,1066651,650730,0,47514,0,141603,0
479,0,0,0,614199,0,0,0,0,0,0,0,106351,1073335,655867,0,47951,0,142493,0
480,0,0,0,618271,0,0,0,0,0,0,0,107013,1080019,661004,0,48388,0,143383,0
481,0,0,0,618271,0,0,0,0,0,0,0,107013,1080019,661004,0,48388,0,143383,0
482,0,0,0,618271,0,0,0,0,0,0,0,107013,1080019,661004,0,48388,0,143383,0
483,0,0,0,618271,0,0,0,0,0,0,0,107013,1080019,661004,0,48388,0,143383,0
484,0,0,0,618271,0,0,0,0,0,0,0,107013,1080019,661004,0,48388,0,143383,0
485,0,0,0,618271,0,0,0,0,0,0,0,107013,1080019,661004,0,48388,0,143383,0
486,0,0,0,618271,0,0,0,0,0,0,0,107013,1080019,661004,0,48388,0,143383,0
487,0,0,0,618271,0,0,0,0,0,0,0,107013,1080019,661004,0,48388,0,143383,0
488,0,0,0,618271,0,0,0,0,0,0,0,107013,1080019,661004,0,48388,0,143383,0
489,0,0,0,618271,0,0,0,0,0,0,0,107013,1080019,661004,0,48388,0,143383,0
490,0,0,0,618271,0,0,0,0,0,0,0,107013,1080019,661004,0,48388,0,143383,0
491,0,0,0,618271,0,0,0,0,0,0,0,107013,1080019,661004,0,48388,0,143383,0
492,0,0,0,618271,0,0,0,0,0,0,0,107013,1080019,661004,0,48388,0,143383,0
493,0,0,0,618271,0,0,0,0,0,0,0,107013,1080019,661004,0,48388,0,143383,0
494,0,0,0,618271,0,0,0,0,0,0,0,107013,1080019,661004,0,48388,0,143383,0
495,0,0,0,618271,0,0,0,0,0,0,0,107013,1080019,661004,0,48388,0,143383,0
496,0,0,0,618271,0,0,0,0,0,0,0,107013,1080019,661004,0,48388,0,143383,0
497,0,0,0,618271,0,0,0,0,0,0,0,107013,1080019,661004,0,48388,0,143383,0
498,0,0,0,618271,0,0,0,0,0,0,0,107013,1080019,661004,0,48388,0,143383,0
499,0,0,0,618271,0,0,0,0,0,0,0,107013,1080019,661004,0,48388,0,143383,0
500,0,0,0,618271,0,0,0,0,0,0,0,107013,1080019,661004,0,48388,0,143383,0
501,0,0,0,618271,0,0,0,0,0,0,0,107013,1080019,661004,0,48388,0,143383,0
502,0,0,0,618271,0,0,0,0,0,0,0,107013,1080019,661004,0,48388,0,143383,0
503,0,0,0,618271,0,0,0,0,0,0,0,107013,1080019,661004,0,48388,0,143383,0
504,0,0,0,618271,0,0,0,0,0,0,0,107013,1080019,661004,0,48388,0,143383,0
505,0,0,0,618271,0,0,0,0,0,0,0,107013,1080019,661004,0,48388,0,143383,0
506,0,0,0,618271,0,0,0,0,0,0,0,107013,1080019,661004,0,48388,0,143383,0
507,0,0,0,618271,0,0,0,0,0,0,0,107013,1080019,661004,0,48388,0,143383,0
508,0,0,0,618271,0,0,0,0,0,0,0,107013,1080019,661004,0,48388,0,143383,0
509,0,0,0,618321,0,0,0,0,0,0,0,107013,1080019,661143,0,48388,0,143383,0
510,0,0,0,618371,0,0,0,0,0,0,0,107013,1080019,661282,0,48388,0,143383,0
511,0,0,0,618421,0,0,0,0,0,0,0,107013,1080019,661421,0,48388,0,143383,0
512,0,0,0,618471,0,0,0,0,0,0,0,107013,1080019,661636,0,48388,0,143383,0
513,0,0,0,618521,0,0,0,0,0,0,0,107013,1080019,661851,0,48388,0,143383,0
514,0,0,0,618649,0,0,0,0,0,0,0,107013,1080019,662118,0,48388,0,143383,0
515,0,0,0,618777,0,0,0,0,0,0,0,107013,1080019,662487,0,48388,0,143383,0
516,0,0,0,618905,0,0,0,0,0,0,0,107013,1080019,662856,0,48388,0,143383,0
517,0,0,0,619033,0,0,0,0,0,0,0,107013,1080019,663289,0,48388,0,143383,0
518,0,0,0,619161,0,0,0,0,0,0,0,107013,1080019,663797,0,48388,0,143383,0
519,0,0,0,619318,0,0,0,0,0,0,0,107013,1080019,664318,0,48388,0,143383,0
520,0,0,0,619475,0,0,0,0,0,0,0,107013,1080019,664905,0,48388,0,143383,0
521,0,0,0,619632,0,0,0,0,0,0,0,107013,1080019,665581,0,48388,0,143383,0
522,0,0,0,619789,0,0,0,0,0,0,0,107013,1080019,666257,0,48388,0,143383,0
523,0,0,0,619946,0,0,0,0,0,0,0,107013,1080019,666933,0,48388,0,143383,0
524,0,0,0,620223,0,0,0,0,0,0,0,107013,1080019,667623,0,48388,0,143383,0
525,0,0,0,620500,0,0,0,0,0,0,0,107013,1080019,668313,0,48388,0,143383,0
526,0,0,0,620913,0,0,0,0,0,0,0,107013,1080019,669003,0,48388,0,143383,0
527,0,0,0,621339,0,0,0,0,0,0,0,107013,1080019,669693,0,48388,0,143383,0
528,0,0,0,621765,0,0,0,0,0,0,0,107013,1080019,670514,0,48388,0,143383,0
529,0,0,0,622280,0,0,0,0,0,0,0,107013,1080019,671335,0,48388,0,143383,0
530,0,0,0,623020,0,0,0,0,0,0,0,107013,1080019,672204,0,48388,0,143383,0
531,0,0,0,623872,0,0,0,0,0,0,0,107062,1080331,673073,0,48388,0,143472,0
532,0,0,0,624761,0,0,0,0,0,0,0,107111,1080643,673942,0,48388,0,143632,0
533,0,0,0,625650,0,0,0,0,0,0,0,107160,1080973,674811,0,48388,0,143792,0
534,0,0,0,626562,0,0,0,0,0,0,0,107305,1082167,675769,0,48388,0,144086,0
535,0,0,0,627631,0,0,0,0,0,0,0,107509,1083797,676771,0,48388,0,144434,0
536,0,0,0,628789,0,0,0,0,0,0,0,107713,1085427,677848,0,48388,0,144782,0
537,0,0,0,630033,0,0,0,0,0,0,0,107917,1087057,679015,0,48388,0,145130,0
538,0,0,0,631486,0,0,0,0,0,0,0,108326,1089975,680240,0,48388,0,145525,0
539,0,0,0,632939,0,0,0,0,0,0,0,108750,1093310,681555,0,48388,0,145920,0
540,0,0,0,634392,0,0,0,0,0,0,0,109174,1096645,682870,0,48388,0,146315,0
541,0,0,0,635102,0,0,0,0,0,0,0,109394,1098482,683655,0,48388,0,146433,0
542,0,0,0,636022,0,0,0,0,0,0,0,109715,1101585,684587,0,48388,0,146609,0
543,0,0,0,637123,0,0,0,0,0,0,0,110036,1105062,685586,0,48388,0,146796,0
544,0,0,0,638224,0,0,0,0,0,0,0,110357,1108539,686716,0,48388,0,147073,0
545,0,0,0,638551,0,0,0,0,0,0,0,110473,1110310,687247,0,48388,0,147232,0
546,0,0,0,639031,0,0,0,0,0,0,0,110682,1113505,687889,0,48388,0,147727,0
547,0,0,0,639649,0,0,0,0,0,0,0,110935,1116985,688570,0,48388,0,148222,0
548,0,0,0,640641,0,0,0,0,0,0,0,111188,1120465,689251,0,48388,0,148717,0
549,0,0,0,640883,0,0,0,0,0,0,0,111325,1122492,689462,0,48388,0,149143,0
550,0,0,0,641125,0,0,0,0,0,0,0,111462,1124519,689725,0,48388,0,149569,0
551,0,0,0,641367,0,0,0,0,0,0,0,111599,1126546,689988,0,48388,0,149995,0
552,0,0,0,641609,0,0,0,0,0,0,0,111736,1128573,690251,0,48388,0,150421,0
553,0,0,0,641609,0,0,0,0,0,0,0,111736,1128573,690251,0,48388,0,150421,0
554,0,0,0,641609,0,0,0,0,0,0,0,111736,1128573,690251,0,48388,0,150421,0
555,0,0,0,641609,0,0,0,0,0,0,0,111736,1128573,690251,0,48388,0,150421,0
556,0,0,0,641609,0,0,0,0,0,0,0,111736,1128573,690251,0,48388,0,150421,0
557,0,0,0,641609,0,0,0,0,0,0,0,111736,1128573,690251,0,48388,0,150421,0
558,0,0,0,641609,0,0,0,0,0,0,0,111736,1128573,690251,0,48388,0,150421,0
559,0,0,0,641609,0,0,0,0,0,0,0,111736,1128573,690251,0,48388,0,150421,0
560,0,0,0,641609,0,0,0,0,0,0,0,111736,1128573,690251,0,48388,0,150421,0
561,0,0,0,641609,0,0,0,0,0,0,0,111736,1128573,690251,0,48388,0,150421,0
562,0,0,0,641609,0,0,0,0,0,0,0,111736,1128573,690251,0,48388,0,150421,0
563,0,0,0,641609,0,0,0,0,0,0,0,111736,1128573,690251,0,48388,0,150421,0
564,0,0,0,641609,0,0,0,0,0,0,0,111736,1128573,690251,0,48388,0,150421,0
565,0,0,0,641609,0,0,0,0,0,0,0,111736,1128573,690251,0,48388,0,150421,0
566,0,0,0,641609,0,0,0,0,0,0,0,111736,1128573,690251,0,48388,0,150421,0
567,0,0,0,641609,0,0,0,0,0,0,0,111736,1128573,690251,0,48388,0,150421,0
568,0,0,0,641609,0,0,0,0,0,0,0,111736,1128573,690251,0,48388,0,150421,0
569,0,0,0,641609,0,0,0,0,0,0,0,111736,1128573,690251,0,48388,0,150421,0
570,0,0,0,641609,0,0,0,0,0,0,0,111736,1128573,690251,0,48388,0,150421,0
571,0,0,0,641609,0,0,0,0,0,0,0,111736,1128573,690251,0,48388,0,150421,0
572,0,0,0,641609,0,0,0,0,0,0,0,111736,1128573,690251,0,48388,0,150421,0
573,0,0,0,641609,0,0,0,0,0,0,0,111736,1128573,690251,0,48388,0,150421,0
574,0,0,0,641609,0,0,0,0,0,0,0,111736,1128573,690251,0,48388,0,150421,0
575,0,0,0,641609,0,0,0,0,0,0,0,111736,1128573,690251,0,48388,0,150421,0
576,0,0,0,641609,0,0,0,0,0,0,0,111736,1128573,690251,0,48388,0,150421,0
577,0,0,0,641609,0,0,0,0,0,0,0,111736,1128573,690251,0,48388,0,150421,0
578,0,0,0,641609,0,0,0,0,0,0,0,111736,1128573,690251,0,48388,0,150421,0
579,0,0,0,641609,0,0,0,0,0,0,0,111736,1128573,690251,0,48388,0,150421,0
580,0,0,0,641609,0,0,0,0,0,0,0,111736,1128573,690251,0,48388,0,150421,0
581,0,0,0,641609,0,0,0,0,0,0,0,111736,1128573,690251,0,48388,0,150421,0
582,0,0,0,641609,0,0,0,0,0,0,0,111736,1128573,690251,0,48388,0,150421,0
583,0,0,0,641609,0,0,0,0,0,0,0,111736,1128573,690251,0,48388,0,150421,0
584,0,0,0,641609,0,0,0,0,0,0,0,111736,1128573,690251,0,48388,0,150421,0
585,0,0,0,641609,0,0,0,0,0,0,0,111736,1128573,690251,0,48388,0,150421,0
586,0,0,0,641609,0,0,0,0,0,0,0,111736,1128573,690251,0,48388,0,150421,0
587,0,0,0,641609,0,0,0,0,0,0,0,111736,1128573,690251,0,48388,0,150421,0
588,0,0,0,641609,0,0,0,0,0,0,0,111736,1128573,690251,0,48388,0,150421,0
589,0,0,0,641609,0,0,0,0,0,0,0,111736,1128573,690251,0,48388,0,150421,0
590,0,0,0,641609,0,0,0,0,0,0,0,111736,1128573,690251,0,48388,0,150421,0
591,0,0,0,641609,0,0,0,0,0,0,0,111736,1128573,690251,0,48388,0,150421,0
592,0,0,0,641609,0,0,0,0,0,0,0,111736,1128573,690251,0,48388,0,150421,0
593,0,0,0,641609,0,0,0,0,0,0,0,111736,1128573,690251,0,48388,0,150421,0
594,0,0,0,641609,0,0,0,0,0,0,0,111736,1128573,690251,0,48388,0,150421,0
595,0,0,0,641609,0,0,0,0,0,0,0,111736,1128573,690251,0,48388,0,150421,0
596,0,0,0,641609,0,0,0,0,0,0,0,111736,1128573,690251,0,48388,0,150421,0
597,0,0,0,641609,0,0,0,0,0,0,0,111736,1128573,690251,0,48388,0,150421,0
598,0,0,0,641609,0,0,0,0,0,0,0,111736,1128573,690251,0,48388,0,150421,0
599,0,0,0,641609,0,0,0,0,0,0,0,111736,1128573,690251,0,48388,0,150421,0
600,0,0,0,641609,0,0,0,0,0,0,0,111736,1128573,690251,0,48388,0,150421,0
601,0,0,0,641609,0,0,0,0,0,0,0,111736,1128573,690251,0,48388,0,150421,0
602,0,0,0,641609,0,0,0,0,0,0,0,111736,1128573,690251,0,48388,0,150421,0
603,0,0,0,641609,0,0,0,0,0,0,0,111736,1128573,690251,0,48388,0,150421,0
604,0,0,0,641609,0,0,0,0,0,0,0,111736,1128573,690251,0,48388,0,150421,0
605,0,0,0,641609,0,0,0,0,0,0,0,111736,1128573,690251,0,48388,0,150421,0
606,0,0,0,641609,0,0,0,0,0,0,0,111736,1128573,690251,0,48388,0,150421,0
607,0,0,0,641609,0,0,0,0,0,0,0,111736,1128573,690251,0,48388,0,150421,0
608,0,0,0,641609,0,0,0,0,0,0,0,111736,1128573,690251,0,48388,0,150421,0
609,0,0,0,641609,0,0,0,0,0,0,0,111736,1128573,690251,0,48388,0,150421,0
610,0,0,0,641609,0,0,0,0,0,0,0,111736,1128573,690251,0,48388,0,150421,0
611,0,0,0,641609,0,0,0,0,0,0,0,111736,1128573,690251,0,48388,0,150421,0
612,0,0,0,641609,0,0,0,0,0,0,0,111736,1128573,690299,0,48388,0,150421,0
613,0,0,0,641670,0,0,0,0,0,0,0,111736,1128573,690347,0,48388,0,150421,0
614,0,0,0,641731,0,0,0,0,0,0,0,111736,1128573,690424,0,48388,0,150421,0
615,0,0,0,641829,0,0,0,0,0,0,0,111736,1128573,690591,0,48388,0,150421,0
616,0,0,0,642301,0,0,0,0,0,0,0,111736,1128573,690845,0,48388,0,150421,0
617,0,0,0,643132,0,0,0,0,0,0,0,111736,1128573,691238,0,48388,0,150421,0
618,0,0,0,644059,0,0,0,0,0,0,0,111736,1128573,691631,0,48388,0,150421,0
619,0,0,0,645104,0,0,0,0,0,0,0,111736,1128573,692024,0,48388,0,150421,0
620,0,0,0,646207,0,0,0,0,0,0,0,111736,1128573,692417,0,48388,0,150421,0
621,0,0,0,647780,0,0,0,0,0,0,0,111736,1128573,692926,0,48388,0,150421,0
622,0,0,0,649417,0,0,0,0,0,0,0,111736,1128573,693525,0,48388,0,150421,0
623,0,0,0,651189,0,0,0,0,0,0,0,111795,1128877,694411,0,48388,0,150475,0
624,0,0,0,653368,0,0,0,0,0,0,0,111854,1129181,695382,0,48388,0,150529,0
625,0,0,0,655547,0,0,0,0,0,0,0,111913,1129485,696379,0,48388,0,150583,0
626,0,0,0,657749,0,0,0,0,0,0,0,112068,1130653,697680,0,48388,0,150771,0
627,0,0,0,659951,0,0,0,0,0,0,0,112223,1132107,699207,0,48388,0,150959,0
628,0,0,0,662153,0,0,0,0,0,0,0,112378,1133561,700734,0,48388,0,151147,0
629,0,0,0,664355,0,0,0,0,0,0,0,112533,1135033,702481,0,48388,0,151335,0
630,0,0,0,666766,0,0,0,0,0,0,0,112893,1137793,704434,0,48388,0,151570,0
631,0,0,0,669252,0,0,0,0,0,0,0,113253,1140609,706507,0,48388,0,151816,0
632,0,0,0,671775,0,0,0,0,0,0,0,113613,1143425,709026,0,48388,0,152062,0
633,0,0,0,674384,0,0,0,0,0,0,0,113973,1146241,711927,0,48388,0,152308,0
634,0,0,0,677147,0,0,0,0,0,0,0,114434,1150323,714987,0,48388,0,152612,0
635,0,0,0,680042,0,0,0,0,0,0,0,114988,1155002,718296,0,48388,0,153005,0
636,0,0,0,682968,0,0,0,0,0,0,0,115542,1159681,721668,0,48388,0,153398,0
637,0,0,0,685529,0,0,0,0,0,0,0,115892,1162862,724296,0,48388,0,153514,0
638,0,0,0,688243,0,0,0,0,0,0,0,116335,1167467,727025,0,48388,0,153966,0
639,0,0,0,690979,0,0,0,0,0,0,0,116778,1172204,729782,0,48388,0,154418,0
640,0,0,0,693715,0,0,0,0,0,0,0,117221,1176941,732623,0,48388,0,154870,0
641,0,0,0,695844,0,0,0,0,0,0,0,117459,1179972,734398,0,48388,0,155275,0
642,0,0,0,697973,0,0,0,0,0,0,0,117697,1183003,736173,0,48388,0,155680,0
643,0,0,0,700102,0,0,0,0,0,0,0,117950,1186165,737948,0,48388,0,156085,0
644,0,0,0,702231,0,0,0,0,0,0,0,118203,1189327,739723,0,48388,0,156580,0
645,0,0,0,703270,0,0,0,0,0,0,0,118340,1191036,740601,0,48388,0,157006,0
646,0,0,0,704309,0,0,0,0,0,0,0,118477,1192745,741479,0,48388,0,157432,0
647,0,0,0,705417,0,0,0,0,0,0,0,118614,1194772,742357,0,48388,0,157858,0
648,0,0,0,706525,0,0,0,0,0,0,0,118751,1196799,743235,0,48388,0,158284,0
649,0,0,0,706525,0,0,0,0,0,0,0,118751,1196799,743235,0,48388,0,158284,0
650,0,0,0,706525,0,0,0,0,0,0,0,118751,1196799,743235,0,48388,0,158284,0
651,0,0,0,706525,0,0,0,0,0,0,0,118751,1196799,743235,0,48388,0,158284,0
652,0,0,0,706525,0,0,0,0,0,0,0,118751,1196799,743235,0,48388,0,158284,0
653,0,0,0,706525,0,0,0,0,0,0,0,118751,1196799,743235,0,48388,0,158284,0
654,0,0,0,706525,0,0,0,0,0,0,0,118751,1196799,743235,0,48388,0,158284,0
655,0,0,0,706525,0,0,0,0,0,0,0,118751,1196799,743235,0,48388,0,158284,0
656,0,0,0,706525,0,0,0,0,0,0,0,118751,1196799,743235,0,48388,0,158284,0
657,0,0,0,706525,0,0,0,0,0,0,0,118751,1196799,743235,0,48388,0,158284,0
658,0,0,0,706525,0,0,0,0,0,0,0,118751,1196799,743235,0,48388,0,158284,0
659,0,0,0,706525,0,0,0,0,0,0,0,118751,1196799,743235,0,48388,0,158284,0
660,0,0,0,706525,0,0,0,0,0,0,0,118751,1196799,743235,0,48388,0,158284,0
661,0,0,0,706525,0,0,0,0,0,0,0,118751,1196799,743235,0,48388,0,158284,0
662,0,0,0,706525,0,0,0,0,0,0,0,118751,1196799,743235,0,48388,0,158284,0
663,0,0,0,706525,0,0,0,0,0,0,0,118751,1196799,743235,0,48388,0,158284,0
664,0,0,0,706525,0,0,0,0,0,0,0,118751,1196799,743235,0,48388,0,158284,0
665,0,0,0,706525,0,0,0,0,0,0,0,118751,1196799,743235,0,48388,0,158284,0
666,0,0,0,706525,0,0,0,0,0,0,0,118751,1196799,743235,0,48388,0,158284,0
667,0,0,0,706525,0,0,0,0,0,0,0,118751,1196799,743235,0,48388,0,158284,0
668,0,0,0,706525,0,0,0,0,0,0,0,118751,1196799,743235,0,48388,0,158284,0
669,0,0,0,706525,0,0,0,0,0,0,0,118751,1196799,743235,0,48388,0,158284,0
670,0,0,0,706525,0,0,0,0,0,0,0,118751,1196799,743235,0,48388,0,158284,0
671,0,0,0,706525,0,0,0,0,0,0,0,118751,1196799,743235,0,48388,0,158284,0
672,0,0,0,706525,0,0,0,0,0,0,0,118751,1196799,743235,0,48388,0,158284,0
673,0,0,0,706525,0,0,0,0,0,0,0,118751,1196799,743235,0,48388,0,158284,0
674,0,0,0,706525,0,0,0,0,0,0,0,118751,1196799,743235,0,48388,0,158284,0
675,0,0,0,706525,0,0,0,0,0,0,0,118751,1196799,743235,0,48388,0,158284,0
676,0,0,0,706525,0,0,0,0,0,0,0,118751,1196799,743235,0,48388,0,158284,0
677,0,0,0,706525,0,0,0,0,0,0,0,118751,1196799,743235,0,48388,0,158284,0
678,0,0,0,706525,0,0,0,0,0,0,0,118751,1196799,743235,0,48388,0,158284,0
679,0,0,0,706525,0,0,0,0,0,0,0,118751,1196799,743235,0,48388,0,158284,0
680,0,0,0,706525,0,0,0,0,0,0,0,118751,1196799,743235,0,48388,0,158284,0
681,0,0,0,706525,0,0,0,0,0,0,0,118751,1196799,743235,0,48388,0,158284,0
682,0,0,0,706525,0,0,0,0,0,0,0,118751,1196799,743235,0,48388,0,158284,0
683,0,0,0,706525,0,0,0,0,0,0,0,118751,1196799,743235,0,48388,0,158284,0
684,0,0,0,706525,0,0,0,0,0,0,0,118751,1196799,743235,0,48388,0,158284,0
685,0,0,0,706525,0,0,0,0,0,0,0,118751,1196799,743235,0,48388,0,158284,0
686,0,0,0,706525,0,0,0,0,0,0,0,118751,1196799,743235,0,48388,0,158284,0
687,0,0,0,706525,0,0,0,0,0,0,0,118751,1196799,743235,0,48388,0,158284,0
688,0,0,0,706525,0,0,0,0,0,0,0,118751,1196799,743235,0,48388,0,158284,0
689,0,0,0,706525,0,0,0,0,0,0,0,118751,1196799,743235,0,48388,0,158284,0
690,0,0,0,706525,0,0,0,0,0,0,0,118751,1196799,743235,0,48388,0,158284,0
691,0,0,0,706525,0,0,0,0,0,0,0,118751,1196799,743235,0,48388,0,158284,0
692,0,0,0,706525,0,0,0,0,0,0,0,118751,1196799,743235,0,48388,0,158284,0
693,0,0,0,706525,0,0,0,0,0,0,0,118751,1196799,743235,0,48388,0,158284,0
694,0,0,0,706525,0,0,0,0,0,0,0,118751,1196799,743235,0,48388,0,158284,0
695,0,0,0,706525,0,0,0,0,0,0,0,118751,1196799,743235,0,48388,0,158284,0
696,0,0,0,706525,0,0,0,0,0,0,0,118751,1196799,743235,0,48388,0,158284,0
697,0,0,0,706525,0,0,0,0,0,0,0,118751,1196799,743235,0,48388,0,158284,0
698,0,0,0,706525,0,0,0,0,0,0,0,118751,1196799,743235,0,48388,0,158284,0
699,0,0,0,706525,0,0,0,0,0,0,0,118751,1196799,743235,0,48388,0,158284,0
700,0,0,0,706525,0,0,0,0,0,0,0,118751,1196799,743235,0,48388,0,158284,0
701,0,0,0,706525,0,0,0,0,0,0,0,118751,1196799,743235,0,48388,0,158284,0
702,0,0,0,706750,0,0,0,0,0,0,0,118751,1196799,743235,0,48388,0,158284,0
703,0,0,0,706975,0,0,0,0,0,0,0,118751,1196799,743235,0,48388,0,158284,0
704,0,0,0,707200,0,0,0,0,0,0,0,118751,1196799,743235,0,48388,0,158284,0
705,0,0,0,707425,0,0,0,0,0,0,0,118751,1196799,743235,0,48388,0,158284,0
706,0,0,0,707650,0,0,0,0,0,0,0,118751,1196799,743235,0,48388,0,158284,0
707,0,0,0,707987,0,0,0,0,0,0,0,118800,1197111,743235,0,48388,0,158373,0
708,0,0,0,708324,0,0,0,0,0,0,0,118849,1197423,743235,0,48388,0,158462,0
709,0,0,0,708661,0,0,0,0,0,0,0,118898,1197735,743235,0,48388,0,158551,0
710,0,0,0,708998,0,0,0,0,0,0,0,118947,1198047,743235,0,48388,0,158640,0
711,0,0,0,709370,0,0,0,0,0,0,0,118996,1198491,743248,0,48388,0,158729,0
712,0,0,0,709742,0,0,0,0,0,0,0,119045,1198935,743261,0,48388,0,158889,0
713,0,0,0,710114,0,0,0,0,0,0,0,119094,1199379,743415,0,48388,0,159049,0
714,0,0,0,710622,0,0,0,0,0,0,0,119143,1199823,743569,0,48388,0,159209,0
715,0,0,0,711130,0,0,0,0,0,0,0,119207,1200398,743723,0,48388,0,159369,0
716,0,0,0,711675,0,0,0,0,0,0,0,119271,1200973,743877,0,48388,0,159529,0
717,0,0,0,712220,0,0,0,0,0,0,0,119335,1201548,744031,0,48388,0,159689,0
718,0,0,0,712765,0,0,0,0,0,0,0,119399,1202123,744185,0,48388,0,159849,0
719,0,0,0,713379,0,0,0,0,0,0,0,119463,1203016,744381,0,48388,0,160009,0
720,0,0,0,714144,0,0,0,0,0,0,0,119527,1203909,744654,0,48388,0,160169,0
721,0,0,0,714998,0,0,0,0,0,0,0,119591,1204802,744927,0,48388,0,160329,0
722,0,0,0,715852,0,0,0,0,0,0,0,119655,1205695,745288,0,48388,0,160489,0
723,0,0,0,716706,0,0,0,0,0,0,0,119719,1206588,745649,0,48388,0,160649,0
724,0,0,0,717560,0,0,0,0,0,0,0,119783,1207481,746105,0,48388,0,160809,0
725,0,0,0,718414,0,0,0,0,0,0,0,119847,1208392,746561,0,48388,0,160969,0
726,0,0,0,719268,0,0,0,0,0,0,0,119911,1209303,747039,0,48388,0,161129,0
727,0,0,0,720122,0,0,0,0,0,0,0,119975,1210214,747517,0,48388,0,161289,0
728,0,0,0,720983,0,0,0,0,0,0,0,120039,1211125,748153,0,48650,0,161539,0
729,0,0,0,721930,0,0,0,0,0,0,0,120103,1212036,748851,0,49061,0,161789,0
730,0,0,0,722947,0,0,0,0,0,0,0,120167,1212947,749597,0,49472,0,162039,0
731,0,0,0,723964,0,0,0,0,0,0,0,120231,1213858,750343,0,49883,0,162289,0
732,0,0,0,724981,0,0,0,0,0,0,0,120295,1214769,751104,0,50300,0,162539,0
733,0,0,0,725285,0,0,0,0,0,0,0,120310,1215350,751622,0,50671,0,162700,0
734,0,0,0,725589,0,0,0,0,0,0,0,120325,1215931,752140,0,51036,0,162861,0
735,0,0,0,725893,0,0,0,0,0,0,0,120340,1216512,752658,0,51401,0,163022,0
736,0,0,0,726197,0,0,0,0,0,0,0,120355,1217093,753264,0,51766,0,163183,0
737,0,0,0,726266,0,0,0,0,0,0,0,120370,1217542,753677,0,52086,0,163273,0
738,0,0,0,726335,0,0,0,0,0,0,0,120385,1217991,754090,0,52371,0,163363,0
739,0,0,0,726404,0,0,0,0,0,0,0,120400,1218440,754503,0,52656,0,163453,0
740,0,0,0,726473,0,0,0,0,0,0,0,120415,1218889,754916,0,52875,0,163543,0
741,0,0,0,726542,0,0,0,0,0,0,0,120415,1219207,754985,0,52961,0,163633,0
742,0,0,0,726611,0,0,0,0,0,0,0,120415,1219525,755054,0,53047,0,163723,0
743,0,0,0,726680,0,0,0,0,0,0,0,120415,1219843,755123,0,53047,0,163813,0
744,0,0,0,726749,0,0,0,0,0,0,0,120415,1220161,755192,0,53047,0,163903,0
745,0,0,0,726749,0,0,0,0,0,0,0,120415,1220161,755192,0,53047,0,163903,0
746,0,0,0,726749,0,0,0,0,0,0,0,120415,1220161,755192,0,53047,0,163903,0
747,0,0,0,726749,0,0,0,0,0,0,0,120415,1220161,755192,0,53047,0,163903,0
748,0,0,0,726749,0,0,0,0,0,0,0,120415,1220161,755192,0,53047,0,163903,0
749,0,0,0,726749,0,0,0,0,0,0,0,120415,1220161,755192,0,53047,0,163903,0
750,0,0,0,726749,0,0,0,0,0,0,0,120415,1220161,755192,0,53047,0,163903,0
751,0,0,0,726749,0,0,0,0,0,0,0,120415,1220161,755192,0,53047,0,163903,0
752,0,0,0,726749,0,0,0,0,0,0,0,120415,1220161,755192,0,53047,0,163903,0
753,0,0,0,726749,0,0,0,0,0,0,0,120415,1220161,755192,0,53047,0,163903,0
754,0,0,0,726749,0,0,0,0,0,0,0,120415,1220161,755192,0,53047,0,163903,0
755,0,0,0,726749,0,0,0,0,0,0,0,120415,1220161,755192,0,53047,0,163903,0
756,0,0,0,726749,0,0,0,0,0,0,0,120415,1220161,755192,0,53047,0,163903,0
757,0,0,0,726749,0,0,0,0,0,0,0,120415,1220161,755192,0,53047,0,163903,0
758,0,0,0,726749,0,0,0,0,0,0,0,120415,1220161,755192,0,53047,0,163903,0
759,0,0,0,726749,0,0,0,0,0,0,0,120415,1220161,755192,0,53047,0,163903,0
760,0,0,0,726749,0,0,0,0,0,0,0,120415,1220161,755192,0,53047,0,163903,0
761,0,0,0,726749,0,0,0,0,0,0,0,120415,1220161,755192,0,53047,0,163903,0
762,0,0,0,726749,0,0,0,0,0,0,0,120415,1220161,755192,0,53047,0,163903,0
763,0,0,0,726749,0,0,0,0,0,0,0,120415,1220161,755192,0,53047,0,163903,0
764,0,0,0,726749,0,0,0,0,0,0,0,120415,1220161,755192,0,53047,0,163903,0
765,0,0,0,726749,0,0,0,0,0,0,0,120415,1220161,755192,0,53047,0,163903,0
766,0,0,0,726749,0,0,0,0,0,0,0,120415,1220161,755192,0,53047,0,163903,0
767,0,0,0,726749,0,0,0,0,0,0,0,120415,1220161,755192,0,53047,0,163903,0
768,0,0,0,726749,0,0,0,0,0,0,0,120415,1220161,755192,0,53047,0,163903,0
769,0,0,0,726749,0,0,0,0,0,0,0,120415,1220161,755192,0,53047,0,163903,0
770,0,0,0,726749,0,0,0,0,0,0,0,120415,1220161,755192,0,53047,0,163903,0
771,0,0,0,726749,0,0,0,0,0,0,0,120415,1220161,755192,0,53047,0,163903,0
772,0,0,0,726749,0,0,0,0,0,0,0,120415,1220161,755192,0,53047,0,163903,0
773,0,0,0,726749,0,0,0,0,0,0,0,120415,1220161,755192,0,53047,0,163903,0
774,0,0,0,726749,0,0,0,0,0,0,0,120415,1220161,755192,0,53047,0,163903,0
775,0,0,0,726749,0,0,0,0,0,0,0,120415,1220161,755192,0,53047,0,163903,0
776,0,0,0,726749,0,0,0,0,0,0,0,120415,1220161,755192,0,53047,0,163903,0
777,0,0,0,726749,0,0,0,0,0,0,0,120415,1220161,755192,0,53047,0,163903,0
778,0,0,0,726749,0,0,0,0,0,0,0,120415,1220161,755192,0,53047,0,163903,0
779,0,0,0,726749,0,0,0,0,0,0,0,120415,1220161,755192,0,53047,0,163903,0
780,0,0,0,726749,0,0,0,0,0,0,0,120415,1220161,755192,0,53047,0,163903,0
781,0,0,0,726749,0,0,0,0,0,0,0,120415,1220161,755192,0,53047,0,163903,0
782,0,0,0,726749,0,0,0,0,0,0,0,120415,1220161,755192,0,53047,0,163903,0
783,0,0,0,726749,0,0,0,0,0,0,0,120415,1220161,755192,0,53047,0,163903,0
784,0,0,0,726749,0,0,0,0,0,0,0,120415,1220161,755192,0,53047,0,163903,0
785,0,0,0,726749,0,0,0,0,0,0,0,120415,1220161,755192,0,53047,0,163903,0
786,0,0,0,726749,0,0,0,0,0,0,0,120415,1220161,755192,0,53047,0,163903,0
787,0,0,0,726749,0,0,0,0,0,0,0,120415,1220161,755192,0,53047,0,163903,0
788,0,0,0,726749,0,0,0,0,0,0,0,120415,1220161,755192,0,53047,0,163903,0
789,0,0,0,726749,0,0,0,0,0,0,0,120415,1220161,755192,0,53047,0,163903,0
790,0,0,0,726749,0,0,0,0,0,0,0,120415,1220161,755192,0,53047,0,163903,0
791,0,0,0,726749,0,0,0,0,0,0,0,120415,1220161,755192,0,53047,0,163903,0
792,0,0,0,726749,0,0,0,0,0,0,0,120415,1220161,755192,0,53047,0,163903,0
793,0,0,0,726749,0,0,0,0,0,0,0,120415,1220161,755192,0,53047,0,163903,0
794,0,0,0,726749,0,0,0,0,0,0,0,120415,1220161,755192,0,53047,0,163903,0
795,0,0,0,726749,0,0,0,0,0,0,0,120415,1220161,755192,0,53047,0,163903,0
796,0,0,0,726749,0,0,0,0,0,0,0,120415,1220161,755192,0,53047,0,163903,0
797,0,0,0,726749,0,0,0,0,0,0,0,120415,1220161,755192,0,53047,0,163903,0
798,0,0,0,726772,0,0,0,0,0,0,0,120511,1221025,755281,0,53047,0,164037,0
799,0,0,0,726795,0,0,0,0,0,0,0,120607,1221889,755370,0,53047,0,164171,0
800,0,0,0,726818,0,0,0,0,0,0,0,120703,1222753,755459,0,53047,0,164305,0
801,0,0,0,726841,0,0,0,0,0,0,0,120799,1223617,755548,0,53047,0,164439,0
802,0,0,0,727123,0,0,0,0,0,0,0,121100,1225769,755637,0,53047,0,164620,0
803,0,0,0,727405,0,0,0,0,0,0,0,121401,1227921,755726,0,53047,0,164801,0
804,0,0,0,727687,0,0,0,0,0,0,0,121702,1230073,755815,0,53047,0,164982,0
805,0,0,0,727969,0,0,0,0,0,0,0,122003,1232225,755904,0,53047,0,165163,0
806,0,0,0,728405,0,0,0,0,0,0,0,122405,1235643,756071,0,53047,0,165402,0
807,0,0,0,728976,0,0,0,0,0,0,0,122866,1239365,756298,0,53047,0,165695,0
808,0,0,0,729547,0,0,0,0,0,0,0,123327,1243087,756525,0,53047,0,165988,0
809,0,0,0,730118,0,0,0,0,0,0,0,123788,1246809,756833,0,53047,0,166281,0
810,0,0,0,730842,0,0,0,0,0,0,0,124342,1251955,757210,0,53047,0,166910,0
811,0,0,0,731566,0,0,0,0,0,0,0,124896,1257387,757587,0,53047,0,167539,0
812,0,0,0,732290,0,0,0,0,0,0,0,125450,1262819,757977,0,53047,0,168168,0
813,0,0,0,733014,0,0,0,0,0,0,0,126004,1268251,758367,0,53047,0,168797,0
814,0,0,0,733738,0,0,0,0,0,0,0,126558,1273683,758757,0,53047,0,169426,0
815,0,0,0,734537,0,0,0,0,0,0,0,127112,1279171,759147,0,53047,0,170066,0
816,0,0,0,735394,0,0,0,0,0,0,0,127666,1284659,759747,0,53047,0,170706,0
817,0,0,0,736251,0,0,0,0,0,0,0,128220,1290147,760442,0,53047,0,171346,0
818,0,0,0,737108,0,0,0,0,0,0,0,128774,1295635,761179,0,53047,0,171986,0
819,0,0,0,737985,0,0,0,0,0,0,0,129372,1301408,762027,0,53047,0,172626,0
820,0,0,0,738862,0,0,0,0,0,0,0,129970,1307181,763135,0,53047,0,173266,0
821,0,0,0,739739,0,0,0,0,0,0,0,130568,1312972,764485,0,53047,0,173906,0
822,0,0,0,740616,0,0,0,0,0,0,0,131166,1318763,766063,0,53047,0,174546,0
823,0,0,0,741493,0,0,0,0,0,0,0,131764,1324554,767838,0,53067,0,175186,0
824,0,0,0,742455,0,0,0,0,0,0,0,132362,1330345,769822,0,53087,0,175826,0
825,0,0,0,743503,0,0,0,0,0,0,0,132960,1336136,772047,0,53107,0,176466,0
826,0,0,0,744551,0,0,0,0,0,0,0,133558,1341927,774423,0,53127,0,177106,0
827,0,0,0,745669,0,0,0,0,0,0,0,134156,1347718,777062,0,53147,0,177746,0
828,0,0,0,746787,0,0,0,0,0,0,0,134754,1353509,779800,0,53167,0,178386,0
829,0,0,0,747650,0,0,0,0,0,0,0,135197,1358114,781939,0,53167,0,178838,0
830,0,0,0,748591,0,0,0,0,0,0,0,135640,1362719,784182,0,53167,0,179290,0
831,0,0,0,749561,0,0,0,0,0,0,0,136083,1367324,786525,0,53167,0,179742,0
832,0,0,0,750531,0,0,0,0,0,0,0,136526,1371929,788882,0,53167,0,180194,0
833,0,0,0,750962,0,0,0,0,0,0,0,136764,1374960,790105,0,53167,0,180599,0
834,0,0,0,751393,0,0,0,0,0,0,0,137002,1377991,791467,0,53167,0,181004,0
835,0,0,0,751824,0,0,0,0,0,0,0,137240,1381022,792829,0,53167,0,181409,0
836,0,0,0,752255,0,0,0,0,0,0,0,137478,1384053,794191,0,53167,0,181814,0
837,0,0,0,752428,0,0,0,0,0,0,0,137615,1385762,794672,0,53167,0,182150,0
838,0,0,0,752601,0,0,0,0,0,0,0,137752,1387471,795153,0,53167,0,182486,0
839,0,0,0,752774,0,0,0,0,0,0,0,137889,1389180,795634,0,53167,0,182822,0
840,0,0,0,752947,0,0,0,0,0,0,0,138026,1390889,796115,0,53167,0,183158,0
841,0,0,0,752947,0,0,0,0,0,0,0,138026,1390889,796115,0,53167,0,183158,0
842,0,0,0,752947,0,0,0,0,0,0,0,138026,1390889,796115,0,53167,0,183158,0
843,0,0,0,752947,0,0,0,0,0,0,0,138026,1390889,796115,0,53167,0,183158,0
844,0,0,0,752947,0,0,0,0,0,0,0,138026,1390889,796115,0,53167,0,183158,0
845,0,0,0,752947,0,0,0,0,0,0,0,138026,1390889,796115,0,53167,0,183158,0
846,0,0,0,752947,0,0,0,0,0,0,0,138026,1390889,796115,0,53167,0,183158,0
847,0,0,0,752947,0,0,0,0,0,0,0,138026,1390889,796115,0,53167,0,183158,0
848,0,0,0,752947,0,0,0,0,0,0,0,138026,1390889,796115,0,53167,0,183158,0
849,0,0,0,752947,0,0,0,0,0,0,0,138026,1390889,796115,0,53167,0,183158,0
850,0,0,0,752947,0,0,0,0,0,0,0,138026,1390889,796115,0,53167,0,183158,0
851,0,0,0,752947,0,0,0,0,0,0,0,138026,1390889,796115,0,53167,0,183158,0
852,0,0,0,752947,0,0,0,0,0,0,0,138026,1390889,796115,0,53167,0,183158,0
853,0,0,0,752947,0,0,0,0,0,0,0,138026,1390889,796115,0,53167,0,183158,0
854,0,0,0,752947,0,0,0,0,0,0,0,138026,1390889,796115,0,53167,0,183158,0
855,0,0,0,752947,0,0,0,0,0,0,0,138026,1390889,796115,0,53167,0,183158,0
856,0,0,0,752947,0,0,0,0,0,0,0,138026,1390889,796115,0,53167,0,183158,0
857,0,0,0,752947,0,0,0,0,0,0,0,138026,1390889,796115,0,53167,0,183158,0
858,0,0,0,752947,0,0,0,0,0,0,0,138026,1390889,796115,0,53167,0,183158,0
859,0,0,0,752947,0,0,0,0,0,0,0,138026,1390889,796115,0,53167,0,183158,0
860,0,0,0,752947,0,0,0,0,0,0,0,138026,1390889,796115,0,53167,0,183158,0
861,0,0,0,752947,0,0,0,0,0,0,0,138026,1390889,796115,0,53167,0,183158,0
862,0,0,0,752947,0,0,0,0,0,0,0,138026,1390889,796115,0,53167,0,183158,0
863,0,0,0,752947,0,0,0,0,0,0,0,138026,1390889,796115,0,53167,0,183158,0
864,0,0,0,752947,0,0,0,0,0,0,0,138026,1390889,796115,0,53167,0,183158,0
865,0,0,0,757019,0,0,0,0,0,0,0,138688,1397573,801252,0,53604,0,184048,0
866,0,0,0,761091,0,0,0,0,0,0,0,139350,1404257,806389,0,54041,0,184938,0
867,0,0,0,765163,0,0,0,0,0,0,0,140012,1410941,811526,0,54478,0,185828,0
868,0,0,0,769235,0,0,0,0,0,0,0,140674,1417625,816663,0,54915,0,186718,0
869,0,0,0,773307,0,0,0,0,0,0,0,141336,1424309,821800,0,55352,0,187608,0
870,0,0,0,777379,0,0,0,0,0,0,0,141998,1430993,826937,0,55789,0,188498,0
871,0,0,0,781451,0,0,0,0,0,0,0,142660,1437677,832074,0,56226,0,189388,0
872,0,0,0,785523,0,0,0,0,0,0,0,143322,1444361,837211,0,56663,0,190278,0
873,0,0,0,789595,0,0,0,0,0,0,0,143984,1451045,842348,0,57100,0,191168,0
874,0,0,0,793667,0,0,0,0,0,0,0,144646,1457729,847485,0,57537,0,192058,0
875,0,0,0,797739,0,0,0,0,0,0,0,145308,1464413,852622,0,57974,0,192948,0
876,0,0,0,801811,0,0,0,0,0,0,0,145970,1471097,857759,0,58411,0,193838,0
877,0,0,0,805883,0,0,0,0,0,0,0,146632,1477781,862896,0,58848,0,194728,0
878,0,0,0,809955,0,0,0,0,0,0,0,147294,1484465,868033,0,59285,0,195618,0
879,0,0,0,814027,0,0,0,0,0,0,0,147956,1491149,873170,0,59722,0,196508,0
880,0,0,0,818099,0,0,0,0,0,0,0,148618,1497833,878307,0,60159,0,197398,0
881,0,0,0,822171,0,0,0,0,0,0,0,149280,1504517,883444,0,60596,0,198288,0
882,0,0,0,826243,0,0,0,0,0,0,0,149942,1511201,888581,0,61033,0,199178,0
883,0,0,0,830315,0,0,0,0,0,0,0,150604,1517885,893718,0,61470,0,200068,0
884,0,0,0,834387,0,0,0,0,0,0,0,151266,1524569,898855,0,61907,0,200958,0
885,0,0,0,838459,0,0,0,0,0,0,0,151928,1531253,903992,0,62344,0,201848,0
886,0,0,0,842531,0,0,0,0,0,0,0,152590,1537937,909129,0,62781,0,202738,0
887,0,0,0,846603,0,0,0,0,0,0,0,153252,1544621,914266,0,63218,0,203628,0
888,0,0,0,850675,0,0,0,0,0,0,0,153914,1551305,919403,0,63655,0,204518,0
889,0,0,0,854747,0,0,0,0,0,0,0,154576,1557989,924540,0,64092,0,205408,0
890,0,0,0,858819,0,0,0,0,0,0,0,155238,1564673,929677,0,64529,0,206298,0
891,0,0,0,862891,0,0,0,0,0,0,0,155900,1571357,934814,0,64966,0,207188,0
892,0,0,0,866963,0,0,0,0,0,0,0,156562,1578041,939951,0,65403,0,208078,0
893,0,0,0,871328,0,0,0,0,0,0,0,157224,1584743,945761,0,65840,0,208968,0
894,0,0,0,875693,0,0,0,0,0,0,0,157886,1591445,951571,0,66277,0,209858,0
895,0,0,0,880058,0,0,0,0,0,0,0,158548,1598147,957447,0,66714,0,210748,0
896,0,0,0,884436,0,0,0,0,0,0,0,159210,1604849,963331,0,67151,0,211638,0
897,0,0,0,889357,0,0,0,0,0,0,0,159872,1611551,969748,0,67588,0,212528,0
898,0,0,0,894278,0,0,0,0,0,0,0,160534,1618253,976206,0,68025,0,213418,0
899,0,0,0,899257,0,0,0,0,0,0,0,161196,1624955,982664,0,68462,0,214308,0
900,0,0,0,904236,0,0,0,0,0,0,0,161858,1631657,989197,0,68899,0,215198,0
901,0,0,0,910105,0,0,0,0,0,0,0,162520,1638359,996211,0,69336,0,216088,0
902,0,0,0,916093,0,0,0,0,0,0,0,163231,1645373,1003578,0,69773,0,217067,0
903,0,0,0,922081,0,0,0,0,0,0,0,163942,1652387,1011116,0,70210,0,218117,0
904,0,0,0,928091,0,0,0,0,0,0,0,164653,1659533,1018779,0,70647,0,219167,0
905,0,0,0,934967,0,0,0,0,0,0,0,165364,1666679,1027249,0,71084,0,220307,0
906,0,0,0,941843,0,0,0,0,0,0,0,166090,1673956,1035973,0,71521,0,221447,0
907,0,0,0,948719,0,0,0,0,0,0,0,166816,1681233,1044964,0,71958,0,222587,0
908,0,0,0,955664,0,0,0,0,0,0,0,167542,1688828,1054169,0,72395,0,223727,0
909,0,0,0,962609,0,0,0,0,0,0,0,168268,1696423,1063442,0,72832,0,224867,0
910,0,0,0,969779,0,0,0,0,0,0,0,168994,1704018,1072860,0,73269,0,226007,0
911,0,0,0,976949,0,0,0,0,0,0,0,169720,1711613,1082341,0,73706,0,227147,0
912,0,0,0,984254,0,0,0,0,0,0,0,170505,1719512,1091996,0,74189,0,228341,0
913,0,0,0,991714,0,0,0,0,0,0,0,171290,1727411,1101751,0,74977,0,229535,0
914,0,0,0,999174,0,0,0,0,0,0,0,172075,1735596,1111523,0,75851,0,230729,0
915,0,0,0,1006634,0,0,0,0,0,0,0,172860,1743781,1121349,0,76725,0,231923,0
916,0,0,0,1014169,0,0,0,0,0,0,0,173645,1752022,1131183,0,77599,0,233128,0
917,0,0,0,1021704,0,0,0,0,0,0,0,174430,1760263,1141017,0,78473,0,234333,0
918,0,0,0,1029259,0,0,0,0,0,0,0,175259,1768789,1150890,0,79347,0,235538,0
919,0,0,0,1036814,0,0,0,0,0,0,0,176088,1777315,1160844,0,80221,0,236743,0
920,0,0,0,1044419,0,0,0,0,0,0,0,176917,1785841,1170798,0,81095,0,237948,0
921,0,0,0,1052024,0,0,0,0,0,0,0,177746,1794367,1180779,0,81969,0,239153,0
922,0,0,0,1059629,0,0,0,0,0,0,0,178575,1802893,1190776,0,82843,0,240358,0
923,0,0,0,1067234,0,0,0,0,0,0,0,179404,1811419,1200773,0,83717,0,241563,0
924,0,0,0,1074839,0,0,0,0,0,0,0,180233,1819945,1210770,0,84591,0,242768,0
925,0,0,0,1081488,0,0,0,0,0,0,0,180954,1827837,1219582,0,85399,0,243830,0
926,0,0,0,1088137,0,0,0,0,0,0,0,181675,1835729,1228394,0,86207,0,244892,0
927,0,0,0,1094786,0,0,0,0,0,0,0,182396,1843621,1237206,0,87015,0,245954,0
928,0,0,0,1101644,0,0,0,0,0,0,0,183322,1852801,1246018,0,87823,0,247063,0
929,0,0,0,1107636,0,0,0,0,0,0,0,184043,1860275,1253408,0,88586,0,248054,0
930,0,0,0,1113782,0,0,0,0,0,0,0,184865,1869015,1260876,0,89349,0,249103,0
931,0,0,0,1119928,0,0,0,0,0,0,0,185687,1877755,1268344,0,90112,0,250152,0
932,0,0,0,1126227,0,0,0,0,0,0,0,186602,1887919,1275881,0,90960,0,251537,0
933,0,0,0,1131407,0,0,0,0,0,0,0,187401,1896630,1282048,0,91574,0,252853,0
934,0,0,0,1136587,0,0,0,0,0,0,0,188200,1905341,1288215,0,92102,0,254169,0
935,0,0,0,1141767,0,0,0,0,0,0,0,188999,1914052,1294382,0,92630,0,255485,0
936,0,0,0,1146947,0,0,0,0,0,0,0,189798,1922763,1300549,0,93158,0,256801,0
937,0,0,0,1151019,0,0,0,0,0,0,0,190460,1929447,1305686,0,93680,0,257691,0
938,0,0,0,1155091,0,0,0,0,0,0,0,191122,1936131,1310823,0,94202,0,258581,0
939,0,0,0,1159163,0,0,0,0,0,0,0,191784,1942815,1315960,0,94724,0,259471,0
940,0,0,0,1163235,0,0,0,0,0,0,0,192446,1949499,1321097,0,95246,0,260361,0
941,0,0,0,1167307,0,0,0,0,0,0,0,193108,1956183,1326234,0,95768,0,261251,0
942,0,0,0,1171379,0,0,0,0,0,0,0,193770,1962867,1331371,0,96290,0,262141,0
943,0,0,0,1175451,0,0,0,0,0,0,0,194432,1969551,1336508,0,96812,0,263031,0
944,0,0,0,1179523,0,0,0,0,0,0,0,195094,1976235,1341645,0,97334,0,263921,0
945,0,0,0,1183595,0,0,0,0,0,0,0,195756,1982919,1346782,0,97856,0,264811,0
946,0,0,0,1187667,0,0,0,0,0,0,0,196418,1989603,1351919,0,98378,0,265701,0
947,0,0,0,1191739,0,0,0,0,0,0,0,197080,1996287,1357056,0,98900,0,266591,0
948,0,0,0,1195811,0,0,0,0,0,0,0,197742,2002971,1362193,0,99422,0,267481,0
949,0,0,0,1199883,0,0,0,0,0,0,0,198404,2009655,1367330,0,99944,0,268371,0
950,0,0,0,1203955,0,0,0,0,0,0,0,199066,2016339,1372467,0,100466,0,269261,0
951,0,0,0,1208027,0,0,0,0,0,0,0,199728,2023023,1377604,0,100988,0,270151,0
952,0,0,0,1212099,0,0,0,0,0,0,0,200390,2029707,1382741,0,101510,0,271041,0
953,0,0,0,1216171,0,0,0,0,0,0,0,201052,2036391,1387878,0,102032,0,271931,0
954,0,0,0,1220243,0,0,0,0,0,0,0,201714,2043075,1393015,0,102554,0,272821,0
955,0,0,0,1224315,0,0,0,0,0,0,0,202376,2049759,1398152,0,103076,0,273711,0
956,0,0,0,1228387,0,0,0,0,0,0,0,203038,2056443,1403289,0,103598,0,274601,0
957,0,0,0,1232459,0,0,0,0,0,0,0,203700,2063127,1408426,0,104120,0,275491,0
958,0,0,0,1236531,0,0,0,0,0,0,0,204362,2069811,1413563,0,104642,0,276381,0
959,0,0,0,1240603,0,0,0,0,0,0,0,205024,2076495,1418700,0,105164,0,277271,0
960,0,0,0,1244675,0,0,0,0,0,0,0,205686,2083179,1423837,0,105686,0,278161,0
961,0,0,0,1244675,0,0,0,0,0,0,0,205686,2083179,1423837,0,105686,0,278161,0
962,0,0,0,1244675,0,0,0,0,0,0,0,205686,2083179,1423837,0,105686,0,278161,0
963,0,0,0,1244675,0,0,0,0,0,0,0,205686,2083179,1423837,0,105686,0,278161,0
964,0,0,0,1244675,0,0,0,0,0,0,0,205686,2083179,1423837,0,105686,0,278161,0
965,0,0,0,1244675,0,0,0,0,0,0,0,205686,2083179,1423837,0,105686,0,278161,0
966,0,0,0,1244675,0,0,0,0,0,0,0,205686,2083179,1423837,0,105686,0,278161,0
967,0,0,0,1244675,0,0,0,0,0,0,0,205686,2083179,1423837,0,105686,0,278161,0
968,0,0,0,1244675,0,0,0,0,0,0,0,205686,2083179,1423837,0,105686,0,278161,0
969,0,0,0,1244675,0,0,0,0,0,0,0,205686,2083179,1423837,0,105686,0,278161,0
970,0,0,0,1244675,0,0,0,0,0,0,0,205686,2083179,1423837,0,105686,0,278161,0
971,0,0,0,1244675,0,0,0,0,0,0,0,205686,2083179,1423837,0,105686,0,278161,0
972,0,0,0,1244675,0,0,0,0,0,0,0,205686,2083179,1423837,0,105686,0,278161,0
973,0,0,0,1244675,0,0,0,0,0,0,0,205686,2083179,1423837,0,105686,0,278161,0
974,0,0,0,1244675,0,0,0,0,0,0,0,205686,2083179,1423837,0,105686,0,278161,0
975,0,0,0,1244675,0,0,0,0,0,0,0,205686,2083179,1423837,0,105686,0,278161,0
976,0,0,0,1244675,0,0,0,0,0,0,0,205686,2083179,1423837,0,105686,0,278161,0
977,0,0,0,1244675,0,0,0,0,0,0,0,205686,2083179,1423837,0,105686,0,278161,0
978,0,0,0,1244675,0,0,0,0,0,0,0,205686,2083179,1423837,0,105686,0,278161,0
979,0,0,0,1244675,0,0,0,0,0,0,0,205686,2083179,1423837,0,105686,0,278161,0
980,0,0,0,1244675,0,0,0,0,0,0,0,205686,2083179,1423837,0,105686,0,278161,0
981,0,0,0,1244675,0,0,0,0,0,0,0,205686,2083179,1423837,0,105686,0,278161,0
982,0,0,0,1244675,0,0,0,0,0,0,0,205686,2083179,1423837,0,105686,0,278161,0
983,0,0,0,1244675,0,0,0,0,0,0,0,205686,2083179,1423837,0,105686,0,278161,0
984,0,0,0,1244675,0,0,0,0,0,0,0,205686,2083179,1423837,0,105686,0,278161,0
985,0,0,0,1244675,0,0,0,0,0,0,0,205686,2083179,1423837,0,105686,0,278161,0
986,0,0,0,1244675,0,0,0,0,0,0,0,205686,2083179,1423837,0,105686,0,278161,0
987,0,0,0,1244675,0,0,0,0,0,0,0,205686,2083179,1423837,0,105686,0,278161,0
988,0,0,0,1244675,0,0,0,0,0,0,0,205686,2083179,1423837,0,105686,0,278161,0
989,0,0,0,1245108,0,0,0,0,0,0,0,205841,2084347,1424109,0,105686,0,278349,0
990,0,0,0,1245541,0,0,0,0,0,0,0,205996,2085515,1424381,0,105686,0,278537,0
991,0,0,0,1245974,0,0,0,0,0,0,0,206151,2086683,1424653,0,105686,0,278725,0
992,0,0,0,1246407,0,0,0,0,0,0,0,206306,2087851,1424925,0,105686,0,278913,0
993,0,0,0,1247049,0,0,0,0,0,0,0,206666,2090593,1425294,0,105686,0,279148,0
994,0,0,0,1247691,0,0,0,0,0,0,0,207026,2093335,1425663,0,105686,0,279383,0
995,0,0,0,1248333,0,0,0,0,0,0,0,207386,2096077,1426040,0,105686,0,279618,0
996,0,0,0,1249095,0,0,0,0,0,0,0,207746,2098819,1426422,0,105686,0,279853,0
997,0,0,0,1250011,0,0,0,0,0,0,0,208207,2102827,1426946,0,105733,0,280146,0
998,0,0,0,1250983,0,0,0,0,0,0,0,208668,2106835,1427470,0,105733,0,280439,0
999,0,0,0,1252067,0,0,0,0,0,0,0,209178,2111155,1427994,0,105733,0,280821,0
1000,0,0,0,1253151,0,0,0,0,0,0,0,209688,2115475,1428670,0,105733,0,281203,0
1001,0,0,0,1254388,0,0,0,0,0,0,0,210291,2121219,1429543,0,105733,0,281921,0
1002,0,0,0,1255703,0,0,0,0,0,0,0,210894,2126963,1430468,0,105733,0,282639,0
1003,0,0,0,1257093,0,0,0,0,0,0,0,211497,2132763,1431393,0,105733,0,283368,0
1004,0,0,0,1258541,0,0,0,0,0,0,0,212100,2138563,1432393,0,105733,0,284097,0
1005,0,0,0,1260155,0,0,0,0,0,0,0,212703,2144363,1433551,0,105733,0,284826,0
1006,0,0,0,1261769,0,0,0,0,0,0,0,213306,2150163,1434874,0,105733,0,285555,0
1007,0,0,0,1263420,0,0,0,0,0,0,0,213909,2155963,1436238,0,105733,0,286284,0
1008,0,0,0,1265108,0,0,0,0,0,0,0,214512,2161763,1437823,0,105733,0,287013,0
1009,0,0,0,1266885,0,0,0,0,0,0,0,215115,2167563,1439408,0,105733,0,287742,0
1010,0,0,0,1268662,0,0,0,0,0,0,0,215718,2173363,1440993,0,105733,0,288471,0
1011,0,0,0,1270592,0,0,0,0,0,0,0,216321,2179295,1442782,0,105733,0,289200,0
1012,0,0,0,1272960,0,0,0,0,0,0,0,216924,2185227,1444730,0,105733,0,290000,0
1013,0,0,0,1275328,0,0,0,0,0,0,0,217527,2191177,1446724,0,105733,0,290800,0
1014,0,0,0,1277832,0,0,0,0,0,0,0,218130,2197127,1448879,0,105733,0,291600,0
1015,0,0,0,1280392,0,0,0,0,0,0,0,218777,2203362,1451103,0,105733,0,292400,0
1016,0,0,0,1282952,0,0,0,0,0,0,0,219424,2209597,1453603,0,105733,0,293200,0
1017,0,0,0,1285906,0,0,0,0,0,0,0,220071,2215832,1456205,0,105733,0,294000,0
1018,0,0,0,1288924,0,0,0,0,0,0,0,220718,2222067,1459028,0,105733,0,294800,0
1019,0,0,0,1291942,0,0,0,0,0,0,0,221365,2228302,1461957,0,105733,0,295600,0
1020,0,0,0,1295334,0,0,0,0,0,0,0,222012,2234537,1464925,0,105733,0,296490,0
1021,0,0,0,1298121,0,0,0,0,0,0,0,222455,2239274,1466664,0,105733,0,297103,0
1022,0,0,0,1300908,0,0,0,0,0,0,0,222898,2244011,1468425,0,105733,0,297716,0
1023,0,0,0,1303695,0,0,0,0,0,0,0,223356,2248879,1470236,0,105733,0,298329,0
1024,0,0,0,1306482,0,0,0,0,0,0,0,223814,2253747,1472315,0,105733,0,298942,0
1025,0,0,0,1308488,0,0,0,0,0,0,0,224067,2256909,1473410,0,105733,0,299437,0
1026,0,0,0,1310494,0,0,0,0,0,0,0,224320,2260071,1474505,0,105733,0,299932,0
1027,0,0,0,1312500,0,0,0,0,0,0,0,224573,2263233,1475631,0,105733,0,300427,0
1028,0,0,0,1314506,0,0,0,0,0,0,0,224826,2266395,1476816,0,105733,0,300922,0
1029,0,0,0,1315454,0,0,0,0,0,0,0,224963,2268104,1477271,0,105733,0,301348,0
1030,0,0,0,1316442,0,0,0,0,0,0,0,225100,2269813,1477685,0,105733,0,301774,0
1031,0,0,0,1317430,0,0,0,0,0,0,0,225237,2271522,1478099,0,105733,0,302200,0
1032,0,0,0,1318418,0,0,0,0,0,0,0,225374,2273231,1478513,0,105733,0,302626,0
1033,0,0,0,1318418,0,0,0,0,0,0,0,225374,2273231,1478513,0,105733,0,302626,0
1034,0,0,0,1318418,0,0,0,0,0,0,0,225374,2273231,1478513,0,105733,0,302626,0
1035,0,0,0,1318418,0,0,0,0,0,0,0,225374,2273231,1478513,0,105733,0,302626,0
1036,0,0,0,1318418,0,0,0,0,0,0,0,225374,2273231,1478513,0,105733,0,302626,0
1037,0,0,0,1318418,0,0,0,0,0,0,0,225374,2273231,1478513,0,105733,0,302626,0
1038,0,0,0,1318418,0,0,0,0,0,0,0,225374,2273231,1478513,0,105733,0,302626,0
1039,0,0,0,1318418,0,0,0,0,0,0,0,225374,2273231,1478513,0,105733,0,302626,0
1040,0,0,0,1318418,0,0,0,0,0,0,0,225374,2273231,1478513,0,105733,0,302626,0
1041,0,0,0,1318418,0,0,0,0,0,0,0,225374,2273231,1478513,0,105733,0,302626,0
1042,0,0,0,1318418,0,0,0,0,0,0,0,225374,2273231,1478513,0,105733,0,302626,0
1043,0,0,0,1318418,0,0,0,0,0,0,0,225374,2273231,1478513,0,105733,0,302626,0
1044,0,0,0,1318418,0,0,0,0,0,0,0,225374,2273231,1478513,0,105733,0,302626,0
1045,0,0,0,1318418,0,0,0,0,0,0,0,225374,2273231,1478513,0,105733,0,302626,0
1046,0,0,0,1318418,0,0,0,0,0,0,0,225374,2273231,1478513,0,105733,0,302626,0
1047,0,0,0,1318418,0,0,0,0,0,0,0,225374,2273231,1478513,0,105733,0,302626,0
1048,0,0,0,1318418,0,0,0,0,0,0,0,225374,2273231,1478513,0,105733,0,302626,0
1049,0,0,0,1318418,0,0,0,0,0,0,0,225374,2273231,1478513,0,105733,0,302626,0
1050,0,0,0,1318418,0,0,0,0,0,0,0,225374,2273231,1478513,0,105733,0,302626,0
1051,0,0,0,1318418,0,0,0,0,0,0,0,225374,2273231,1478513,0,105733,0,302626,0
1052,0,0,0,1318418,0,0,0,0,0,0,0,225374,2273231,1478513,0,105733,0,302626,0
1053,0,0,0,1318418,0,0,0,0,0,0,0,225374,2273231,1478513,0,105733,0,302626,0
1054,0,0,0,1318418,0,0,0,0,0,0,0,225374,2273231,1478513,0,105733,0,302626,0
1055,0,0,0,1318418,0,0,0,0,0,0,0,225374,2273231,1478513,0,105733,0,302626,0
