,Food,Health,Amusement,Basic Goods,Funds
0,100.0,100.0,100.0,100.0,1000.0
1,98.5188,98.916,99.5036,97.4966,1000.0
2,97.0082,97.948,99.0094,94.9916,1000.0
3,95.496,96.93,98.5108,92.4558,1000.0
4,93.994,95.928,97.998,89.9512,1000.0
5,92.4722,94.92,97.5012,87.4676,1000.0
6,90.9904,93.884,97.0062,84.9946,1000.0
7,89.4702,92.79,96.4988,82.4564,1000.0
8,87.9444,91.916,95.9832,79.9176,1000.0
9,86.4764,90.956,95.4802,77.4016,1000.0
10,84.981,90.008,94.9784,74.9226,1000.0
11,83.497,88.978,94.4988,72.4204,1000.0
12,81.9836,88.034,93.9948,69.955,1000.0
13,80.4708,87.084,93.4876,67.456,1000.0
14,78.975,86.058,92.9836,64.959,1000.0
15,77.4888,85.026,92.4684,62.3978,1000.0
16,75.9782,84.046,91.9666,59.9002,1000.0
17,74.4778,83.056,91.4692,57.38,1000.0
18,72.9788,81.97,90.9762,54.8212,1000.0
19,71.4828,80.974,90.478,52.3398,1000.0
20,69.9912,79.936,89.9818,49.8482,1000.0
21,68.5292,78.924,89.4878,47.3564,1000.0
22,67.0258,77.942,88.9968,44.8726,1000.0
23,65.5534,77.002,88.5156,42.3574,1000.0
24,64.0464,76.002,88.0204,39.843,1000.0
25,62.5602,75.042,87.5202,37.3488,1000.0
26,61.0418,74.06,87.027,34.87,1000.0
27,59.5288,73.022,86.5364,32.3642,1000.0
28,58.029,72.028,86.042,29.8678,1000.0
29,56.507,70.916,85.5452,27.3976,1000.0
30,55.005,69.912,85.0394,25.031,1000.0
31,53.5066,69.274,84.546,23.0324,998.9814
32,51.9894,68.79,84.0352,21.5438,997.4568
33,50.518,68.204,83.4864,20.141,995.9508
34,49.0174,67.542,82.9402,18.915,994.4376
35,47.5304,67.49,82.3864,18.2804,991.9202
36,46.066,67.624,81.8404,17.588,989.1126
37,44.56,67.654,81.2428,16.8348,986.4702
38,43.0402,67.604,80.6262,16.044,983.9384
39,41.5554,68.05,80.0312,16.1844,980.4666
40,40.1252,68.538,79.4184,16.152,976.893
41,38.7024,68.932,78.7648,16.0826,973.379
42,37.246,69.312,78.115,16.3186,969.7542
43,36.0266,70.038,77.4638,17.153,965.1712
44,35.0184,70.6,76.8242,18.2632,960.252
45,34.3226,71.486,76.1242,19.3908,955.1504
46,33.7924,72.008,75.411,20.6246,950.117
47,33.787,72.382,74.7114,21.9134,944.8442
48,34.0274,73.058,74.0102,23.1552,938.9808
49,35.2996,73.31,73.311,24.5514,932.833
50,37.0162,73.656,72.6154,25.7676,926.412
51,39.807,73.996,71.9112,27.355,919.0114
52,42.5782,73.984,71.2122,28.9296,911.721
53,45.515,74.086,70.512,30.3756,904.4374
54,48.2826,74.106,69.8136,31.9884,897.4554
55,51.328,74.16,69.1224,33.604,890.0234
56,54.3148,74.2,68.4152,35.5442,882.7114
57,57.2846,74.286,67.7114,37.055,875.7434
58,59.5356,74.188,67.0226,38.3806,869.1334
59,61.5064,74.082,66.33,39.8194,863.0574
60,63.2284,73.89,65.622,40.9058,857.2932
61,68.4766,74.202,64.9792,41.651,849.5586
62,69.1564,75.862,64.3374,41.7972,844.1946
63,69.7042,75.542,63.676,41.8786,840.3246
64,69.8402,75.306,63.0238,41.7946,836.751
65,74.2482,75.054,62.4188,41.2154,831.273
66,73.762,76.622,61.8236,40.8236,827.241
67,73.0794,76.138,61.2328,40.1102,824.7924
68,72.0436,75.772,60.6296,39.3246,822.6362
69,75.2708,75.322,60.081,38.2206,818.5428
70,74.163,76.166,59.5368,37.2458,815.9048
71,72.894,75.892,58.9704,36.222,814.2514
72,71.4682,75.25,58.414,34.7376,813.18
73,75.67,74.642,57.9012,32.9474,809.346
74,74.2552,74.986,57.407,31.4138,807.7818
75,72.7434,74.286,56.9082,29.4204,807.2056
76,71.3262,73.736,56.4004,27.4884,806.548
77,69.8576,73.024,55.9098,25.1464,806.1976
78,68.368,72.238,55.4078,22.7992,805.9164
79,66.8618,71.45,54.932,20.442,805.704
80,65.3884,70.516,54.4628,17.9616,805.5482
81,63.8878,69.608,53.9744,15.4586,805.4324
82,62.4176,68.65,53.4692,12.9722,805.3798
83,60.909,67.654,52.9838,10.441,805.3412
84,59.4218,66.638,52.49,7.942,805.3254
85,57.9262,65.682,52.013,5.4364,805.2924
86,56.4336,64.726,51.6348,2.9308,805.1894
87,54.9396,63.722,51.1852,0.43,805.1448
88,53.4528,62.67,50.758,-2.0896,805.0532
89,52.0174,61.698,50.3654,-4.61,804.9456
90,50.5296,60.612,49.9348,-7.1022,804.9136
91,49.1204,59.638,49.513,-9.5978,804.806
92,47.7554,58.674,49.2002,-12.1006,804.5888
93,46.5128,57.712,48.8678,-14.619,804.2738
94,45.5044,56.664,48.6872,-17.1156,803.734
95,44.6324,55.738,48.3698,-19.6158,803.2142
96,43.7358,54.728,48.3008,-22.128,802.4692
97,43.1298,53.768,47.999,-24.6736,801.767
98,42.8192,52.732,47.731,-27.1784,800.8004
99,42.37,51.746,47.4828,-29.6808,799.924
100,42.3578,50.774,47.2692,-32.171,798.6432
101,42.62,49.814,47.1922,-34.6792,797.0586
102,43.529,48.762,47.1086,-37.1984,795.0372
103,44.5092,47.738,47.1052,-39.7374,792.9692
104,45.6092,46.748,47.0782,-42.236,790.857
105,46.9896,45.688,46.9248,-44.7568,788.6084
106,48.719,44.746,46.7462,-47.2312,786.1704
107,50.0018,43.742,46.621,-49.6832,783.8846
108,51.645,42.724,46.3098,-52.206,781.44
109,53.5326,41.74,46.0468,-54.6712,778.8832
110,55.3688,40.676,45.813,-57.1746,776.4464
111,57.8078,39.588,45.544,-59.7144,773.5638
112,59.308,38.62,45.2078,-62.1702,771.3162
113,61.247,37.562,44.82,-64.6742,768.7356
114,63.1054,36.59,44.4268,-67.2094,766.2312
115,64.3264,35.602,43.9402,-69.761,764.2222
116,65.5602,34.588,43.488,-72.267,762.2292
117,66.392,33.596,43.04,-74.7972,760.5162
118,67.336,32.6,42.5384,-77.3394,758.7342
119,68.2504,31.606,42.0418,-79.8622,757.1132
120,68.7626,30.608,41.5708,-82.3744,755.685
121,69.1874,29.594,41.0908,-84.8818,754.327
122,69.7134,28.536,40.6046,-87.3814,752.9508
123,69.7566,27.514,40.094,-89.8748,751.9328
124,69.524,26.548,39.5948,-92.3512,751.0826
125,69.2996,26.398,39.1126,-93.389,749.222
126,68.966,26.14,38.6464,-93.8546,747.3644
127,68.6312,25.992,38.2,-94.5526,745.3294
128,68.0378,25.802,37.7182,-95.0574,743.5712
129,67.4692,26.596,37.2168,-94.9172,741.028
130,66.968,27.484,36.7444,-94.6562,738.2126
131,66.3108,28.17,36.2394,-93.9232,735.534
132,65.414,28.812,35.698,-93.1294,733.1158
133,64.4884,30.534,35.1732,-91.222,729.946
134,63.421,31.78,34.7298,-88.7974,726.781
135,62.3994,33.266,34.2176,-87.2188,723.666
136,61.0822,34.484,33.6566,-85.0506,720.7858
137,59.8936,36.494,33.1052,-81.5162,717.1652
138,58.69,38.536,32.6166,-77.2438,713.2242
139,57.324,40.398,32.1582,-72.6046,709.3034
140,55.93,42.554,31.6998,-68.906,705.6394
141,54.5772,44.298,31.1944,-64.1582,701.7996
142,53.191,46.354,30.7044,-60.1088,698.0286
143,51.91,48.3,30.2066,-56.2328,694.3098
144,50.575,49.968,29.6618,-51.0614,690.511
145,49.3996,51.964,29.1402,-47.3722,686.6352
146,48.2962,53.422,28.6052,-42.2202,682.6688
147,47.4,54.88,28.0474,-37.5874,678.783
148,46.6258,56.324,27.5428,-33.5546,674.8104
149,45.8714,57.568,26.9978,-29.2596,670.9478
150,45.3292,58.93,26.4602,-25.5832,666.9652
151,44.977,59.906,25.933,-22.1722,663.0906
152,44.881,60.842,25.3986,-18.1126,658.894
153,44.5598,61.642,24.8642,-15.4606,655.2328
154,44.608,62.478,24.3242,-13.0416,651.2528
155,45.0158,62.986,23.7886,-10.9492,647.2712
156,45.452,63.574,23.2534,-8.8708,643.1268
157,47.2266,65.5,22.7478,-7.597,638.3806
158,48.1384,66.38,22.2408,-6.4512,634.5332
159,49.049,66.68,21.732,-5.4372,630.776
160,49.8212,66.972,21.2328,-4.5356,627.1148
161,52.1306,68.114,20.7718,-4.6658,622.7258
162,53.2182,68.504,20.2974,-4.622,619.3296
163,54.8646,68.414,19.8354,-4.9302,615.6658
164,55.9186,68.47,19.3858,-5.8012,612.736
165,58.2446,68.98,18.9046,-6.5534,608.926
166,59.5326,68.9,18.4314,-7.4802,606.0036
167,60.6514,68.306,17.958,-8.4158,603.252
168,62.0034,67.724,17.4678,-10.1174,600.5868
169,64.257,67.392,16.9772,-11.5398,597.4036
170,64.9554,66.632,16.476,-13.1682,595.4874
171,66.0654,65.75,15.969,-15.0782,593.4004
172,66.716,64.986,15.4734,-17.0478,591.5866
173,67.4354,64.212,14.9658,-18.8728,589.7636
174,67.8658,63.212,14.4606,-20.6298,588.016
175,68.2302,62.244,13.9514,-22.627,586.5212
176,68.6114,61.338,13.4538,-24.6994,585.0666
177,68.9314,60.384,12.9538,-26.814,583.5646
178,69.0858,59.412,12.444,-28.9212,582.231
179,69.1126,58.436,11.9542,-30.9094,580.9154
180,69.0806,57.518,11.449,-33.0398,579.644
181,68.5996,56.568,10.9482,-34.944,578.7984
182,68.343,55.514,10.4556,-37.0718,577.7608
183,67.777,54.586,9.9624,-39.3956,576.9954
184,67.2028,53.584,9.4582,-41.7588,576.2956
185,66.668,52.544,8.9578,-43.9226,575.4552
186,65.8636,51.566,8.4402,-46.2256,574.8558
187,65.0046,50.54,7.94,-48.345,574.29
188,64.0844,49.524,7.4378,-50.6098,573.6898
189,63.2272,48.5,6.9342,-52.902,573.1414
190,62.192,47.434,6.4468,-55.244,572.723
191,61.221,46.404,5.9494,-57.4688,572.2232
192,60.1028,45.482,5.4518,-59.736,571.9166
193,58.952,44.466,4.9516,-62.0266,571.5846
194,57.77,43.406,4.453,-64.405,571.3104
195,56.7034,42.512,3.9522,-66.651,570.9756
196,55.5214,41.512,3.459,-68.9342,570.6948
197,54.4912,40.512,2.969,-71.2248,570.3272
198,53.4668,39.56,2.481,-73.504,569.9038
199,52.641,38.586,1.986,-75.8618,569.3024
200,51.6068,37.622,1.4864,-78.3358,568.9968
201,50.8342,36.622,0.9832,-80.6244,568.4556
202,50.075,35.588,0.475,-82.9316,567.8644
203,49.5746,34.58,-0.0296,-85.2346,567.084
204,49.0866,33.556,-0.5294,-87.609,566.369
205,48.9192,32.55,-1.0306,-89.9616,565.3826
206,48.6086,31.552,-1.5214,-92.4164,564.5576
207,48.5706,30.602,-2.018,-94.7694,563.4988
208,48.568,29.558,-2.5302,-97.2616,562.3674
209,48.831,28.518,-3.0308,-99.7104,561.1566
210,49.1422,27.552,-3.5316,-102.075,559.831
211,50.1562,26.474,-4.034,-104.4904,558.0726
212,50.7234,25.458,-4.5336,-106.9188,556.6022
213,51.2982,24.432,-5.0368,-109.378,555.2224
214,52.4966,23.396,-5.5384,-111.8396,553.2932
215,53.561,22.41,-6.0482,-114.3452,551.5204
216,54.7794,21.4,-6.5312,-116.8222,549.7994
217,56.1926,20.48,-7.0348,-119.2596,547.7244
218,57.128,19.526,-7.532,-121.7176,546.0834
219,58.2078,18.49,-8.0198,-124.069,544.2918
220,59.4736,17.49,-8.5338,-126.553,542.482
221,60.4958,17.6,-8.9904,-128.7792,540.1404
222,61.2792,17.544,-9.4418,-130.9436,537.9374
223,62.038,17.404,-9.8956,-133.055,535.6602
224,62.8518,17.586,-10.3558,-135.3146,533.3
225,63.3718,18.54,-10.8492,-137.2692,530.5356
226,63.9406,19.44,-11.3324,-138.9468,527.7916
227,64.1818,20.496,-11.8272,-141.0424,525.2246
228,64.5406,21.236,-12.3256,-142.9406,522.6512
229,64.6864,22.604,-12.8254,-144.513,519.7544
230,64.5806,24.272,-13.3066,-146.0432,516.9004
231,64.312,25.818,-13.8026,-147.3242,514.2066
232,63.7384,27.45,-14.2822,-148.8938,511.6454
233,63.2806,29.478,-14.7324,-149.9624,508.5624
234,62.5966,31.58,-15.1888,-150.6014,505.6868
235,62.0784,33.59,-15.6266,-151.609,502.4466
236,61.2662,35.574,-16.0536,-152.6048,499.7486
237,60.5472,37.286,-16.5746,-153.756,496.8828
238,59.4402,38.91,-17.0458,-154.767,494.387
239,58.574,40.352,-17.544,-155.8834,491.6198
240,57.5522,41.92,-18.0494,-157.0566,489.0244
241,56.606,43.318,-18.5834,-158.3578,486.5728
242,55.4994,44.562,-19.0538,-159.4134,484.1774
243,54.4116,46.19,-19.5586,-160.5668,481.5978
244,53.3564,47.274,-20.0598,-161.6966,479.2278
245,52.4196,48.368,-20.5326,-162.7212,476.7472
246,51.1418,49.268,-21.0088,-164.0332,474.7068
247,49.9346,50.058,-21.5084,-165.133,472.5136
248,48.8458,50.7,-22.004,-166.3572,470.2116
249,47.6732,51.364,-22.5086,-167.6068,468.0636
250,46.634,52.32,-22.9762,-168.8398,465.7222
251,45.6798,52.748,-23.4562,-169.9548,463.52
252,44.7996,53.312,-23.9498,-171.2432,461.1462
253,47.8132,54.754,-24.416,-172.522,456.888
254,47.086,56.384,-24.8718,-173.918,454.5326
255,46.371,56.582,-25.3268,-175.4714,452.7582
256,45.9582,56.926,-25.7776,-176.8442,450.7274
257,48.6998,57.55,-26.2148,-178.466,447.2598
258,48.3408,58.528,-26.6082,-180.198,445.1194
259,47.7452,58.576,-27.0238,-181.9496,443.4694
260,47.7376,58.374,-27.4592,-183.5204,441.5786
261,50.4112,58.942,-27.9174,-185.1928,438.183
262,50.6184,59.074,-28.3652,-187.244,436.2292
263,50.6588,58.66,-28.8034,-189.2908,434.819
264,50.6618,58.204,-29.2624,-191.2714,433.2542
265,55.0536,57.84,-29.7428,-193.2334,429.64
266,55.8424,57.388,-30.225,-195.5614,427.7998
267,56.6286,56.832,-30.7194,-197.8208,425.984
268,56.9,56.18,-31.2258,-199.9388,424.3836
269,57.6066,55.546,-31.7216,-202.1722,422.5918
270,58.5938,54.876,-32.219,-204.366,420.537
271,59.3656,54.206,-32.7108,-206.5938,418.6154
272,60.065,53.426,-33.214,-208.812,416.9428
273,60.7434,52.618,-33.7202,-211.0222,415.273
274,61.7626,51.808,-34.214,-213.1666,413.2674
275,62.5452,50.918,-34.7108,-215.5356,411.5062
276,63.2082,50.068,-35.2062,-217.7616,409.9114
277,63.885,49.22,-35.7142,-220.1184,408.2652
278,64.6154,48.32,-36.206,-222.2788,406.6392
279,65.2006,47.38,-36.7116,-224.442,405.025
280,65.4586,46.46,-37.2278,-226.6142,403.686
281,65.5986,45.536,-37.7228,-228.6968,402.4554
282,65.8804,44.542,-38.233,-230.975,401.1536
283,65.7494,43.716,-38.7368,-233.2736,400.1196
284,65.7762,42.816,-39.2378,-235.5928,398.9344
285,65.5522,41.85,-39.7356,-237.9646,397.9922
286,65.2082,40.874,-40.2278,-240.2534,397.0358
287,64.9132,39.876,-40.7152,-242.5588,396.1034
288,64.46,38.962,-41.2224,-244.8346,395.1588
289,64.0784,38.048,-41.7288,-247.2166,394.3014
290,62.5862,37.078,-42.2332,-249.7052,394.3014
291,61.0816,36.118,-42.7348,-252.1942,394.2754
292,59.5492,35.244,-43.2182,-254.719,394.2624
293,58.0344,34.314,-43.7242,-257.2062,394.2494
294,56.5296,33.328,-44.2092,-259.7208,394.2494
295,55.0434,32.374,-44.7036,-262.264,394.2234
296,53.5814,31.382,-45.2136,-264.795,394.2234
297,52.0746,30.46,-45.7062,-267.2992,394.2234
298,50.594,29.462,-46.2122,-269.7788,394.2234
299,49.1124,28.514,-46.6904,-272.2518,394.2234
300,47.5772,27.608,-47.183,-274.7482,394.2104
301,46.0868,26.604,-47.682,-277.2586,394.2104
302,44.5744,25.656,-48.1786,-279.7736,394.2104
303,43.0584,24.632,-48.6908,-282.2708,394.2104
304,41.5694,23.664,-49.1884,-284.7574,394.2104
305,40.0542,22.702,-49.6878,-287.2806,394.2104
306,38.5398,21.732,-50.1834,-289.7466,394.2104
307,37.0378,20.672,-50.6808,-292.2296,394.2104
308,35.571,19.734,-51.1894,-294.7732,394.2104
309,34.0706,18.716,-51.6864,-297.2802,394.2104
310,32.5856,17.712,-52.1864,-299.812,394.2104
311,31.0842,16.754,-52.6888,-302.3588,394.2104
312,29.595,15.742,-53.192,-304.848,394.2104
313,28.109,14.72,-53.6894,-307.2978,394.2104
314,26.6358,13.732,-54.1822,-309.7746,394.2104
315,25.1264,12.69,-54.6848,-312.3134,394.2104
316,23.635,11.628,-55.1916,-314.7938,394.2104
317,22.171,11.652,-55.703,-317.1202,393.6768
318,20.6482,11.59,-56.21,-319.4404,393.0664
319,19.1332,11.684,-56.709,-321.7934,392.409
320,17.621,11.592,-57.198,-324.1586,391.8396
321,16.0964,12.536,-57.7686,-326.3458,390.7366
322,14.604,13.588,-58.3272,-328.54,389.5426
323,13.0874,14.39,-58.8962,-330.7628,388.3694
324,11.5812,15.168,-59.4538,-332.9082,387.3396
325,10.1164,16.198,-60.0744,-334.9252,385.9656
326,8.6306,17.876,-60.6852,-336.9914,384.4246
327,7.1002,19.048,-61.3084,-339.0586,382.9408
328,5.602,20.308,-61.9206,-341.1122,381.5186
329,4.102,21.512,-62.598,-343.02,379.9876
330,2.5978,23.04,-63.2796,-344.9014,378.3164
331,1.0912,24.23,-63.9582,-346.8524,376.6756
332,-0.4328,25.256,-64.6392,-348.724,375.1658
333,-1.9284,26.052,-65.3774,-350.649,373.737
334,-3.4132,26.606,-66.1176,-352.565,372.4394
335,-4.9054,26.812,-66.8644,-354.5062,371.2308
336,-6.4172,27.36,-67.6038,-356.4244,369.8022
337,-7.9058,27.708,-68.3344,-358.3308,368.4722
338,-9.3922,28.184,-69.0682,-360.226,367.0958
339,-10.9024,28.544,-69.7978,-362.1658,365.824
340,-12.3934,28.566,-70.5222,-364.1118,364.4924
341,-13.886,28.46,-71.246,-366.0392,363.3082
342,-15.37,28.762,-71.976,-367.9416,362.0628
343,-16.863,28.954,-72.7176,-369.8484,360.8108
344,-18.3678,29.13,-73.451,-371.7656,359.6988
345,-19.8644,29.15,-74.1976,-373.671,358.4864
346,-21.3752,28.788,-74.9346,-375.5534,357.2968
347,-22.8704,28.84,-75.679,-377.4564,355.969
348,-24.4044,28.558,-76.4158,-379.3724,354.7758
349,-25.8978,28.314,-77.0718,-381.4274,353.925
350,-27.4494,27.902,-77.7448,-383.5172,353.2136
351,-28.9352,27.588,-78.4162,-385.575,352.4544
352,-30.4364,27.396,-79.081,-387.6346,351.7974
353,-31.927,27.362,-79.6888,-389.8602,351.1988
354,-33.4034,26.84,-80.3004,-392.0842,350.7422
355,-34.8816,26.436,-80.8934,-394.2864,350.4036
356,-36.3898,26.006,-81.5078,-396.5086,349.963
357,-37.8742,25.442,-82.0564,-398.8908,349.6616
358,-39.3716,24.752,-82.6144,-401.2212,349.4414
359,-40.8766,24.064,-83.158,-403.5484,349.2208
360,-42.3944,23.28,-83.7144,-405.8904,349.031
361,-43.8976,22.476,-84.2152,-408.4084,348.978
362,-45.3792,21.456,-84.7144,-410.8948,348.978
363,-46.8652,20.516,-85.2076,-413.4376,348.978
364,-48.366,19.494,-85.709,-415.9382,348.978
365,-49.8436,18.502,-86.1994,-418.4076,348.978
366,-51.3216,17.502,-86.705,-420.9142,348.978
367,-52.8052,16.576,-87.2112,-423.4,348.978
368,-54.2894,15.546,-87.7182,-425.887,348.978
369,-55.7982,14.484,-88.206,-428.3824,348.978
370,-57.2978,13.484,-88.6978,-430.8794,348.978
371,-58.779,12.498,-89.2016,-433.3796,348.978
372,-60.2538,11.44,-89.7136,-435.8844,348.978
373,-61.7466,10.444,-90.21,-438.3902,348.978
374,-63.252,9.364,-90.7086,-440.9406,348.978
375,-64.7546,8.368,-91.2002,-443.4818,348.978
376,-66.2456,7.372,-91.7114,-445.9532,348.978
377,-67.724,6.338,-92.215,-448.4202,348.978
378,-69.2412,5.308,-92.7186,-450.943,348.978
379,-70.7608,4.278,-93.2146,-453.4534,348.978
380,-72.2618,3.294,-93.726,-455.9598,348.978
381,-73.7888,2.214,-94.2192,-458.4632,348.978
382,-75.2944,1.184,-94.7296,-461.0034,348.978
383,-76.8036,0.148,-95.2188,-463.541,348.978
384,-78.3008,-0.882,-95.712,-466.0392,348.978
385,-79.7932,0.04,-96.1992,-468.5022,407.1292
386,-81.2894,1.426,-96.698,-470.983,465.007
387,-82.8218,2.588,-97.193,-473.5088,522.8522
388,-84.311,3.91,-97.6914,-476.034,580.6774
389,-85.796,4.972,-98.198,-478.583,638.5622
390,-87.2726,5.694,-98.7056,-481.0836,696.4378
391,-88.7634,6.362,-99.2028,-483.554,754.3772
392,-90.2862,7.044,-99.6994,-486.013,812.2212
393,-91.7502,7.808,-100.2002,-488.4686,870.0934
394,-93.256,8.644,-100.6938,-490.9798,927.8686
395,-94.7484,9.324,-101.187,-493.493,985.7344
396,-96.2448,10.29,-101.6792,-495.9456,1043.5918
397,-97.7276,11.112,-102.173,-498.4708,1101.4532
398,-99.255,11.684,-102.6838,-500.9744,1159.3118
399,-100.7368,12.142,-103.1816,-503.407,1217.1698
400,-102.2162,12.558,-103.6864,-505.8896,1275.1282
401,-103.6326,13.368,-104.185,-508.349,1332.7936
402,-105.163,13.666,-104.6908,-510.8418,1390.6928
403,-106.5824,14.108,-105.1992,-513.369,1448.5662
404,-108.0238,14.472,-105.6912,-515.9276,1506.4578
405,-109.3648,14.874,-106.1932,-518.4656,1564.1406
406,-110.641,15.122,-106.6844,-520.9474,1622.0086
407,-111.9864,15.396,-107.1892,-523.386,1679.9244
408,-113.3186,15.896,-107.6984,-525.8762,1737.717
409,-114.4458,16.29,-108.1824,-528.3754,1795.3724
410,-115.4856,16.694,-108.6796,-530.8782,1853.1248
411,-116.413,16.742,-109.1782,-533.3502,1910.8592
412,-117.0766,17.34,-109.6814,-535.8538,1968.4412
413,-117.476,17.48,-110.1752,-538.2202,2025.9698
414,-117.716,18.424,-110.6906,-540.5854,2082.981
415,-117.8654,19.134,-111.1972,-542.9176,2139.9738
416,-117.8566,19.766,-111.6822,-545.2478,2197.0694
417,-118.0802,20.638,-112.2436,-547.3506,2253.9224
418,-118.1352,21.514,-112.8134,-549.5362,2310.756
419,-118.327,22.08,-113.3724,-551.6878,2367.384
420,-118.1864,22.858,-113.869,-553.8864,2423.9196
421,-117.9824,23.838,-114.3318,-555.7466,2480.4904
422,-117.2058,24.704,-114.7544,-557.2754,2536.8512
423,-116.404,25.692,-115.178,-558.8716,2592.8648
424,-115.347,26.46,-115.417,-560.2252,2648.9284
425,-114.1362,27.43,-115.6056,-560.7842,2704.7928
426,-112.763,28.442,-115.5966,-561.2648,2760.6304
427,-112.0534,29.382,-115.4704,-560.9794,2816.3352
428,-110.945,29.79,-115.4384,-560.239,2871.971
429,-110.0208,30.622,-115.1908,-560.1492,2927.8742
430,-108.8302,30.946,-115.2366,-558.824,2983.9138
431,-107.9406,31.208,-115.041,-558.5456,3039.7354
432,-106.9526,31.674,-114.9526,-557.6316,3095.7288
433,-105.6416,32.2,-114.9626,-556.3136,3151.7852
434,-103.8586,32.722,-114.8286,-556.0024,3207.6966
435,-101.0108,33.104,-114.7076,-554.8816,3263.2914
436,-98.855,33.866,-114.569,-554.5072,3318.7612
437,-95.519,34.57,-114.4456,-553.8948,3373.9546
438,-91.6134,35.49,-114.3018,-553.2286,3429.4546
439,-88.0542,36.206,-114.2136,-552.492,3485.0698
440,-83.2838,37.118,-114.0808,-552.0014,3540.5824
441,-80.5512,38.572,-113.9576,-551.1684,3596.2608
442,-76.4178,39.396,-113.8332,-550.1566,3652.1646
443,-72.762,40.024,-113.7556,-549.5196,3708.2406
444,-70.3454,40.604,-113.6452,-548.666,3764.495
445,-62.1792,41.698,-113.6336,-548.3526,3819.4302
446,-58.6882,44.016,-113.5522,-547.9176,3874.4366
447,-56.469,44.998,-113.3942,-547.7324,3929.8904
448,-53.6864,45.97,-113.2856,-547.0322,3985.4206
449,-46.4928,46.822,-113.1348,-546.6092,4039.6368
450,-44.1724,48.724,-112.9232,-546.4684,4094.3216
451,-42.1654,49.566,-112.7532,-546.576,4149.3922
452,-40.837,50.07,-112.5898,-546.2932,4204.759
453,-33.2246,50.438,-112.3504,-546.5378,4259.1294
454,-31.9216,53.128,-112.1556,-546.74,4314.2416
455,-30.048,53.512,-112.066,-547.259,4370.0614
456,-28.7646,53.812,-111.9684,-547.3172,4426.0668
457,-21.7528,54.27,-111.9144,-547.5078,4481.0448
458,-19.7748,55.454,-111.9192,-548.6692,4537.123
459,-17.723,56.064,-111.9446,-549.6756,4593.9336
460,-15.931,56.35,-112.0042,-550.7244,4650.4474
461,-14.6342,57.132,-111.894,-552.068,4706.9358
462,-13.3822,57.36,-111.9256,-553.1008,4763.5544
463,-11.7332,57.288,-111.9706,-554.0188,4820.267
464,-10.5094,57.948,-111.9496,-554.9534,4876.888
465,-9.8098,57.968,-111.8604,-555.889,4933.9174
466,-9.0712,57.748,-111.8064,-556.4672,4991.0148
467,-8.9258,57.426,-111.8144,-557.1536,5048.0808
468,-8.486,57.172,-111.8424,-557.7424,5105.0846
469,-8.299,56.738,-111.867,-558.6534,5162.3276
470,-8.053,56.536,-111.8488,-559.6082,5219.6228
471,-7.544,56.502,-111.7674,-560.6274,5276.5904
472,-7.5446,56.246,-111.6986,-561.4406,5333.6376
473,-7.1448,56.016,-111.6294,-562.3924,5390.431
474,-6.924,55.758,-111.584,-563.3064,5447.6414
475,-6.456,55.682,-111.512,-564.2762,5504.675
476,-6.1416,55.446,-111.4296,-565.1014,5561.7964
477,-5.9274,55.264,-111.3842,-565.71,5619.0258
478,-6.0838,54.914,-111.3326,-566.7076,5676.2884
479,-5.933,54.498,-111.2794,-567.35,5733.2804
480,-5.2952,54.318,-111.2596,-568.4256,5790.16
481,-5.2502,54.09,-111.7574,-568.9866,5788.474
482,-5.659,53.646,-112.2564,-571.2444,5787.1524
483,-6.1966,53.232,-112.7508,-573.3602,5786.1364
484,-6.3896,52.62,-113.2542,-575.6282,5785.331
485,-6.3186,52.052,-113.7366,-577.9886,5784.4654
486,-6.3394,51.598,-114.2314,-580.0616,5783.5168
487,-6.7036,51.026,-114.7258,-582.207,5782.8006
488,-7.2988,50.504,-115.2308,-584.3364,5782.1534
489,-7.02,49.944,-115.7264,-586.5016,5781.282
490,-7.0014,49.572,-116.2196,-588.5236,5780.4614
491,-6.9838,49.116,-116.7306,-590.8942,5779.5534
492,-7.2028,48.718,-117.2338,-593.0896,5778.5478
493,-7.4674,48.242,-117.73,-595.406,5777.7408
494,-7.338,47.66,-118.2266,-597.6938,5776.8882
495,-7.3028,47.116,-118.7226,-600.0272,5776.0996
496,-7.4322,46.602,-119.2252,-602.3052,5775.1328
497,-7.5064,45.896,-119.7296,-604.674,5774.1586
498,-7.4612,45.3,-120.236,-606.9034,5773.1384
499,-7.1852,44.794,-120.7212,-609.1746,5771.9846
500,-6.7876,44.186,-121.2232,-611.3242,5770.8482
501,-7.0102,43.598,-121.7282,-613.6644,5769.9198
502,-6.7096,43.01,-122.2284,-615.8924,5768.9046
503,-6.546,42.602,-122.7234,-618.204,5767.829
504,-6.4792,42.002,-123.2224,-620.4354,5766.8372
505,-6.252,41.566,-123.7248,-622.661,5765.718
506,-6.4632,41.082,-124.2226,-624.774,5764.6534
507,-6.3744,40.512,-124.7158,-626.777,5763.5318
508,-6.4796,39.972,-125.2084,-629.0292,5762.4884
509,-6.6812,39.382,-125.5934,-631.0394,5761.4634
510,-6.8826,38.748,-125.9594,-632.6644,5760.273
511,-7.0712,38.252,-126.3376,-634.2624,5759.1276
512,-7.4542,37.778,-126.6984,-636.3154,5757.9996
513,-7.6836,37.152,-127.1026,-637.9344,5756.9186
514,-8.0578,36.644,-127.52,-639.4802,5755.6664
515,-8.545,36.102,-127.8878,-640.7318,5754.5442
516,-8.993,35.644,-128.27,-642.3274,5753.4122
517,-9.5422,35.078,-128.5526,-643.826,5752.4218
518,-9.7012,34.61,-128.8324,-644.7742,5751.2828
519,-10.2994,34.074,-129.109,-645.8834,5750.3104
520,-10.9072,33.498,-129.4124,-646.602,5749.2734
521,-11.352,33.006,-129.5912,-647.2562,5748.4132
522,-11.7118,32.416,-129.8156,-647.312,5747.3982
523,-12.1044,31.786,-129.966,-647.8148,5746.516
524,-12.2588,31.17,-130.1238,-647.8432,5745.4936
525,-12.1858,30.604,-130.3424,-647.8676,5744.7374
526,-12.7638,29.872,-130.5516,-648.2918,5743.9626
527,-13.11,29.364,-130.8168,-647.817,5743.2904
528,-13.564,28.6,-130.97,-647.866,5742.6422
529,-13.9794,27.97,-131.2022,-647.868,5741.8892
530,-14.3622,27.32,-131.4304,-648.2094,5741.0852
531,-14.9886,26.652,-131.6776,-648.1168,5740.4566
532,-15.131,26.098,-131.8926,-648.8454,5739.74
533,-16.0684,25.346,-132.1322,-649.0616,5739.1372
534,-16.6992,24.644,-132.347,-649.2556,5738.4624
535,-17.1904,24.05,-132.5782,-650.0576,5737.744
536,-17.9024,23.42,-132.859,-650.1786,5737.1556
537,-18.4048,22.714,-133.023,-650.2612,5736.5488
538,-19.3384,21.932,-133.2408,-650.5104,5735.9642
539,-20.2124,21.148,-133.508,-650.528,5735.2692
540,-21.1216,20.426,-133.666,-650.4056,5734.5802
541,-18.6,21.168,-133.8724,-650.6834,5731.5754
542,-19.036,21.454,-134.0684,-651.82,5730.085
543,-19.4688,20.724,-134.3218,-652.6664,5729.0784
544,-20.0402,20.254,-134.5654,-653.1642,5727.8228
545,-17.8882,20.956,-134.807,-653.9076,5724.793
546,-18.3118,21.05,-135.0398,-654.2884,5722.835
547,-19.0202,20.448,-135.1294,-654.9952,5721.289
548,-19.3682,19.758,-135.277,-655.7124,5719.546
549,-17.8112,19.938,-135.5672,-656.7028,5716.3944
550,-17.8842,19.862,-135.8248,-657.9318,5714.2344
551,-18.2806,19.242,-136.151,-659.3552,5712.434
552,-18.5474,18.572,-136.4502,-660.732,5710.5542
553,-16.2576,18.82,-136.9546,-662.0358,5706.9978
554,-16.4596,18.866,-137.449,-664.2894,5704.503
555,-16.8734,18.142,-137.9332,-666.6958,5702.4708
556,-16.8684,17.476,-138.4426,-669.015,5700.4216
557,-16.9494,16.872,-138.9468,-671.1912,5698.1444
558,-17.2406,16.278,-139.4358,-673.5716,5695.9166
559,-17.5532,15.466,-139.947,-675.8928,5693.5966
560,-17.831,14.782,-140.4514,-678.3516,5691.174
561,-18.1642,14.212,-140.9642,-680.5992,5688.797
562,-18.6324,13.576,-141.4634,-682.8798,5686.533
563,-19.277,12.91,-141.965,-685.1864,5684.4098
564,-19.7616,12.238,-142.4734,-687.461,5682.4564
565,-20.4732,11.492,-142.9844,-689.832,5680.5826
566,-20.9188,10.796,-143.4888,-691.9864,5678.6226
567,-21.5896,10.046,-143.98,-694.3866,5676.7906
568,-21.567,9.226,-144.4946,-696.654,5675.103
569,-22.0512,8.38,-145.0074,-698.9088,5673.6642
570,-22.5372,7.612,-145.503,-701.0386,5672.1522
571,-23.2026,6.864,-146.0012,-703.42,5670.7978
572,-24.2398,6.096,-146.506,-705.6988,5669.3852
573,-24.8696,5.414,-147.0108,-708.0654,5667.8194
574,-25.5534,4.546,-147.5182,-710.3888,5666.492
575,-26.4046,3.678,-148.0232,-712.763,5665.4146
576,-26.8884,2.766,-148.519,-715.0606,5664.5912
577,-28.0326,2.094,-149.0224,-717.3264,5663.735
578,-28.8686,1.336,-149.5274,-719.6126,5662.9652
579,-29.9142,0.488,-150.0258,-721.9518,5662.5244
580,-30.7776,-0.26,-150.5254,-724.308,5661.952
581,-31.9334,-1.0,-151.0264,-726.6308,5661.4626
582,-32.593,-1.798,-151.522,-728.917,5660.9134
583,-33.5132,-2.54,-152.0248,-731.1682,5660.4514
584,-34.5388,-3.322,-152.5194,-733.4964,5660.0134
585,-35.19,-4.166,-153.008,-735.7532,5659.6712
586,-36.2002,-4.988,-153.517,-738.1134,5659.3398
587,-37.0196,-5.89,-154.004,-740.4606,5659.0404
588,-37.6128,-6.588,-154.5178,-742.6052,5658.5536
589,-38.2722,-7.424,-155.017,-745.001,5658.1712
590,-39.1276,-8.168,-155.505,-747.399,5657.7812
591,-39.7546,-8.974,-155.9984,-749.744,5657.3264
592,-40.616,-9.734,-156.5098,-752.1172,5656.8802
593,-41.2658,-10.418,-157.0076,-754.2974,5656.4686
594,-42.01,-11.054,-157.4896,-756.7822,5655.9942
595,-42.653,-11.818,-157.9914,-759.1236,5655.491
596,-43.4,-12.438,-158.4968,-761.4466,5655.0114
597,-43.7976,-13.212,-158.9972,-763.847,5654.4136
598,-44.0844,-14.114,-159.5024,-766.2858,5653.924
599,-44.5848,-14.842,-159.9998,-768.7724,5653.2816
600,-44.862,-15.764,-160.5064,-771.2002,5652.6798
601,-44.8892,-16.43,-161.0032,-773.6244,5651.8838
602,-45.0746,-17.164,-161.5004,-776.0154,5651.1404
603,-45.136,-17.89,-161.9976,-778.4664,5650.4414
604,-45.264,-18.62,-162.4934,-780.8282,5649.7386
605,-45.0358,-19.114,-162.8158,-783.1068,5648.8844
606,-45.3074,-19.728,-163.131,-784.9098,5648.0148
607,-45.4076,-20.534,-163.5274,-786.899,5647.4022
608,-45.7,-21.12,-163.9152,-788.8508,5646.474
609,-46.5348,-21.744,-164.2664,-790.8672,5645.837
610,-46.9882,-22.406,-164.7326,-792.2692,5644.9736
611,-47.8298,-23.092,-165.0434,-794.0812,5644.1646
612,-48.525,-23.89,-165.457,-795.5408,5643.293
613,-49.0366,-24.51,-165.6348,-797.0166,5642.4498
614,-49.9134,-25.178,-165.9186,-797.761,5641.7364
615,-50.297,-25.912,-166.1174,-799.3344,5640.9692
616,-51.237,-26.568,-166.4026,-799.9932,5640.2046
617,-52.201,-27.346,-166.6376,-801.0852,5639.5588
618,-52.8728,-28.07,-166.6298,-801.9422,5638.8454
619,-53.8566,-28.75,-166.7372,-802.0272,5638.1042
620,-54.9726,-29.482,-166.942,-801.461,5637.3498
621,-55.8302,-30.284,-167.1144,-802.0244,5636.8256
622,-57.0486,-31.08,-167.3332,-802.4136,5636.4126
623,-57.8758,-31.736,-167.6742,-802.8544,5635.9874
624,-58.6192,-32.468,-167.8254,-803.6154,5635.5378
625,-59.7676,-33.186,-167.9844,-803.4422,5635.0242
626,-60.9622,-33.924,-168.235,-803.5432,5634.6082
627,-62.2406,-34.574,-168.5302,-804.8606,5634.2486
628,-63.4496,-35.328,-168.6246,-805.2468,5633.8386
629,-64.8098,-36.026,-168.7662,-804.342,5633.4512
630,-66.0232,-36.866,-169.0418,-804.351,5633.131
631,-66.9162,-37.618,-169.062,-804.5004,5632.7748
632,-67.6822,-38.428,-169.2744,-804.1728,5632.455
633,-68.6462,-39.12,-169.442,-804.642,5632.1472
634,-69.548,-39.996,-169.5372,-804.239,5631.8044
635,-70.7784,-40.706,-169.8668,-803.5518,5631.4342
636,-71.7838,-41.644,-169.9324,-804.0824,5631.0908
637,-69.247,-41.08,-169.9296,-803.8514,5628.3566
638,-70.1456,-40.872,-170.052,-804.8866,5627.0636
639,-71.2064,-41.668,-170.0994,-805.2716,5626.4234
640,-72.147,-42.522,-170.1378,-806.2166,5625.863
641,-70.0694,-42.206,-170.1554,-806.881,5623.244
642,-70.783,-42.512,-170.1548,-807.4666,5622.0712
643,-71.7618,-43.278,-170.1732,-808.2538,5621.2212
644,-72.6764,-44.072,-170.2706,-808.7664,5620.2134
645,-70.6706,-44.15,-170.4522,-809.5986,5617.6922
646,-71.139,-44.086,-170.6152,-811.1536,5616.0266
647,-71.515,-44.884,-170.8276,-812.6688,5614.7906
648,-72.3956,-45.652,-171.0182,-813.8546,5613.493
649,-70.2552,-45.462,-171.5134,-815.5522,5610.4282
650,-70.7834,-45.73,-172.0094,-817.8108,5608.5462
651,-71.3736,-46.544,-172.5132,-820.329,5606.9196
652,-71.8716,-47.312,-173.0128,-822.6894,5605.166
653,-72.3162,-48.08,-173.5046,-825.1084,5603.5504
654,-72.9632,-48.712,-174.0072,-827.2204,5601.808
655,-73.7408,-49.496,-174.505,-829.6366,5600.1808
656,-74.406,-50.372,-174.9982,-832.003,5598.5318
657,-74.9654,-51.098,-175.493,-834.4234,5596.8322
658,-75.6252,-51.844,-175.994,-836.6286,5595.2218
659,-76.13,-52.714,-176.4976,-838.9992,5593.569
660,-76.805,-53.586,-176.9926,-841.3308,5591.9792
661,-77.5266,-54.528,-177.4976,-843.7986,5590.513
662,-78.3304,-55.142,-177.991,-845.8656,5588.9054
663,-79.019,-55.932,-178.4908,-848.246,5587.3794
664,-79.4186,-56.678,-178.9938,-850.5654,5585.7922
665,-80.1802,-57.51,-179.493,-852.9754,5584.4116
666,-81.037,-58.294,-179.9898,-855.3874,5583.0214
667,-81.8198,-59.042,-180.4966,-857.7796,5581.6454
668,-82.8308,-59.778,-180.9822,-860.1706,5580.2166
669,-83.8658,-60.636,-181.482,-862.5834,5578.8528
670,-84.8164,-61.414,-181.9754,-865.027,5577.4282
671,-85.7622,-62.16,-182.4724,-867.4096,5576.1432
