,RealState,Catering,Commerce,Transport,Hotel,PublicAdmin,Education,Health,SocialServ,ProfessActiv,ScientifActiv,RecreatActiv,ArtistActiv,FinanActiv,Other,Information
0,0,0,0,0,0,0,0,0,0,0,0,0,0,0,0,0
1,0,0,0,0,0,0,0,0,0,0,0,0,0,0,0,0
2,0,0,0,0,0,0,0,0,0,0,0,0,0,0,0,0
3,0,0,0,0,0,0,0,0,0,0,0,0,0,0,0,0
4,0,0,0,0,0,0,0,0,0,0,0,0,0,0,0,0
5,0,0,0,0,0,0,0,0,0,0,0,0,0,0,0,0
6,0,0,0,0,0,0,0,0,0,0,0,0,0,0,0,0
7,0,0,0,0,0,0,0,0,0,0,0,0,0,0,0,0
8,0,0,0,0,0,0,0,0,0,0,0,0,0,0,0,0
9,0,0,0,0,0,0,0,0,0,0,0,0,0,0,0,0
10,0,0,0,0,0,0,0,0,0,0,0,0,0,0,0,0
11,0,0,0,0,0,0,0,0,0,0,0,0,0,0,0,0
12,0,0,0,0,0,0,0,0,0,0,0,0,0,0,0,0
13,0,0,0,0,0,0,0,0,0,0,0,0,0,0,0,0
14,0,0,0,0,0,0,0,0,0,0,0,0,0,0,0,0
15,0,0,0,0,0,0,0,0,0,0,0,0,0,0,0,0
16,0,0,0,0,0,0,0,0,0,0,0,0,0,0,0,0
17,0,0,0,0,0,0,0,0,0,0,0,0,0,0,0,0
18,0,0,0,0,0,0,0,0,0,0,0,0,0,0,0,0
19,0,0,0,0,0,0,0,0,0,0,0,0,0,0,0,0
20,0,0,0,0,0,0,0,0,0,0,0,0,0,0,0,0
21,0,0,0,0,0,0,0,0,0,0,0,0,0,0,0,0
22,0,0,0,0,0,0,0,0,0,0,0,0,0,0,0,0
23,0,0,0,0,0,0,0,0,0,0,0,0,0,0,0,0
24,0,0,0,0,0,0,0,0,0,0,0,0,0,0,0,0
25,0,0,0,0,0,0,0,0,0,0,0,0,0,0,0,0
26,0,0,0,0,0,0,0,0,0,0,0,0,0,0,0,0
27,0,0,0,0,0,0,0,0,0,0,0,0,0,0,0,0
28,0,0,0,0,0,0,0,0,0,0,0,0,0,0,0,0
29,0,0,0,0,0,0,0,0,0,0,0,0,0,0,0,0
30,0,0,0,0,0,0,0,0,0,0,0,0,0,0,0,0
31,0,0,0,0,0,0,0,0,0,0,0,0,0,0,0,0
32,0,0,0,0,0,0,0,0,0,0,0,0,0,0,0,0
33,0,0,0,0,0,0,0,0,0,0,0,0,0,0,0,0
34,0,0,0,0,0,0,0,0,0,0,0,0,0,0,0,0
35,0,0,0,0,0,0,0,0,0,0,0,0,0,0,0,0
36,0,0,0,0,0,0,0,0,0,0,0,0,0,0,0,0
37,0,0,0,0,0,0,0,0,0,0,0,0,0,0,0,0
38,0,0,0,0,0,0,0,0,0,0,0,0,0,0,0,0
39,0,0,0,0,0,0,0,0,0,0,0,0,0,0,0,0
40,0,0,0,0,0,0,0,0,0,0,0,0,0,0,0,0
41,0,0,0,0,0,0,0,0,0,0,0,0,0,0,0,0
42,0,0,0,0,0,0,0,0,0,0,0,0,0,0,0,0
43,0,0,0,0,0,0,0,0,0,0,0,0,0,0,0,0
44,0,0,0,0,0,0,0,0,0,0,0,0,0,0,0,0
45,0,0,0,0,0,0,0,0,0,0,0,0,0,0,0,0
46,0,0,0,0,0,0,0,0,0,0,0,0,0,0,0,0
47,0,0,0,0,0,0,0,0,0,0,0,0,0,0,0,0
48,0,0,0,0,0,0,0,0,0,0,0,0,0,0,0,0
49,0,0,0,0,0,0,0,0,0,0,0,0,0,0,0,0
50,0,0,0,0,0,0,0,0,0,0,0,0,0,0,0,0
51,0,0,0,0,0,0,0,0,0,0,0,0,0,0,0,0
52,0,0,0,0,0,0,0,0,0,0,0,0,0,0,0,0
53,0,0,0,0,0,0,0,0,0,0,0,0,0,0,0,0
54,0,0,0,0,0,0,0,0,0,0,0,0,0,0,0,0
55,0,0,0,0,0,0,0,0,0,0,0,0,0,0,0,0
56,0,0,0,0,0,0,0,0,0,0,0,0,0,0,0,0
57,0,0,0,0,0,0,0,0,0,0,0,0,0,0,0,0
58,0,0,0,0,0,0,0,0,0,0,0,0,0,0,0,0
59,0,0,0,0,0,0,0,0,0,0,0,0,0,0,0,0
60,0,0,0,0,0,0,0,0,0,0,0,0,0,0,0,0
61,0,0,0,0,0,0,0,0,0,0,0,0,0,0,0,0
62,0,0,0,0,0,0,0,0,0,0,0,0,0,0,0,0
63,0,0,0,0,0,0,0,0,0,0,0,0,0,0,0,0
64,0,0,0,0,0,0,0,0,0,0,0,0,0,0,0,0
65,0,0,0,0,0,0,0,0,0,0,0,0,0,0,0,0
66,0,0,0,0,0,0,0,0,0,0,0,0,0,0,0,0
67,0,0,0,0,0,0,0,0,0,0,0,0,0,0,0,0
68,0,0,0,0,0,0,0,0,0,0,0,0,0,0,0,0
69,0,0,0,0,0,0,0,0,0,0,0,0,0,0,0,0
70,0,0,0,0,0,0,0,0,0,0,0,0,0,0,0,0
71,0,0,0,0,0,0,0,0,0,0,0,0,0,0,0,0
72,0,0,0,0,0,0,0,0,0,0,0,0,0,0,0,0
73,0,0,0,0,0,0,0,0,0,0,0,0,0,0,0,0
74,0,0,0,0,0,0,0,0,0,0,0,0,0,0,0,0
75,0,0,0,0,0,0,0,0,0,0,0,0,0,0,0,0
76,0,0,0,0,0,0,0,0,0,0,0,0,0,0,0,0
77,0,0,0,0,0,0,0,0,0,0,0,0,0,0,0,0
78,0,0,0,0,0,0,0,0,0,0,0,0,0,0,0,0
79,0,0,0,0,0,0,0,0,0,0,0,0,0,0,0,0
80,0,0,0,0,0,0,0,0,0,0,0,0,0,0,0,0
81,0,0,0,0,0,0,0,0,0,0,0,0,0,0,0,0
82,0,0,0,0,0,0,0,0,0,0,0,0,0,0,0,0
83,0,0,0,0,0,0,0,0,0,0,0,0,0,0,0,0
84,0,0,0,0,0,0,0,0,0,0,0,0,0,0,0,0
85,0,0,0,0,0,0,0,0,0,0,0,0,0,0,0,0
86,0,0,0,0,0,0,0,0,0,0,0,0,0,0,0,0
87,0,0,0,0,0,0,0,0,0,0,0,0,0,0,0,0
88,0,0,0,0,0,0,0,0,0,0,0,0,0,0,0,0
89,0,0,0,0,0,0,0,0,0,0,0,0,0,0,0,0
90,0,0,0,0,0,0,0,0,0,0,0,0,0,0,0,0
91,0,0,0,0,0,0,0,0,0,0,0,0,0,0,0,0
92,0,0,0,0,0,0,0,0,0,0,0,0,0,0,0,0
93,0,0,0,0,0,0,0,0,0,0,0,0,0,0,0,0
94,0,0,0,0,0,0,0,0,0,0,0,0,0,0,0,0
95,0,0,0,0,0,0,0,0,0,0,0,0,0,0,0,0
96,0,0,0,0,0,0,0,0,0,0,0,0,0,0,0,0
97,0,0,0,0,0,0,0,0,0,0,0,0,0,0,0,0
98,0,0,0,0,0,0,0,0,0,0,0,0,0,0,0,0
99,0,0,0,0,0,0,0,0,0,0,0,0,0,0,0,0
100,0,0,0,0,0,0,0,0,0,0,0,0,0,0,0,0
101,0,0,0,0,0,0,0,0,0,0,0,0,0,0,0,0
102,0,0,0,0,0,0,0,0,0,0,0,0,0,0,0,0
103,0,0,0,0,0,0,0,0,0,0,0,0,0,0,0,0
104,0,0,0,0,0,0,0,0,0,0,0,0,0,0,0,0
105,0,0,0,0,0,0,0,0,0,0,0,0,0,0,0,0
106,0,0,0,0,0,0,0,0,0,0,0,0,0,0,0,0
107,0,0,0,0,0,0,0,0,0,0,0,0,0,0,0,0
108,0,0,0,0,0,0,0,0,0,0,0,0,0,0,0,0
109,0,0,0,0,0,0,0,0,0,0,0,0,0,0,0,0
110,0,0,0,0,0,0,0,0,0,0,0,0,0,0,0,0
111,0,0,0,0,0,0,0,0,0,0,0,0,0,0,0,0
112,0,0,0,0,0,0,0,0,0,0,0,0,0,0,0,0
113,0,0,0,0,0,0,0,0,0,0,0,0,0,0,0,0
114,0,0,0,0,0,0,0,0,0,0,0,0,0,0,0,0
115,0,0,0,0,0,0,0,0,0,0,0,0,0,0,0,0
116,0,0,0,0,0,0,0,0,0,0,0,0,0,0,0,0
117,0,0,0,0,0,0,0,0,0,0,0,0,0,0,0,0
118,0,0,0,0,0,0,0,0,0,0,0,0,0,0,0,0
119,0,0,0,0,0,0,0,0,0,0,0,0,0,0,0,0
120,0,0,0,0,0,0,0,0,0,0,0,0,0,0,0,0
121,0,0,0,0,0,0,0,0,0,0,0,0,0,0,0,0
122,0,0,0,0,0,0,0,0,0,0,0,0,0,0,0,0
123,0,0,0,0,0,0,0,0,0,0,0,0,0,0,0,0
124,0,0,0,0,0,0,0,0,0,0,0,0,0,0,0,0
125,0,0,0,0,0,0,0,0,0,0,0,0,0,0,0,0
126,0,0,0,0,0,0,0,0,0,0,0,0,0,0,0,0
127,0,0,0,0,0,0,0,0,0,0,0,0,0,0,0,0
128,0,0,0,0,0,0,0,0,0,0,0,0,0,0,0,0
129,0,0,0,0,0,0,0,0,0,0,0,0,0,0,0,0
130,0,0,0,0,0,0,0,0,0,0,0,0,0,0,0,0
131,0,0,0,0,0,0,0,0,0,0,0,0,0,0,0,0
132,0,0,0,0,0,0,0,0,0,0,0,0,0,0,0,0
133,0,0,0,0,0,0,0,0,0,0,0,0,0,0,0,0
134,0,0,0,0,0,0,0,0,0,0,0,0,0,0,0,0
135,0,0,0,0,0,0,0,0,0,0,0,0,0,0,0,0
136,0,0,0,0,0,0,0,0,0,0,0,0,0,0,0,0
137,0,0,0,0,0,0,0,0,0,0,0,0,0,0,0,0
138,0,0,0,0,0,0,0,0,0,0,0,0,0,0,0,0
139,0,0,0,0,0,0,0,0,0,0,0,0,0,0,0,0
140,0,0,0,0,0,0,0,0,0,0,0,0,0,0,0,0
141,0,0,0,0,0,0,0,0,0,0,0,0,0,0,0,0
142,0,0,0,0,0,0,0,0,0,0,0,0,0,0,0,0
143,0,0,0,0,0,0,0,0,0,0,0,0,0,0,0,0
144,0,0,0,0,0,0,0,0,0,0,0,0,0,0,0,0
145,0,0,0,0,0,0,0,0,0,0,0,0,0,0,0,0
146,0,0,0,0,0,0,0,0,0,0,0,0,0,0,0,0
147,0,0,0,0,0,0,0,0,0,0,0,0,0,0,0,0
148,0,0,0,0,0,0,0,0,0,0,0,0,0,0,0,0
149,0,0,0,0,0,0,0,0,0,0,0,0,0,0,0,0
150,0,0,0,0,0,0,0,0,0,0,0,0,0,0,0,0
151,0,0,0,0,0,0,0,0,0,0,0,0,0,0,0,0
152,0,0,0,0,0,0,0,0,0,0,0,0,0,0,0,0
153,0,0,0,0,0,0,0,0,0,0,0,0,0,0,0,0
154,0,0,0,0,0,0,0,0,0,0,0,0,0,0,0,0
155,0,0,0,0,0,0,0,0,0,0,0,0,0,0,0,0
156,0,0,0,0,0,0,0,0,0,0,0,0,0,0,0,0
157,0,0,0,0,0,0,0,0,0,0,0,0,0,0,0,0
158,0,0,0,0,0,0,0,0,0,0,0,0,0,0,0,0
159,0,0,0,0,0,0,0,0,0,0,0,0,0,0,0,0
160,0,0,0,0,0,0,0,0,0,0,0,0,0,0,0,0
161,0,0,0,0,0,0,0,0,0,0,0,0,0,0,0,0
162,0,0,0,0,0,0,0,0,0,0,0,0,0,0,0,0
163,0,0,0,0,0,0,0,0,0,0,0,0,0,0,0,0
164,0,0,0,0,0,0,0,0,0,0,0,0,0,0,0,0
165,0,0,0,0,0,0,0,0,0,0,0,0,0,0,0,0
166,0,0,0,0,0,0,0,0,0,0,0,0,0,0,0,0
167,0,0,0,0,0,0,0,0,0,0,0,0,0,0,0,0
168,0,0,0,0,0,0,0,0,0,0,0,0,0,0,0,0
169,0,0,0,0,0,0,0,0,0,0,0,0,0,0,0,0
170,0,0,0,0,0,0,0,0,0,0,0,0,0,0,0,0
171,0,0,0,0,0,0,0,0,0,0,0,0,0,0,0,0
172,0,0,0,0,0,0,0,0,0,0,0,0,0,0,0,0
173,0,0,0,0,0,0,0,0,0,0,0,0,0,0,0,0
174,0,0,0,0,0,0,0,0,0,0,0,0,0,0,0,0
175,0,0,0,0,0,0,0,0,0,0,0,0,0,0,0,0
176,0,0,0,0,0,0,0,0,0,0,0,0,0,0,0,0
177,0,0,0,0,0,0,0,0,0,0,0,0,0,0,0,0
178,0,0,0,0,0,0,0,0,0,0,0,0,0,0,0,0
179,0,0,0,0,0,0,0,0,0,0,0,0,0,0,0,0
180,0,0,0,0,0,0,0,0,0,0,0,0,0,0,0,0
181,0,0,0,0,0,0,0,0,0,0,0,0,0,0,0,0
182,0,0,0,0,0,0,0,0,0,0,0,0,0,0,0,0
183,0,0,0,0,0,0,0,0,0,0,0,0,0,0,0,0
184,0,0,0,0,0,0,0,0,0,0,0,0,0,0,0,0
185,0,0,0,0,0,0,0,0,0,0,0,0,0,0,0,0
186,0,0,0,0,0,0,0,0,0,0,0,0,0,0,0,0
187,0,0,0,0,0,0,0,0,0,0,0,0,0,0,0,0
188,0,0,0,0,0,0,0,0,0,0,0,0,0,0,0,0
189,0,0,0,0,0,0,0,0,0,0,0,0,0,0,0,0
190,0,0,0,0,0,0,0,0,0,0,0,0,0,0,0,0
191,0,0,0,0,0,0,0,0,0,0,0,0,0,0,0,0
192,0,0,0,0,0,0,0,0,0,0,0,0,0,0,0,0
193,0,0,0,0,0,0,0,0,0,0,0,0,0,0,0,0
194,0,0,0,0,0,0,0,0,0,0,0,0,0,0,0,0
195,0,0,0,0,0,0,0,0,0,0,0,0,0,0,0,0
196,0,0,0,0,0,0,0,0,0,0,0,0,0,0,0,0
197,0,0,0,0,0,0,0,0,0,0,0,0,0,0,0,0
198,0,0,0,0,0,0,0,0,0,0,0,0,0,0,0,0
199,0,0,0,0,0,0,0,0,0,0,0,0,0,0,0,0
200,0,0,0,0,0,0,0,0,0,0,0,0,0,0,0,0
201,0,0,0,0,0,0,0,0,0,0,0,0,0,0,0,0
202,0,0,0,0,0,0,0,0,0,0,0,0,0,0,0,0
203,0,0,0,0,0,0,0,0,0,0,0,0,0,0,0,0
204,0,0,0,0,0,0,0,0,0,0,0,0,0,0,0,0
205,0,0,0,0,0,0,0,0,0,0,0,0,0,0,0,0
206,0,0,0,0,0,0,0,0,0,0,0,0,0,0,0,0
207,0,0,0,0,0,0,0,0,0,0,0,0,0,0,0,0
208,0,0,0,0,0,0,0,0,0,0,0,0,0,0,0,0
209,0,0,0,0,0,0,0,0,0,0,0,0,0,0,0,0
210,0,0,0,0,0,0,0,0,0,0,0,0,0,0,0,0
211,0,0,0,0,0,0,0,0,0,0,0,0,0,0,0,0
212,0,0,0,0,0,0,0,0,0,0,0,0,0,0,0,0
213,0,0,0,0,0,0,0,0,0,0,0,0,0,0,0,0
214,0,0,0,0,0,0,0,0,0,0,0,0,0,0,0,0
215,0,0,0,0,0,0,0,0,0,0,0,0,0,0,0,0
216,0,0,0,0,0,0,0,0,0,0,0,0,0,0,0,0
217,0,0,0,0,0,0,0,0,0,0,0,0,0,0,0,0
218,0,0,0,0,0,0,0,0,0,0,0,0,0,0,0,0
219,0,0,0,0,0,0,0,0,0,0,0,0,0,0,0,0
220,0,0,0,0,0,0,0,0,0,0,0,0,0,0,0,0
221,0,0,0,0,0,0,0,0,0,0,0,0,0,0,0,0
222,0,0,0,0,0,0,0,0,0,0,0,0,0,0,0,0
223,0,0,0,0,0,0,0,0,0,0,0,0,0,0,0,0
224,0,0,0,0,0,0,0,0,0,0,0,0,0,0,0,0
225,0,0,0,0,0,0,0,0,0,0,0,0,0,0,0,0
226,0,0,0,0,0,0,0,0,0,0,0,0,0,0,0,0
227,0,0,0,0,0,0,0,0,0,0,0,0,0,0,0,0
228,0,0,0,0,0,0,0,0,0,0,0,0,0,0,0,0
229,0,0,0,0,0,0,0,0,0,0,0,0,0,0,0,0
230,0,0,0,0,0,0,0,0,0,0,0,0,0,0,0,0
231,0,0,0,0,0,0,0,0,0,0,0,0,0,0,0,0
232,0,0,0,0,0,0,0,0,0,0,0,0,0,0,0,0
233,0,0,0,0,0,0,0,0,0,0,0,0,0,0,0,0
234,0,0,0,0,0,0,0,0,0,0,0,0,0,0,0,0
235,0,0,0,0,0,0,0,0,0,0,0,0,0,0,0,0
236,0,0,0,0,0,0,0,0,0,0,0,0,0,0,0,0
237,0,0,0,0,0,0,0,0,0,0,0,0,0,0,0,0
238,0,0,0,0,0,0,0,0,0,0,0,0,0,0,0,0
239,0,0,0,0,0,0,0,0,0,0,0,0,0,0,0,0
240,0,0,0,0,0,0,0,0,0,0,0,0,0,0,0,0
241,0,0,0,0,0,0,0,0,0,0,0,0,0,0,0,0
242,0,0,0,0,0,0,0,0,0,0,0,0,0,0,0,0
243,0,0,0,0,0,0,0,0,0,0,0,0,0,0,0,0
244,0,0,0,0,0,0,0,0,0,0,0,0,0,0,0,0
245,0,0,0,0,0,0,0,0,0,0,0,0,0,0,0,0
246,0,0,0,0,0,0,0,0,0,0,0,0,0,0,0,0
247,0,0,0,0,0,0,0,0,0,0,0,0,0,0,0,0
248,0,0,0,0,0,0,0,0,0,0,0,0,0,0,0,0
249,0,0,0,0,0,0,0,0,0,0,0,0,0,0,0,0
250,0,0,0,0,0,0,0,0,0,0,0,0,0,0,0,0
251,0,0,0,0,0,0,0,0,0,0,0,0,0,0,0,0
252,0,0,0,0,0,0,0,0,0,0,0,0,0,0,0,0
253,0,0,0,0,0,0,0,0,0,0,0,0,0,0,0,0
254,0,0,0,0,0,0,0,0,0,0,0,0,0,0,0,0
255,0,0,0,0,0,0,0,0,0,0,0,0,0,0,0,0
256,0,0,0,0,0,0,0,0,0,0,0,0,0,0,0,0
257,0,0,0,0,0,0,0,0,0,0,0,0,0,0,0,0
258,0,0,0,0,0,0,0,0,0,0,0,0,0,0,0,0
259,0,0,0,0,0,0,0,0,0,0,0,0,0,0,0,0
260,0,0,0,0,0,0,0,0,0,0,0,0,0,0,0,0
261,0,0,0,0,0,0,0,0,0,0,0,0,0,0,0,0
262,0,0,0,0,0,0,0,0,0,0,0,0,0,0,0,0
263,0,0,0,0,0,0,0,0,0,0,0,0,0,0,0,0
264,0,0,0,0,0,0,0,0,0,0,0,0,0,0,0,0
265,0,0,0,0,0,0,0,0,0,0,0,0,0,0,0,0
266,0,0,0,0,0,0,0,0,0,0,0,0,0,0,0,0
267,0,0,0,0,0,0,0,0,0,0,0,0,0,0,0,0
268,0,0,0,0,0,0,0,0,0,0,0,0,0,0,0,0
269,0,0,0,0,0,0,0,0,0,0,0,0,0,0,0,0
270,0,0,0,0,0,0,0,0,0,0,0,0,0,0,0,0
271,0,0,0,0,0,0,0,0,0,0,0,0,0,0,0,0
272,0,0,0,0,0,0,0,0,0,0,0,0,0,0,0,0
273,0,0,0,0,0,0,0,0,0,0,0,0,0,0,0,0
274,0,0,0,0,0,0,0,0,0,0,0,0,0,0,0,0
275,0,0,0,0,0,0,0,0,0,0,0,0,0,0,0,0
276,0,0,0,0,0,0,0,0,0,0,0,0,0,0,0,0
277,0,0,0,0,0,0,0,0,0,0,0,0,0,0,0,0
278,0,0,0,0,0,0,0,0,0,0,0,0,0,0,0,0
279,0,0,0,0,0,0,0,0,0,0,0,0,0,0,0,0
280,0,0,0,0,0,0,0,0,0,0,0,0,0,0,0,0
281,0,0,0,0,0,0,0,0,0,0,0,0,0,0,0,0
282,0,0,0,0,0,0,0,0,0,0,0,0,0,0,0,0
283,0,0,0,0,0,0,0,0,0,0,0,0,0,0,0,0
284,0,0,0,0,0,0,0,0,0,0,0,0,0,0,0,0
285,0,0,0,0,0,0,0,0,0,0,0,0,0,0,0,0
286,0,0,0,0,0,0,0,0,0,0,0,0,0,0,0,0
287,0,0,0,0,0,0,0,0,0,0,0,0,0,0,0,0
288,0,0,0,0,0,0,0,0,0,0,0,0,0,0,0,0
289,43055,6691970,548035,0,710875,386310,910870,110,0,411590,165925,27900,386310,1736420,489010,163530
290,43055,6691970,548035,0,710875,386310,910870,110,0,411590,165925,27900,386310,1736420,489010,163530
291,43055,6691970,548035,0,710875,386310,910870,110,0,411590,165925,27900,386310,1736420,489010,163530
292,43055,6691970,548035,0,710875,386310,910870,110,0,411590,165925,27900,386310,1736420,489010,163530
293,43055,6691970,548035,0,710875,386310,910870,110,0,411590,165925,27900,386310,1736420,489010,163530
294,43055,6691970,548035,0,710875,386310,910870,110,0,411590,165925,27900,386310,1736420,489010,163530
295,43055,6691970,548035,0,710875,386310,910870,110,0,411590,165925,27900,386310,1736420,489010,163530
296,43055,6691970,548035,0,710875,386310,910870,110,0,411590,165925,27900,386310,1736420,489010,163530
297,43055,6691970,548035,0,710875,386310,910870,110,0,411590,165925,27900,386310,1736420,489010,163530
298,43055,6691970,548035,0,710875,386310,910870,110,0,411590,165925,27900,386310,1736420,489010,163530
299,43055,6691970,548035,0,710875,386310,910870,110,0,411590,165925,27900,386310,1736420,489010,163530
300,43055,6691970,548035,0,710875,386310,910870,110,0,411590,165925,27900,386310,1736420,489010,163530
301,43055,6691970,548035,0,710875,386310,910870,110,0,411590,165925,27900,386310,1736420,489010,163530
302,43055,6691970,548035,0,710875,386310,910870,110,0,411590,165925,27900,386310,1736420,489010,163530
303,43055,6691970,548035,0,710875,386310,910870,110,0,411590,165925,27900,386310,1736420,489010,163530
304,43055,6691970,548035,0,710875,386310,910870,110,0,411590,165925,27900,386310,1736420,489010,163530
305,43055,6691970,548035,0,710875,386310,910870,110,0,411590,165925,27900,386310,1736420,489010,163530
306,43055,6691970,548035,0,710875,386310,910870,110,0,411590,165925,27900,386310,1736420,489010,163530
307,43055,6691970,548035,0,710875,386310,910870,110,0,411590,165925,27900,386310,1736420,489010,163530
308,43055,6691970,548035,0,710875,386310,910870,110,0,411590,165925,27900,386310,1736420,489010,163530
309,43055,6691970,548035,0,710875,386310,910870,110,0,411590,165925,27900,386310,1736420,489010,163530
310,43055,6691970,548035,0,710875,386310,910870,110,0,411590,165925,27900,386310,1736420,489010,163530
311,43055,6691970,548035,0,710875,386310,910870,110,0,411590,165925,27900,386310,1736420,489010,163530
312,43055,6691970,548035,0,710875,386310,910870,110,0,411590,165925,27900,386310,1736420,489010,163530
313,43055,6691970,548035,0,710875,386310,910870,110,0,411590,165925,27900,386310,1736420,489010,163530
314,43055,6691970,548035,0,710875,386310,910870,110,0,411590,165925,27900,386310,1736420,489010,163530
315,43055,6691970,548035,0,710875,386310,910870,110,0,411590,165925,27900,386310,1736420,489010,163530
316,43055,6691970,548035,0,710875,386310,910870,110,0,411590,165925,27900,386310,1736420,489010,163530
317,43055,6691970,548035,0,710875,386310,910870,110,0,411590,165925,27900,386310,1736420,489010,163530
318,43055,6691970,548035,0,710875,386310,910870,110,0,411590,165925,27900,386310,1736420,489010,163530
319,43055,6691970,548035,0,710875,386310,910870,110,0,411590,165925,27900,386310,1736420,489010,163530
320,43055,6691970,548035,0,710875,386310,910870,110,0,411590,165925,27900,386310,1736420,489010,163530
321,43055,6691970,548035,0,710875,386310,910870,110,0,411590,165925,27900,386310,1736420,489010,163530
322,43055,6691970,548035,0,710875,386310,910870,110,0,411590,165925,27900,386310,1736420,489010,163530
323,43055,6691970,548035,0,710875,386310,910870,110,0,411590,165925,27900,386310,1736420,489010,163530
324,43055,6691970,548035,0,710875,386310,910870,110,0,411590,165925,27900,386310,1736420,489010,163530
325,43055,6691970,548035,0,710875,386310,910870,110,0,411590,165925,27900,386310,1736420,489010,163530
326,43055,6691970,548035,0,710875,386310,910870,110,0,411590,165925,27900,386310,1736420,489010,163530
327,43055,6691970,548035,0,710875,386310,910870,110,0,411590,165925,27900,386310,1736420,489010,163530
328,43055,6691970,548035,0,710875,386310,910870,110,0,411590,165925,27900,386310,1736420,489010,163530
329,43055,6691970,548035,0,710875,386310,910870,110,0,411590,165925,27900,386310,1736420,489010,163530
330,43055,6691970,548035,0,710875,386310,910870,110,0,411590,165925,27900,386310,1736420,489010,163530
331,43055,6691970,548035,0,710875,386310,910870,110,0,411590,165925,27900,386310,1736420,489010,163530
332,43055,6691970,548035,0,710875,386310,910870,110,0,411590,165925,27900,386310,1736420,489010,163530
333,43055,6691970,548035,0,710875,386310,910870,110,0,411590,165925,27900,386310,1736420,489010,163530
334,43055,6691970,548035,0,710875,386310,910870,110,0,411590,165925,27900,386310,1736420,489010,163530
335,43055,6691970,548035,0,710875,386310,910870,110,0,411590,165925,27900,386310,1736420,489010,163530
336,43055,6691970,548035,0,710875,386310,910870,110,0,411590,165925,27900,386310,1736420,489010,163530
337,43055,6691970,548035,0,710875,386310,910870,110,0,411590,165925,27900,386310,1736420,489010,163530
338,43055,6691970,548035,0,710875,386310,910870,110,0,411590,165925,27900,386310,1736420,489010,163530
339,43055,6691970,548035,0,710875,386310,910870,110,0,411590,165925,27900,386310,1736420,489010,163530
340,43055,6691970,548035,0,710875,386310,910870,110,0,411590,165925,27900,386310,1736420,489010,163530
341,43055,6691970,548035,0,710875,386310,910870,110,0,411590,165925,27900,386310,1736420,489010,163530
342,43055,6691970,548035,0,710875,386310,910870,110,0,411590,165925,27900,386310,1736420,489010,163530
343,43055,6691970,548035,0,710875,386310,910870,110,0,411590,165925,27900,386310,1736420,489010,163530
344,43055,6691970,548035,0,710875,386310,910870,110,0,411590,165925,27900,386310,1736420,489010,163530
345,43055,6691970,548035,0,710875,386310,910870,110,0,411590,165925,27900,386310,1736420,489010,163530
346,43055,6691970,548035,0,710875,386310,910870,110,0,411590,165925,27900,386310,1736420,489010,163530
347,43055,6691970,548035,0,710875,386310,910870,110,0,411590,165925,27900,386310,1736420,489010,163530
348,43055,6691970,548035,0,710875,386310,910870,110,0,411590,165925,27900,386310,1736420,489010,163530
349,43055,6691970,548035,0,710875,386310,910870,110,0,411590,165925,27900,386310,1736420,489010,163530
350,43055,6691970,548035,0,710875,386310,910870,110,0,411590,165925,27900,386310,1736420,489010,163530
351,43055,6691970,548035,0,710875,386310,910870,110,0,411590,165925,27900,386310,1736420,489010,163530
352,43055,6691970,548035,0,710875,386310,910870,110,0,411590,165925,27900,386310,1736420,489010,163530
353,43055,6691970,548035,0,710875,386310,910870,110,0,411590,165925,27900,386310,1736420,489010,163530
354,43055,6691970,548035,0,710875,386310,910870,110,0,411590,165925,27900,386310,1736420,489010,163530
355,43055,6691970,548035,0,710875,386310,910870,110,0,411590,165925,27900,386310,1736420,489010,163530
356,43055,6691970,548035,0,710875,386310,910870,110,0,411590,165925,27900,386310,1736420,489010,163530
357,43055,6691970,548035,0,710875,386310,910870,110,0,411590,165925,27900,386310,1736420,489010,163530
358,43055,6691970,548035,0,710875,386310,910870,110,0,411590,165925,27900,386310,1736420,489010,163530
359,43055,6691970,548035,0,710875,386310,910870,110,0,411590,165925,27900,386310,1736420,489010,163530
360,43055,6691970,548035,0,710875,386310,910870,110,0,411590,165925,27900,386310,1736420,489010,163530
361,43055,6691970,548035,0,710875,386310,910870,110,0,411590,165925,27900,386310,1736420,489010,163530
362,43055,6691970,548035,0,710875,386310,910870,110,0,411590,165925,27900,386310,1736420,489010,163530
363,43055,6691970,548035,0,710875,386310,910870,110,0,411590,165925,27900,386310,1736420,489010,163530
364,43055,6691970,548035,0,710875,386310,910870,110,0,411590,165925,27900,386310,1736420,489010,163530
365,43055,6691970,548035,0,710875,386310,910870,110,0,411590,165925,27900,386310,1736420,489010,163530
366,43055,6691970,548035,0,710875,386310,910870,110,0,411590,165925,27900,386310,1736420,489010,163530
367,43055,6691970,548035,0,710875,386310,910870,110,0,411590,165925,27900,386310,1736420,489010,163530
368,43055,6691970,548035,0,710875,386310,910870,110,0,411590,165925,27900,386310,1736420,489010,163530
369,43055,6691970,548035,0,710875,386310,910870,110,0,411590,165925,27900,386310,1736420,489010,163530
370,43055,6691970,548035,0,710875,386310,910870,110,0,411590,165925,27900,386310,1736420,489010,163530
371,43055,6691970,548035,0,710875,386310,910870,110,0,411590,165925,27900,386310,1736420,489010,163530
372,43055,6691970,548035,0,710875,386310,910870,110,0,411590,165925,27900,386310,1736420,489010,163530
373,43055,6691970,548035,0,710875,386310,910870,110,0,411590,165925,27900,386310,1736420,489010,163530
374,43055,6691970,548035,0,710875,386310,910870,110,0,411590,165925,27900,386310,1736420,489010,163530
375,43055,6691970,548035,0,710875,386310,910870,110,0,411590,165925,27900,386310,1736420,489010,163530
376,43055,6691970,548035,0,710875,386310,910870,110,0,411590,165925,27900,386310,1736420,489010,163530
377,43055,6691970,548035,0,710875,386310,910870,110,0,411590,165925,27900,386310,1736420,489010,163530
378,43055,6691970,548035,0,710875,386310,910870,110,0,411590,165925,27900,386310,1736420,489010,163530
379,43055,6691970,548035,0,710875,386310,910870,110,0,411590,165925,27900,386310,1736420,489010,163530
380,43055,6691970,548035,0,710875,386310,910870,110,0,411590,165925,27900,386310,1736420,489010,163530
381,43055,6691970,548035,0,710875,386310,910870,110,0,411590,165925,27900,386310,1736420,489010,163530
382,43055,6691970,548035,0,710875,386310,910870,110,0,411590,165925,27900,386310,1736420,489010,163530
383,43055,6691970,548035,0,710875,386310,910870,110,0,411590,165925,27900,386310,1736420,489010,163530
384,43055,6691970,548035,0,710875,386310,910870,110,0,411590,165925,27900,386310,1736420,489010,163530
385,43055,6691970,548035,0,710875,386310,910870,110,0,411590,165925,27900,386310,1736420,489010,163530
386,43055,6691970,548035,0,710875,386310,910870,110,0,411590,165925,27900,386310,1736420,489010,163530
387,43055,6691970,548035,0,710875,386310,910870,110,0,411590,165925,27900,386310,1736420,489010,163530
388,43055,6691970,548035,0,710875,386310,910870,110,0,411590,165925,27900,386310,1736420,489010,163530
389,43055,6691970,548035,0,710875,386310,910870,110,0,411590,165925,27900,386310,1736420,489010,163530
390,43055,6691970,548035,0,710875,386310,910870,110,0,411590,165925,27900,386310,1736420,489010,163530
391,43055,6691970,548035,0,710875,386310,910870,110,0,411590,165925,27900,386310,1736420,489010,163530
392,43055,6691970,548035,0,710875,386310,910870,110,0,411590,165925,27900,386310,1736420,489010,163530
393,43055,6691970,548035,0,710875,386310,910870,110,0,411590,165925,27900,386310,1736420,489010,163530
394,43055,6691970,548035,0,710875,386310,910870,110,0,411590,165925,27900,386310,1736420,489010,163530
395,43055,6691970,548035,0,710875,386310,910870,110,0,411590,165925,27900,386310,1736420,489010,163530
396,43055,6691970,548035,0,710875,386310,910870,110,0,411590,165925,27900,386310,1736420,489010,163530
397,43055,6691970,548035,0,710875,386310,910870,110,0,411590,165925,27900,386310,1736420,489010,163530
398,43055,6691970,548035,0,710875,386310,910870,110,0,411590,165925,27900,386310,1736420,489010,163530
399,43055,6691970,548035,0,710875,386310,910870,110,0,411590,165925,27900,386310,1736420,489010,163530
400,43055,6691970,548035,0,710875,386310,910870,110,0,411590,165925,27900,386310,1736420,489010,163530
401,43055,6691970,548035,0,710875,386310,910870,110,0,411590,165925,27900,386310,1736420,489010,163530
402,43055,6691970,548035,0,710875,386310,910870,110,0,411590,165925,27900,386310,1736420,489010,163530
403,43055,6691970,548035,0,710875,386310,910870,110,0,411590,165925,27900,386310,1736420,489010,163530
404,43055,6691970,548035,0,710875,386310,910870,110,0,411590,165925,27900,386310,1736420,489010,163530
405,43055,6691970,548035,0,710875,386310,910870,110,0,411590,165925,27900,386310,1736420,489010,163530
406,43055,6691970,548035,0,710875,386310,910870,110,0,411590,165925,27900,386310,1736420,489010,163530
407,43055,6691970,548035,0,710875,386310,910870,110,0,411590,165925,27900,386310,1736420,489010,163530
408,43055,6691970,548035,0,710875,386310,910870,110,0,411590,165925,27900,386310,1736420,489010,163530
409,43055,6691970,548035,0,710875,386310,910870,110,0,411590,165925,27900,386310,1736420,489010,163530
410,43055,6691970,548035,0,710875,386310,910870,110,0,411590,165925,27900,386310,1736420,489010,163530
411,43055,6691970,548035,0,710875,386310,910870,110,0,411590,165925,27900,386310,1736420,489010,163530
412,43055,6691970,548035,0,710875,386310,910870,110,0,411590,165925,27900,386310,1736420,489010,163530
413,43055,6691970,548035,0,710875,386310,910870,110,0,411590,165925,27900,386310,1736420,489010,163530
414,43055,6691970,548035,0,710875,386310,910870,110,0,411590,165925,27900,386310,1736420,489010,163530
415,43055,6691970,548035,0,710875,386310,910870,110,0,411590,165925,27900,386310,1736420,489010,163530
416,43055,6691970,548035,0,710875,386310,910870,110,0,411590,165925,27900,386310,1736420,489010,163530
417,43055,6691970,548035,0,710875,386310,910870,110,0,411590,165925,27900,386310,1736420,489010,163530
418,43055,6691970,548035,0,710875,386310,910870,110,0,411590,165925,27900,386310,1736420,489010,163530
419,43055,6691970,548035,0,710875,386310,910870,110,0,411590,165925,27900,386310,1736420,489010,163530
420,43055,6691970,548035,0,710875,386310,910870,110,0,411590,165925,27900,386310,1736420,489010,163530
421,43055,6691970,548035,0,710875,386310,910870,110,0,411590,165925,27900,386310,1736420,489010,163530
422,43055,6691970,548035,0,710875,386310,910870,110,0,411590,165925,27900,386310,1736420,489010,163530
423,43055,6691970,548035,0,710875,386310,910870,110,0,411590,165925,27900,386310,1736420,489010,163530
424,43055,6691970,548035,0,710875,386310,910870,110,0,411590,165925,27900,386310,1736420,489010,163530
425,43055,6691970,548035,0,710875,386310,910870,110,0,411590,165925,27900,386310,1736420,489010,163530
426,43055,6691970,548035,0,710875,386310,910870,110,0,411590,165925,27900,386310,1736420,489010,163530
427,43055,6691970,548035,0,710875,386310,910870,110,0,411590,165925,27900,386310,1736420,489010,163530
428,43055,6691970,548035,0,710875,386310,910870,110,0,411590,165925,27900,386310,1736420,489010,163530
429,43055,6691970,548035,0,710875,386310,910870,110,0,411590,165925,27900,386310,1736420,489010,163530
430,43055,6691970,548035,0,710875,386310,910870,110,0,411590,165925,27900,386310,1736420,489010,163530
431,43055,6691970,548035,0,710875,386310,910870,110,0,411590,165925,27900,386310,1736420,489010,163530
432,43055,6691970,548035,0,710875,386310,910870,110,0,411590,165925,27900,386310,1736420,489010,163530
433,43055,6691970,548035,0,710875,386310,910870,110,0,411590,165925,27900,386310,1736420,489010,163530
434,43055,6691970,548035,0,710875,386310,910870,110,0,411590,165925,27900,386310,1736420,489010,163530
435,43055,6691970,548035,0,710875,386310,910870,110,0,411590,165925,27900,386310,1736420,489010,163530
436,43055,6691970,548035,0,710875,386310,910870,110,0,411590,165925,27900,386310,1736420,489010,163530
437,43055,6691970,548035,0,710875,386310,910870,110,0,411590,165925,27900,386310,1736420,489010,163530
438,43055,6691970,548035,0,710875,386310,910870,110,0,411590,165925,27900,386310,1736420,489010,163530
439,43055,6691970,548035,0,710875,386310,910870,110,0,411590,165925,27900,386310,1736420,489010,163530
440,43055,6691970,548035,0,710875,386310,910870,110,0,411590,165925,27900,386310,1736420,489010,163530
441,43055,6691970,548035,0,710875,386310,910870,110,0,411590,165925,27900,386310,1736420,489010,163530
442,43055,6691970,548035,0,710875,386310,910870,110,0,411590,165925,27900,386310,1736420,489010,163530
443,43055,6691970,548035,0,710875,386310,910870,110,0,411590,165925,27900,386310,1736420,489010,163530
444,43055,6691970,548035,0,710875,386310,910870,110,0,411590,165925,27900,386310,1736420,489010,163530
445,43055,6691970,548035,0,710875,386310,910870,110,0,411590,165925,27900,386310,1736420,489010,163530
446,43055,6691970,548035,0,710875,386310,910870,110,0,411590,165925,27900,386310,1736420,489010,163530
447,43055,6691970,548035,0,710875,386310,910870,110,0,411590,165925,27900,386310,1736420,489010,163530
448,43055,6691970,548035,0,710875,386310,910870,110,0,411590,165925,27900,386310,1736420,489010,163530
449,43055,6691970,548035,0,710875,386310,910870,110,0,411590,165925,27900,386310,1736420,489010,163530
450,43055,6691970,548035,0,710875,386310,910870,110,0,411590,165925,27900,386310,1736420,489010,163530
451,43055,6691970,548035,0,710875,386310,910870,110,0,411590,165925,27900,386310,1736420,489010,163530
452,43055,6691970,548035,0,710875,386310,910870,110,0,411590,165925,27900,386310,1736420,489010,163530
453,43055,6691970,548035,0,710875,386310,910870,110,0,411590,165925,27900,386310,1736420,489010,163530
454,43055,6691970,548035,0,710875,386310,910870,110,0,411590,165925,27900,386310,1736420,489010,163530
455,43055,6691970,548035,0,710875,386310,910870,110,0,411590,165925,27900,386310,1736420,489010,163530
456,43055,6691970,548035,0,710875,386310,910870,110,0,411590,165925,27900,386310,1736420,489010,163530
457,43055,6691970,548035,0,710875,386310,910870,110,0,411590,165925,27900,386310,1736420,489010,163530
458,43055,6691970,548035,0,710875,386310,910870,110,0,411590,165925,27900,386310,1736420,489010,163530
459,43055,6691970,548035,0,710875,386310,910870,110,0,411590,165925,27900,386310,1736420,489010,163530
460,43055,6691970,548035,0,710875,386310,910870,110,0,411590,165925,27900,386310,1736420,489010,163530
461,43055,6691970,548035,0,710875,386310,910870,110,0,411590,165925,27900,386310,1736420,489010,163530
462,43055,6691970,548035,0,710875,386310,910870,110,0,411590,165925,27900,386310,1736420,489010,163530
463,43055,6691970,548035,0,710875,386310,910870,110,0,411590,165925,27900,386310,1736420,489010,163530
464,43055,6691970,548035,0,710875,386310,910870,110,0,411590,165925,27900,386310,1736420,489010,163530
465,43055,6691970,548035,0,710875,386310,910870,110,0,411590,165925,27900,386310,1736420,489010,163530
466,43055,6691970,548035,0,710875,386310,910870,110,0,411590,165925,27900,386310,1736420,489010,163530
467,43055,6691970,548035,0,710875,386310,910870,110,0,411590,165925,27900,386310,1736420,489010,163530
468,43055,6691970,548035,0,710875,386310,910870,110,0,411590,165925,27900,386310,1736420,489010,163530
469,43055,6691970,548035,0,710875,386310,910870,110,0,411590,165925,27900,386310,1736420,489010,163530
470,43055,6691970,548035,0,710875,386310,910870,110,0,411590,165925,27900,386310,1736420,489010,163530
471,43055,6691970,548035,0,710875,386310,910870,110,0,411590,165925,27900,386310,1736420,489010,163530
472,43055,6691970,548035,0,710875,386310,910870,110,0,411590,165925,27900,386310,1736420,489010,163530
473,43055,6691970,548035,0,710875,386310,910870,110,0,411590,165925,27900,386310,1736420,489010,163530
474,43055,6691970,548035,0,710875,386310,910870,110,0,411590,165925,27900,386310,1736420,489010,163530
475,43055,6691970,548035,0,710875,386310,910870,110,0,411590,165925,27900,386310,1736420,489010,163530
476,43055,6691970,548035,0,710875,386310,910870,110,0,411590,165925,27900,386310,1736420,489010,163530
477,43055,6691970,548035,0,710875,386310,910870,110,0,411590,165925,27900,386310,1736420,489010,163530
478,43055,6691970,548035,0,710875,386310,910870,110,0,411590,165925,27900,386310,1736420,489010,163530
479,43055,6691970,548035,0,710875,386310,910870,110,0,411590,165925,27900,386310,1736420,489010,163530
480,43055,6691970,548035,0,710875,386310,910870,110,0,411590,165925,27900,386310,1736420,489010,163530
481,43055,6691970,548035,0,710875,386310,910870,110,0,411590,165925,27900,386310,1736420,489010,163530
482,43055,6691970,548035,0,710875,386310,910870,110,0,411590,165925,27900,386310,1736420,489010,163530
483,43055,6691970,548035,0,710875,386310,910870,110,0,411590,165925,27900,386310,1736420,489010,163530
484,43055,6691970,548035,0,710875,386310,910870,110,0,411590,165925,27900,386310,1736420,489010,163530
485,43055,6691970,548035,0,710875,386310,910870,110,0,411590,165925,27900,386310,1736420,489010,163530
486,43055,6691970,548035,0,710875,386310,910870,110,0,411590,165925,27900,386310,1736420,489010,163530
487,43055,6691970,548035,0,710875,386310,910870,110,0,411590,165925,27900,386310,1736420,489010,163530
488,43055,6691970,548035,0,710875,386310,910870,110,0,411590,165925,27900,386310,1736420,489010,163530
489,43055,6691970,548035,0,710875,386310,910870,110,0,411590,165925,27900,386310,1736420,489010,163530
490,43055,6691970,548035,0,710875,386310,910870,110,0,411590,165925,27900,386310,1736420,489010,163530
491,43055,6691970,548035,0,710875,386310,910870,110,0,411590,165925,27900,386310,1736420,489010,163530
492,43055,6691970,548035,0,710875,386310,910870,110,0,411590,165925,27900,386310,1736420,489010,163530
493,43055,6691970,548035,0,710875,386310,910870,110,0,411590,165925,27900,386310,1736420,489010,163530
494,43055,6691970,548035,0,710875,386310,910870,110,0,411590,165925,27900,386310,1736420,489010,163530
495,43055,6691970,548035,0,710875,386310,910870,110,0,411590,165925,27900,386310,1736420,489010,163530
496,43055,6691970,548035,0,710875,386310,910870,110,0,411590,165925,27900,386310,1736420,489010,163530
497,43055,6691970,548035,0,710875,386310,910870,110,0,411590,165925,27900,386310,1736420,489010,163530
498,43055,6691970,548035,0,710875,386310,910870,110,0,411590,165925,27900,386310,1736420,489010,163530
499,43055,6691970,548035,0,710875,386310,910870,110,0,411590,165925,27900,386310,1736420,489010,163530
500,43055,6691970,548035,0,710875,386310,910870,110,0,411590,165925,27900,386310,1736420,489010,163530
501,43055,6691970,548035,0,710875,386310,910870,110,0,411590,165925,27900,386310,1736420,489010,163530
502,43055,6691970,548035,0,710875,386310,910870,110,0,411590,165925,27900,386310,1736420,489010,163530
503,43055,6691970,548035,0,710875,386310,910870,110,0,411590,165925,27900,386310,1736420,489010,163530
504,43055,6691970,548035,0,710875,386310,910870,110,0,411590,165925,27900,386310,1736420,489010,163530
505,43055,6691970,548035,0,710875,386310,910870,110,0,411590,165925,27900,386310,1736420,489010,163530
506,43055,6691970,548035,0,710875,386310,910870,110,0,411590,165925,27900,386310,1736420,489010,163530
507,43055,6691970,548035,0,710875,386310,910870,110,0,411590,165925,27900,386310,1736420,489010,163530
508,43055,6691970,548035,0,710875,386310,910870,110,0,411590,165925,27900,386310,1736420,489010,163530
509,43055,6691970,548035,0,710875,386310,910870,110,0,411590,165925,27900,386310,1736420,489010,163530
510,43055,6691970,548035,0,710875,386310,910870,110,0,411590,165925,27900,386310,1736420,489010,163530
511,43055,6691970,548035,0,710875,386310,910870,110,0,411590,165925,27900,386310,1736420,489010,163530
512,43055,6691970,548035,0,710875,386310,910870,110,0,411590,165925,27900,386310,1736420,489010,163530
513,43055,6691970,548035,0,710875,386310,910870,110,0,411590,165925,27900,386310,1736420,489010,163530
514,43055,6691970,548035,0,710875,386310,910870,110,0,411590,165925,27900,386310,1736420,489010,163530
515,43055,6691970,548035,0,710875,386310,910870,110,0,411590,165925,27900,386310,1736420,489010,163530
516,43055,6691970,548035,0,710875,386310,910870,110,0,411590,165925,27900,386310,1736420,489010,163530
517,43055,6691970,548035,0,710875,386310,910870,110,0,411590,165925,27900,386310,1736420,489010,163530
518,43055,6691970,548035,0,710875,386310,910870,110,0,411590,165925,27900,386310,1736420,489010,163530
519,43055,6691970,548035,0,710875,386310,910870,110,0,411590,165925,27900,386310,1736420,489010,163530
520,43055,6691970,548035,0,710875,386310,910870,110,0,411590,165925,27900,386310,1736420,489010,163530
521,43055,6691970,548035,0,710875,386310,910870,110,0,411590,165925,27900,386310,1736420,489010,163530
522,43055,6691970,548035,0,710875,386310,910870,110,0,411590,165925,27900,386310,1736420,489010,163530
523,43055,6691970,548035,0,710875,386310,910870,110,0,411590,165925,27900,386310,1736420,489010,163530
524,43055,6691970,548035,0,710875,386310,910870,110,0,411590,165925,27900,386310,1736420,489010,163530
525,43055,6691970,548035,0,710875,386310,910870,110,0,411590,165925,27900,386310,1736420,489010,163530
526,43055,6691970,548035,0,710875,386310,910870,110,0,411590,165925,27900,386310,1736420,489010,163530
527,43055,6691970,548035,0,710875,386310,910870,110,0,411590,165925,27900,386310,1736420,489010,163530
528,43055,6691970,548035,0,710875,386310,910870,110,0,411590,165925,27900,386310,1736420,489010,163530
529,43055,6691970,548035,0,710875,386310,910870,110,0,411590,165925,27900,386310,1736420,489010,163530
530,43055,6691970,548035,0,710875,386310,910870,110,0,411590,165925,27900,386310,1736420,489010,163530
531,43055,6691970,548035,0,710875,386310,910870,110,0,411590,165925,27900,386310,1736420,489010,163530
532,43055,6691970,548035,0,710875,386310,910870,110,0,411590,165925,27900,386310,1736420,489010,163530
533,43055,6691970,548035,0,710875,386310,910870,110,0,411590,165925,27900,386310,1736420,489010,163530
534,43055,6691970,548035,0,710875,386310,910870,110,0,411590,165925,27900,386310,1736420,489010,163530
535,43055,6691970,548035,0,710875,386310,910870,110,0,411590,165925,27900,386310,1736420,489010,163530
536,43055,6691970,548035,0,710875,386310,910870,110,0,411590,165925,27900,386310,1736420,489010,163530
537,43055,6691970,548035,0,710875,386310,910870,110,0,411590,165925,27900,386310,1736420,489010,163530
538,43055,6691970,548035,0,710875,386310,910870,110,0,411590,165925,27900,386310,1736420,489010,163530
539,43055,6691970,548035,0,710875,386310,910870,110,0,411590,165925,27900,386310,1736420,489010,163530
540,43055,6691970,548035,0,710875,386310,910870,110,0,411590,165925,27900,386310,1736420,489010,163530
541,43055,6691970,548035,0,710875,386310,910870,110,0,411590,165925,27900,386310,1736420,489010,163530
542,43055,6691970,548035,0,710875,386310,910870,110,0,411590,165925,27900,386310,1736420,489010,163530
543,43055,6691970,548035,0,710875,386310,910870,110,0,411590,165925,27900,386310,1736420,489010,163530
544,43055,6691970,548035,0,710875,386310,910870,110,0,411590,165925,27900,386310,1736420,489010,163530
545,43055,6691970,548035,0,710875,386310,910870,110,0,411590,165925,27900,386310,1736420,489010,163530
546,43055,6691970,548035,0,710875,386310,910870,110,0,411590,165925,27900,386310,1736420,489010,163530
547,43055,6691970,548035,0,710875,386310,910870,110,0,411590,165925,27900,386310,1736420,489010,163530
548,43055,6691970,548035,0,710875,386310,910870,110,0,411590,165925,27900,386310,1736420,489010,163530
549,43055,6691970,548035,0,710875,386310,910870,110,0,411590,165925,27900,386310,1736420,489010,163530
550,43055,6691970,548035,0,710875,386310,910870,110,0,411590,165925,27900,386310,1736420,489010,163530
551,43055,6691970,548035,0,710875,386310,910870,110,0,411590,165925,27900,386310,1736420,489010,163530
552,43055,6691970,548035,0,710875,386310,910870,110,0,411590,165925,27900,386310,1736420,489010,163530
553,43055,6691970,548035,0,710875,386310,910870,110,0,411590,165925,27900,386310,1736420,489010,163530
554,43055,6691970,548035,0,710875,386310,910870,110,0,411590,165925,27900,386310,1736420,489010,163530
555,43055,6691970,548035,0,710875,386310,910870,110,0,411590,165925,27900,386310,1736420,489010,163530
556,43055,6691970,548035,0,710875,386310,910870,110,0,411590,165925,27900,386310,1736420,489010,163530
557,43055,6691970,548035,0,710875,386310,910870,110,0,411590,165925,27900,386310,1736420,489010,163530
558,43055,6691970,548035,0,710875,386310,910870,110,0,411590,165925,27900,386310,1736420,489010,163530
559,43055,6691970,548035,0,710875,386310,910870,110,0,411590,165925,27900,386310,1736420,489010,163530
560,43055,6691970,548035,0,710875,386310,910870,110,0,411590,165925,27900,386310,1736420,489010,163530
561,43055,6691970,548035,0,710875,386310,910870,110,0,411590,165925,27900,386310,1736420,489010,163530
562,43055,6691970,548035,0,710875,386310,910870,110,0,411590,165925,27900,386310,1736420,489010,163530
563,43055,6691970,548035,0,710875,386310,910870,110,0,411590,165925,27900,386310,1736420,489010,163530
564,43055,6691970,548035,0,710875,386310,910870,110,0,411590,165925,27900,386310,1736420,489010,163530
565,43055,6691970,548035,0,710875,386310,910870,110,0,411590,165925,27900,386310,1736420,489010,163530
566,43055,6691970,548035,0,710875,386310,910870,110,0,411590,165925,27900,386310,1736420,489010,163530
567,43055,6691970,548035,0,710875,386310,910870,110,0,411590,165925,27900,386310,1736420,489010,163530
568,43055,6691970,548035,0,710875,386310,910870,110,0,411590,165925,27900,386310,1736420,489010,163530
569,43055,6691970,548035,0,710875,386310,910870,110,0,411590,165925,27900,386310,1736420,489010,163530
570,43055,6691970,548035,0,710875,386310,910870,110,0,411590,165925,27900,386310,1736420,489010,163530
571,43055,6691970,548035,0,710875,386310,910870,110,0,411590,165925,27900,386310,1736420,489010,163530
572,43055,6691970,548035,0,710875,386310,910870,110,0,411590,165925,27900,386310,1736420,489010,163530
573,43055,6691970,548035,0,710875,386310,910870,110,0,411590,165925,27900,386310,1736420,489010,163530
574,43055,6691970,548035,0,710875,386310,910870,110,0,411590,165925,27900,386310,1736420,489010,163530
575,43055,6691970,548035,0,710875,386310,910870,110,0,411590,165925,27900,386310,1736420,489010,163530
576,43055,6691970,548035,0,710875,386310,910870,110,0,411590,165925,27900,386310,1736420,489010,163530
577,43055,6691970,548035,0,710875,386310,910870,110,0,411590,165925,27900,386310,1736420,489010,163530
578,43055,6691970,548035,0,710875,386310,910870,110,0,411590,165925,27900,386310,1736420,489010,163530
579,43055,6691970,548035,0,710875,386310,910870,110,0,411590,165925,27900,386310,1736420,489010,163530
580,43055,6691970,548035,0,710875,386310,910870,110,0,411590,165925,27900,386310,1736420,489010,163530
581,43055,6691970,548035,0,710875,386310,910870,110,0,411590,165925,27900,386310,1736420,489010,163530
582,43055,6691970,548035,0,710875,386310,910870,110,0,411590,165925,27900,386310,1736420,489010,163530
583,43055,6691970,548035,0,710875,386310,910870,110,0,411590,165925,27900,386310,1736420,489010,163530
584,43055,6691970,548035,0,710875,386310,910870,110,0,411590,165925,27900,386310,1736420,489010,163530
585,43055,6691970,548035,0,710875,386310,910870,110,0,411590,165925,27900,386310,1736420,489010,163530
586,43055,6691970,548035,0,710875,386310,910870,110,0,411590,165925,27900,386310,1736420,489010,163530
587,43055,6691970,548035,0,710875,386310,910870,110,0,411590,165925,27900,386310,1736420,489010,163530
588,43055,6691970,548035,0,710875,386310,910870,110,0,411590,165925,27900,386310,1736420,489010,163530
589,43055,6691970,548035,0,710875,386310,910870,110,0,411590,165925,27900,386310,1736420,489010,163530
590,43055,6691970,548035,0,710875,386310,910870,110,0,411590,165925,27900,386310,1736420,489010,163530
591,43055,6691970,548035,0,710875,386310,910870,110,0,411590,165925,27900,386310,1736420,489010,163530
592,43055,6691970,548035,0,710875,386310,910870,110,0,411590,165925,27900,386310,1736420,489010,163530
593,43055,6691970,548035,0,710875,386310,910870,110,0,411590,165925,27900,386310,1736420,489010,163530
594,43055,6691970,548035,0,710875,386310,910870,110,0,411590,165925,27900,386310,1736420,489010,163530
595,43055,6691970,548035,0,710875,386310,910870,110,0,411590,165925,27900,386310,1736420,489010,163530
596,43055,6691970,548035,0,710875,386310,910870,110,0,411590,165925,27900,386310,1736420,489010,163530
597,43055,6691970,548035,0,710875,386310,910870,110,0,411590,165925,27900,386310,1736420,489010,163530
598,43055,6691970,548035,0,710875,386310,910870,110,0,411590,165925,27900,386310,1736420,489010,163530
599,43055,6691970,548035,0,710875,386310,910870,110,0,411590,165925,27900,386310,1736420,489010,163530
600,43055,6691970,548035,0,710875,386310,910870,110,0,411590,165925,27900,386310,1736420,489010,163530
601,43055,6691970,548035,0,710875,386310,910870,110,0,411590,165925,27900,386310,1736420,489010,163530
602,43055,6691970,548035,0,710875,386310,910870,110,0,411590,165925,27900,386310,1736420,489010,163530
603,43055,6691970,548035,0,710875,386310,910870,110,0,411590,165925,27900,386310,1736420,489010,163530
604,43055,6691970,548035,0,710875,386310,910870,110,0,411590,165925,27900,386310,1736420,489010,163530
605,43055,6691970,548035,0,710875,386310,910870,110,0,411590,165925,27900,386310,1736420,489010,163530
606,43055,6691970,548035,0,710875,386310,910870,110,0,411590,165925,27900,386310,1736420,489010,163530
607,43055,6691970,548035,0,710875,386310,910870,110,0,411590,165925,27900,386310,1736420,489010,163530
608,43055,6691970,548035,0,710875,386310,910870,110,0,411590,165925,27900,386310,1736420,489010,163530
609,43055,6691970,548035,0,710875,386310,910870,110,0,411590,165925,27900,386310,1736420,489010,163530
610,43055,6691970,548035,0,710875,386310,910870,110,0,411590,165925,27900,386310,1736420,489010,163530
611,43055,6691970,548035,0,710875,386310,910870,110,0,411590,165925,27900,386310,1736420,489010,163530
612,43055,6691970,548035,0,710875,386310,910870,110,0,411590,165925,27900,386310,1736420,489010,163530
613,43055,6691970,548035,0,710875,386310,910870,110,0,411590,165925,27900,386310,1736420,489010,163530
614,43055,6691970,548035,0,710875,386310,910870,110,0,411590,165925,27900,386310,1736420,489010,163530
615,43055,6691970,548035,0,710875,386310,910870,110,0,411590,165925,27900,386310,1736420,489010,163530
616,43055,6691970,548035,0,710875,386310,910870,110,0,411590,165925,27900,386310,1736420,489010,163530
617,43055,6691970,548035,0,710875,386310,910870,110,0,411590,165925,27900,386310,1736420,489010,163530
618,43055,6691970,548035,0,710875,386310,910870,110,0,411590,165925,27900,386310,1736420,489010,163530
619,43055,6691970,548035,0,710875,386310,910870,110,0,411590,165925,27900,386310,1736420,489010,163530
620,43055,6691970,548035,0,710875,386310,910870,110,0,411590,165925,27900,386310,1736420,489010,163530
621,43055,6691970,548035,0,710875,386310,910870,110,0,411590,165925,27900,386310,1736420,489010,163530
622,43055,6691970,548035,0,710875,386310,910870,110,0,411590,165925,27900,386310,1736420,489010,163530
623,43055,6691970,548035,0,710875,386310,910870,110,0,411590,165925,27900,386310,1736420,489010,163530
624,43055,6691970,548035,0,710875,386310,910870,110,0,411590,165925,27900,386310,1736420,489010,163530
625,43055,6691970,548035,0,710875,386310,910870,110,0,411590,165925,27900,386310,1736420,489010,163530
626,43055,6691970,548035,0,710875,386310,910870,110,0,411590,165925,27900,386310,1736420,489010,163530
627,43055,6691970,548035,0,710875,386310,910870,110,0,411590,165925,27900,386310,1736420,489010,163530
628,43055,6691970,548035,0,710875,386310,910870,110,0,411590,165925,27900,386310,1736420,489010,163530
629,43055,6691970,548035,0,710875,386310,910870,110,0,411590,165925,27900,386310,1736420,489010,163530
630,43055,6691970,548035,0,710875,386310,910870,110,0,411590,165925,27900,386310,1736420,489010,163530
631,43055,6691970,548035,0,710875,386310,910870,110,0,411590,165925,27900,386310,1736420,489010,163530
632,43055,6691970,548035,0,710875,386310,910870,110,0,411590,165925,27900,386310,1736420,489010,163530
633,43055,6691970,548035,0,710875,386310,910870,110,0,411590,165925,27900,386310,1736420,489010,163530
634,43055,6691970,548035,0,710875,386310,910870,110,0,411590,165925,27900,386310,1736420,489010,163530
635,43055,6691970,548035,0,710875,386310,910870,110,0,411590,165925,27900,386310,1736420,489010,163530
636,43055,6691970,548035,0,710875,386310,910870,110,0,411590,165925,27900,386310,1736420,489010,163530
637,43055,6691970,548035,0,710875,386310,910870,110,0,411590,165925,27900,386310,1736420,489010,163530
638,43055,6691970,548035,0,710875,386310,910870,110,0,411590,165925,27900,386310,1736420,489010,163530
639,43055,6691970,548035,0,710875,386310,910870,110,0,411590,165925,27900,386310,1736420,489010,163530
640,43055,6691970,548035,0,710875,386310,910870,110,0,411590,165925,27900,386310,1736420,489010,163530
641,43055,6691970,548035,0,710875,386310,910870,110,0,411590,165925,27900,386310,1736420,489010,163530
642,43055,6691970,548035,0,710875,386310,910870,110,0,411590,165925,27900,386310,1736420,489010,163530
643,43055,6691970,548035,0,710875,386310,910870,110,0,411590,165925,27900,386310,1736420,489010,163530
644,43055,6691970,548035,0,710875,386310,910870,110,0,411590,165925,27900,386310,1736420,489010,163530
645,43055,6691970,548035,0,710875,386310,910870,110,0,411590,165925,27900,386310,1736420,489010,163530
646,43055,6691970,548035,0,710875,386310,910870,110,0,411590,165925,27900,386310,1736420,489010,163530
647,43055,6691970,548035,0,710875,386310,910870,110,0,411590,165925,27900,386310,1736420,489010,163530
648,43055,6691970,548035,0,710875,386310,910870,110,0,411590,165925,27900,386310,1736420,489010,163530
649,43055,6691970,548035,0,710875,386310,910870,110,0,411590,165925,27900,386310,1736420,489010,163530
650,43055,6691970,548035,0,710875,386310,910870,110,0,411590,165925,27900,386310,1736420,489010,163530
651,43055,6691970,548035,0,710875,386310,910870,110,0,411590,165925,27900,386310,1736420,489010,163530
652,43055,6691970,548035,0,710875,386310,910870,110,0,411590,165925,27900,386310,1736420,489010,163530
653,43055,6691970,548035,0,710875,386310,910870,110,0,411590,165925,27900,386310,1736420,489010,163530
654,43055,6691970,548035,0,710875,386310,910870,110,0,411590,165925,27900,386310,1736420,489010,163530
655,43055,6691970,548035,0,710875,386310,910870,110,0,411590,165925,27900,386310,1736420,489010,163530
656,43055,6691970,548035,0,710875,386310,910870,110,0,411590,165925,27900,386310,1736420,489010,163530
657,43055,6691970,548035,0,710875,386310,910870,110,0,411590,165925,27900,386310,1736420,489010,163530
658,43055,6691970,548035,0,710875,386310,910870,110,0,411590,165925,27900,386310,1736420,489010,163530
659,43055,6691970,548035,0,710875,386310,910870,110,0,411590,165925,27900,386310,1736420,489010,163530
660,43055,6691970,548035,0,710875,386310,910870,110,0,411590,165925,27900,386310,1736420,489010,163530
661,43055,6691970,548035,0,710875,386310,910870,110,0,411590,165925,27900,386310,1736420,489010,163530
662,43055,6691970,548035,0,710875,386310,910870,110,0,411590,165925,27900,386310,1736420,489010,163530
663,43055,6691970,548035,0,710875,386310,910870,110,0,411590,165925,27900,386310,1736420,489010,163530
664,43055,6691970,548035,0,710875,386310,910870,110,0,411590,165925,27900,386310,1736420,489010,163530
665,43055,6691970,548035,0,710875,386310,910870,110,0,411590,165925,27900,386310,1736420,489010,163530
666,43055,6691970,548035,0,710875,386310,910870,110,0,411590,165925,27900,386310,1736420,489010,163530
667,43055,6691970,548035,0,710875,386310,910870,110,0,411590,165925,27900,386310,1736420,489010,163530
668,43055,6691970,548035,0,710875,386310,910870,110,0,411590,165925,27900,386310,1736420,489010,163530
669,43055,6691970,548035,0,710875,386310,910870,110,0,411590,165925,27900,386310,1736420,489010,163530
670,43055,6691970,548035,0,710875,386310,910870,110,0,411590,165925,27900,386310,1736420,489010,163530
671,43055,6691970,548035,0,710875,386310,910870,110,0,411590,165925,27900,386310,1736420,489010,163530
